flowday,sp_ERCOT,sp_GKS,w_tot,netload,eve_ERCOT,eve_GKS
2021-08-03,-23.647083333333338,,1004.35,51559.22166666667,-80.1765,
2021-08-15,14.278750000000002,,1450.7,50526.61000000001,19.974,
2021-08-29,-4.377083333333335,,1350.495,51760.69166666667,12.546,
2021-09-18,0.37041666666666845,,1357.9066666666668,51869.08833333334,27.910500000000003,
2021-09-19,-5.874583333333331,,3220.146666666667,49204.885,2.8425,
2022-08-24,-0.1983333333333377,,1895.97,49120.06,18.513999999999996,
2022-08-26,0.8950000000000031,,1306.7666666666667,54089.09333333333,22.213,
2022-09-06,-77.01458333333333,,1431.5533333333333,50291.85166666666,-189.4945,
2022-09-08,27.608333333333338,,1067.165,49837.59166666667,54.8765,
2022-09-09,9.245416666666669,,1873.8883333333333,48701.475,24.477999999999998,
2022-09-22,51.742916666666666,,1939.2083333333333,52400.75,149.827,
2023-08-16,62.29,,4569.86,52348.611666666664,932.8545,
2023-08-31,14.591666666666669,,1660.7466666666667,54934.06333333333,72.75450000000001,
2023-09-01,39.73458449045817,,2877.36,53874.706666666665,167.5005027770996,
2023-09-02,23.117085138956707,,1749.8066666666666,52788.845,148.22749557495118,
2023-09-13,-2.1979166666666665,,1736.33,51869.07499999999,16.835499572753907,
2023-09-26,0.656666119893392,,832.7816666666668,52910.15166666667,72.77499847412109,
2023-09-27,25.225417455037434,,2508.0333333333333,52667.165,251.37349967956544,
2024-07-06,-20.992083231608074,-486.05665334065753,1418.0383333333332,48692.23500000001,12.112499237060547,-118.35399703979492
2024-07-19,2.227083683013916,28.822500864664715,2082.6516666666666,47823.775,-2.1225013732910156,13.924499893188477
2024-07-26,2.000415802001953,2.270416577657064,2645.46,43462.121666666666,7.361000061035156,7.153499603271484
2024-09-30,-6.7970835367838545,-1.344584306081136,1028.4483333333335,42800.975,-25.78449935913086,-15.049000549316407
2025-07-30,12.264583269755045,15.819166501363119,2638.1316666666667,45286.53333333333,113.39849891662598,56.24400024414062
2025-08-24,-4.024999936421712,-6.652916590372722,2093.7466666666664,45313.26833333333,-18.355499267578125,2.052999496459961
2025-09-03,1.8975000381469727,-4.388333002726237,1410.1899999999998,43690.28666666667,-3.0899986267089843,-11.64600067138672
2025-09-29,-4.437500953674316,-1.7604166666666667,1568.8366666666668,40790.34666666667,-6.3439994812011715,-13.365998840332031
2025-09-30,1.586666425069173,2.420416514078776,1587.0633333333335,40429.70166666667,10.87249755859375,0.08000106811523437
2025-10-02,-5.864583333333333,-6.636666933695476,1852.675,41764.515,3.7030014038085937,13.186500549316406
2026-07-21,5.6575009028116865,-2.8312501907348633,1722.2383333333335,44415.71666666667,30.922501373291016,-5.459499359130859
2026-08-02,4.893332481384277,10.56583309173584,1656.6599999999999,40417.135,23.359000778198244,29.442498397827148
2026-08-08,-14.770833969116211,-5.25166670481364,3245.0716666666667,43985.68166666667,-23.109000396728515,5.657000541687012
2026-08-17,1.1966670354207356,0.2566671371459961,2693.8883333333333,44735.255000000005,-49.08350448608398,14.127000045776366
2026-08-23,-4.421249707539876,-1.1562487284342449,3499.3566666666666,44899.865,-70.74550170898438,-68.39450225830078
