set,block,node,n_day,n_hr,mean,win_mean,median,pct_pos,p10,p90
RULE,mid HE11-16,ERCOT,21,126,31.166250180441235,25.653794605467052,5.59999942779541,76.19047619047619,-3.856249618530274,83.85874999999999
RULE,mid HE11-16,GKS,21,72,1.7065974871317546,2.6849861039055716,3.05625057220459,66.66666666666666,-12.074749755859374,20.969500541687008
RULE,eve HE17-21,ERCOT,21,105,126.91792870948429,160.84463274594262,19.2025,77.14285714285715,-50.36253967285156,665.6065000000009
RULE,eve HE17-21,GKS,21,60,-59.727459239959714,-0.6531798378626529,6.7324981689453125,58.333333333333336,-59.67924880981444,39.27749958038331
RULE,all 24h,ERCOT,21,504,35.56490085140107,22.62784383206139,2.142500877380371,64.28571428571429,-6.223000000000001,50.69900137329097
RULE,all 24h,GKS,21,288,-12.428975929816565,1.8383523755603335,1.4462499618530273,60.06944444444444,-10.265001869201656,22.19699974060059
NN25,mid HE11-16,ERCOT,25,150,17.18978354085286,15.854386752929662,2.6312500000000014,67.33333333333333,-6.762248420715332,62.116
NN25,mid HE11-16,GKS,25,78,1.4841989859556541,2.7602242494240774,1.8112497329711914,60.256410256410255,-8.766751480102538,16.30074806213379
NN25,eve HE17-21,ERCOT,25,125,32.63290037719727,31.535052867431624,10.042500000000004,69.6,-59.07902679443359,302.5735063476564
NN25,eve HE17-21,GKS,25,65,-66.52661605248085,-10.210139036912183,-1.1699981689453125,47.69230769230769,-54.88350067138672,28.869499206542972
NN25,all 24h,ERCOT,25,600,11.732991777801518,8.889585348383564,1.0337496566772462,57.99999999999999,-9.18699990844726,36.586250000000064
NN25,all 24h,GKS,25,312,-13.594887929084974,-0.5574808426392395,0.6049985885620117,54.48717948717948,-12.355003356933592,13.06475200653078
BASE JulOct,mid HE11-16,ERCOT,692,4140,4.041859936388525,4.970950579385783,2.7074995040893555,66.08695652173913,-8.112000106811522,20.99774999999999
BASE JulOct,mid HE11-16,GKS,692,1908,0.32100106563040326,1.8977023010517018,1.5074996948242188,59.538784067085956,-8.791750144958495,13.602250480651854
BASE JulOct,eve HE17-21,ERCOT,692,3450,14.500988463133158,16.813900478509538,8.868749618530273,73.21739130434783,-23.264498519897447,69.97700214385985
BASE JulOct,eve HE17-21,GKS,692,1590,1.4484355390976833,3.8247168966589506,3.8812484741210938,63.0188679245283,-17.20799913406372,25.306251716613808
BASE JulOct,all 24h,ERCOT,692,16560,3.9966260813593824,3.639978467109752,1.4550000000000018,59.776570048309175,-8.735250549316406,19.100750000000005
BASE JulOct,all 24h,GKS,692,7632,0.18284492917934606,1.3688273456990736,0.7049989700317383,55.96174004192872,-8.003999710083008,12.421000480651864
BASE Sep,mid HE11-16,ERCOT,165,978,0.3215568936992521,3.0625239027853146,2.000000457763676,64.31492842535788,-5.778250000000002,14.478250000000005
BASE Sep,mid HE11-16,GKS,165,438,1.0302682238243963,1.337348749855167,1.2362489700317383,59.1324200913242,-8.059500408172607,10.303251266479492
BASE Sep,eve HE17-21,ERCOT,165,815,-8.404757351693931,7.750581511355907,6.767499999999998,70.30674846625767,-18.697000885009764,37.244000000000014
BASE Sep,eve HE17-21,GKS,165,365,0.6792807812560094,1.5371299603540605,3.292501449584961,60.82191780821918,-20.23349838256836,18.08049888610841
BASE Sep,all 24h,ERCOT,165,3912,-1.7793180182615222,2.1781212418897216,1.0612497329711914,58.282208588957054,-7.557499999999996,13.973998546600344
BASE Sep,all 24h,GKS,165,1752,0.35850169917049746,0.8625234050731493,0.6100006103515625,55.70776255707762,-7.174752807617187,10.316250133514405
