node,net_revenue,offer_revenue,bid_revenue,days_active,total_offer_mw,total_bid_mw,hsl,rank
RRANCHES_ALL,1128792.5215399999,1135322.8690399996,-6530.347500000002,184.0,9919.1,-88937.2,150.0,1
EBNY_ESS_RN,816804.1605,816289.0109999999,515.1494999999999,184.0,6248.4,-859.7,200.0,2
BLVN_RN,440411.72449999995,447351.343,-6939.6185,182.0,172625.6,-4644.0,180.0,3
SG_BES_BESS1,391101.91404999996,378775.5598,12326.35425,184.0,13905.8,-29713.7,100.0,4
RADN_SLR_ALL,311638.27074,281372.58223999996,30265.688499999997,183.0,28133.6,-47220.0,81.9,5
BCK_RN,279733.227,290530.22949999996,-10797.002499999999,183.0,183329.80000000002,-4441.6,126.5,6
GIGA_ESS_RN,248129.88124999998,254022.09624999997,-5892.215,183.0,5462.7,-10123.3,125.0,7
PALACIOS_RN,217248.77980000002,218662.06305000003,-1413.2832500000004,184.0,28079.9,-2801.6,4.0,8
CORALSLR_ALL,211629.84324999998,226056.64775,-14426.804500000002,184.0,125282.90000000001,-4240.7,51.4,9
CROSSETT_ALL,170308.29845,173029.139,-2720.8405499999985,184.0,5366.7,-22463.800000000003,100.0,10
TBWF_ES_BES1,163786.68775,154389.55675000002,9397.131000000001,184.0,2335.7,-1376.3999999999999,150.0,11
MUSTNGCK_ALL,156411.95028999998,152064.0815,4347.8687899999995,184.0,15551.400000000001,-7629.0,71.0,12
FIVEWSLR_ALL,126356.00869999999,116067.79470000001,10288.214,183.0,96240.79999999999,-2373.5,220.0,13
SUNVASLR_ALL,116839.862,108914.81155,7925.05045,184.0,40213.1,-6070.9,53.3,14
BATCAVE_RN,115669.98595,82896.22745,32773.758499999996,184.0,50762.600000000006,-6909.2,100.5,15
VORT_ALL_RN,109333.64938,106813.14988,2520.4994999999994,184.0,70580.4,-2747.0,121.8,16
FLOWERII_RN,107609.30625,105678.80374999999,1930.5024999999969,184.0,6060.8,-21429.1,95.0,17
ROSELAND_ALL,105584.9923,116460.0273,-10875.035000000002,184.0,78450.40000000001,-10651.5,50.0,18
RN_SOLC_SLR,100525.65,87672.23875,12853.411250000001,137.0,41237.7,-2989.1,160.0,19
PHO_ALL,90886.78625,89957.7235,929.06275,178.0,8129.4,-2419.2,150.0,20
DAN_ALL,80911.48425000001,93162.89325,-12251.408999999998,182.0,9395.1,-2981.8,76.3,21
EUNICE_ALL,78327.6422,101054.12932999998,-22726.48713,184.0,82380.5,-25073.9,18.0,22
ANCHOR_ALL,71524.662,68755.7665,2768.8955000000014,184.0,54136.0,-11661.0,36.3,23
HOUSEMTN_RN,69372.58965,65174.31155,4198.2780999999995,184.0,4153.5,-15340.0,60.0,24
BEXAR_ES_RN,67098.40525,73712.90125000002,-6614.496,183.0,171799.0,-2596.9,100.0,25
MUENSTER_RN,64572.488249999995,55520.7655,9051.722749999999,183.0,9726.2,-2733.4,9.9,26
ANG_ALL,62682.276,34635.092499999984,28047.183500000003,184.0,144166.6,-10521.6,100.0,27
ZIER_SLR_ALL,62366.452000000005,60362.82200000001,2003.6299999999937,183.0,44104.2,-35642.3,40.0,28
NF_BRP_RN,61582.175950000004,4625.224249999999,56956.95169999999,184.0,7962.0,-11757.6,100.5,29
RHESS2_ESS1,44103.08875,-8988.286,53091.37475,184.0,11882.7,-21475.7,9.9,30
HV_BESS1_RN,41468.32167,39971.11875,1497.20292,184.0,22093.100000000002,-1523.4,9.9,31
RRC_WIND_ALL,40845.24127,25843.12552,15002.11575,184.0,30944.3,-2167.8999999999996,75.0,32
STADIUM_RN,38942.133499999996,17625.66775,21316.46575,160.0,9656.199999999999,-4043.7000000000003,9.9,33
JADE_SLR_ALL,34811.35651,39360.13051,-4548.774000000001,184.0,39122.200000000004,-4873.0,81.9,34
WOV_BESS_RN,34378.6715,1392.7602500000012,32985.911250000005,183.0,18244.5,-18752.0,9.9,35
AZURE_RN,33088.19496,39261.368709999995,-6173.173749999998,184.0,13953.3,-5493.6,77.6,36
SHEEPCRK_1,32280.192779999998,34101.52553,-1821.3327500000007,184.0,23683.3,-3288.5,135.0,37
NOBLESLR_ALL,29932.0922,41785.05379999998,-11852.9616,184.0,243972.80000000002,-12735.1,62.5,38
INRT_W_ALL,28741.49208,30046.659080000005,-1305.1670000000001,184.0,13851.4,-2248.5,13.0,39
BLSMT1_5_A_6,26148.694119999996,26883.33312,-734.6390000000009,183.0,30269.300000000003,-4602.200000000001,150.0,40
TORR_ALL,25915.487250000002,25245.289500000014,670.1977500000013,184.0,80707.8,-14189.7,0.0,41
MYR_ALL,25076.884,17265.5,7811.384000000001,179.0,4593.5,-1978.4,75.6,42
RN_QTUM_SLR,21960.095749999997,21570.180749999996,389.9150000000001,96.0,14010.1,-207.0,160.0,43
MIDWY_RN,20762.04263,14.38855000000001,20747.65408,183.0,657.5,-20518.5,6.0,44
BRP_PBL2_RN,20089.47725,-1501.66725,21591.144500000002,66.0,145.0,-963.8,10.0,45
BYP_RN,20053.350499999993,-12886.102250000004,32939.45275,140.0,42839.3,-53326.2,200.0,46
POTSVIL_RN,19043.37303,13312.689000000004,5730.6840299999985,183.0,15882.8,-27875.8,9.9,47
PYR_PYRON1,18116.513750000002,27223.152749999997,-9106.639,184.0,16402.9,-1938.0,15.1,48
BRP_RN_UNIT1,16971.60425,13222.162499999999,3749.441750000001,184.0,14884.5,-3675.0,10.0,49
FLVABES1_ESR,15444.922250000003,12990.413499999999,2454.508750000001,184.0,1320.8,-2581.6,9.9,50
FENCESLR_ALL,15241.673429999999,14145.75175,1095.92168,183.0,5715.1,-6476.700000000001,71.0,51
FORTMA_RN,14787.426290000003,12731.755250000004,2055.6710399999997,182.0,22847.2,-1089.3,9.8,52
MEDILA_RN,14235.147070000019,12508.929069999995,1726.2180000000005,182.0,17338.8,-1368.5,9.9,53
KNAPP_RN,14080.130999999996,4064.7242499999998,10015.406749999998,180.0,6475.4,-12493.0,0.0,54
TRIPBUT1_RN,13062.028999999999,12861.80875,200.2202499999994,184.0,1694.5,-13696.8,7.5,55
BCNV_RN,12759.89797,6583.424750000001,6176.47322,79.0,1780.4,-1332.3,150.0,56
X443ESRN,12088.49166,10887.712410000002,1200.77925,180.0,4489.400000000001,-825.5,10.0,57
LON_RN1,11453.16875,9256.239749999999,2196.929,184.0,5428.299999999999,-1890.0,174.0,58
BLUEJAY_RN,9973.84475,12574.41625,-2600.5714999999996,184.0,40398.4,-9089.8,50.0,59
IND_INADALE1,9904.839,10697.83225,-792.9932499999983,184.0,7794.8,-3577.6,9.9,60
CAST_ESS_RN,9874.644250000001,381.594,9493.05025,91.0,102.6,-665.4,200.0,61
PIRATE_RN,9626.041000000003,6593.637249999999,3032.4037500000004,182.0,22518.7,-1800.8,9.8,62
LYSSY_RN,9586.27575,9116.166500000003,470.10925,182.0,21150.800000000003,-2142.8,9.9,63
BUDA_RN,9269.89025,197.49450000000004,9072.39575,148.0,5032.2,-2795.3,0.0,64
BOCO_ESS_RN,9053.2065,6833.164500000001,2220.0420000000004,184.0,3662.2,-3570.1000000000004,150.0,65
CROSSTRL_RN,8352.1042,108.8092000000006,8243.295,183.0,2564.3999999999996,-5819.4,57.0,66
JDKNS_RN,7882.426920000001,4633.17,3249.2569200000007,184.0,2203.0,-21610.7,9.9,67
JC_BAT_RN,7874.838999999999,7069.50775,805.3312499999998,177.0,3680.8,-322.4,1.7,68
BKSL_RN,7381.031,7698.72575,-317.6947500000001,183.0,2999.1000000000004,-5216.0,100.0,69
SWOOSE1_U1,6128.38465,11028.6218,-4900.23715,184.0,1881.1,-3088.7000000000003,9.9,70
ANDMDSLR_ALL,5350.973030000003,11624.11503,-6273.141999999999,183.0,12235.6,-4067.7,81.9,71
ESCONDID_ESR,5280.057,-1119.0295,6399.0865,181.0,409.59999999999997,-3643.6000000000004,0.0,72
LUCKYBLU_RN,5270.04575,2169.5069999999996,3100.53875,167.0,3671.3999999999996,-7395.400000000001,100.0,73
GZ_RN,5103.285169999999,5638.056419999999,-534.7712499999996,182.0,20069.0,-1025.1,9.9,74
SWT_BESS_RN,4598.228790000001,4530.588500000001,67.64028999999982,183.0,10157.9,-5568.4,9.9,75
SLCN_ESS_ALL,4586.850250000001,868.8930000000005,3717.9572500000004,183.0,2095.2,-3469.2,50.0,76
RVRVLYS_ALL,4346.284499999995,5845.127749999998,-1498.8432499999994,180.0,6669.0,-1112.4,50.0,77
ARY_BESS_RN,3899.84275,-333.79249999999996,4233.63525,108.0,133.0,-3514.4,0.0,78
AMAD_ESS_RN,3540.9300000000003,2794.55325,746.37675,109.0,846.3,-1145.6,100.0,79
BRP_BRAZ_RN,3455.8378999999995,3178.4236499999997,277.4142499999999,105.0,448.4,-716.4,10.0,80
BRP_SWNY_RN,3108.4535000000005,3171.262250000001,-62.80874999999999,70.0,201.7,-147.5,10.0,81
DIBOL_RN,3089.9269999999997,294.1977499999998,2795.7292500000003,155.0,465.90000000000003,-1095.7,9.9,82
SGSA_DGR,2962.0122499999998,-136.40050000000002,3098.4127499999995,150.0,59.3,-2226.1,9.9,83
MV_VALV4_RN,2497.158050000001,-328.90949999999975,2826.0675499999998,181.0,3076.1,-3553.1000000000004,9.9,84
LMO_ESR_RN,2496.5710000000004,-496.04849999999993,2992.6195000000002,184.0,410.5,-2461.7,100.0,85
MIDP_SLR_RN,2304.7839999999997,1564.0907499999992,740.69325,181.0,2837.7,-1172.6,50.9,86
TANZ_ESS_RN,2179.3497600000005,714.0117500000001,1465.33801,170.0,796.3,-2539.2000000000003,128.8,87
JAR_RN,2145.3724999999995,2810.5817500000003,-665.2092500000001,181.0,1224.5,-2835.8,156.0,88
ELMCRK_RN,2143.21925,941.9449999999998,1201.2742499999997,108.0,1761.6,-4554.0,9.9,89
CNTRY_RN,1993.8364999999994,-3850.4092499999997,5844.24575,171.0,1584.3000000000002,-2436.2,9.8,90
LONESTAR_RN,1990.4655500000013,16.981300000000108,1973.4842500000013,169.0,122.69999999999999,-2234.7,9.9,91
POTEETS_RN,1973.53175,2030.7455000000004,-57.21374999999989,181.0,3807.8,-2596.4,9.9,92
OLNEYTN_RN,1800.6220000000012,-3486.678499999999,5287.3005,178.0,3702.8999999999996,-2011.4,9.9,93
ANOL_ESS_RN,1590.4385000000002,569.8625,1020.576,167.0,943.5,-6971.0,240.0,94
TYNAN_RN,1524.1115000000004,1389.4677500000003,134.64375000000018,167.0,1933.7,-1190.9,9.9,95
PLATINUM_RN,1389.7469999999998,834.2559999999999,555.4909999999999,133.0,471.3,-949.2,151.7,96
PINEFRST_RN,1345.4720499999992,1988.8417999999988,-643.3697500000003,169.0,2481.5,-3189.1000000000004,200.0,97
BRP_DIKN_RN,1332.8550899999973,981.6962499999977,351.15883999999994,182.0,7028.1,-1497.3,9.9,98
N_AL_BESS_RN,1302.9379499999995,-1691.19725,2994.1351999999997,178.0,990.7,-1436.5,9.9,99
HEADCAMP_RN,1297.0240000000001,350.4149999999999,946.609,103.0,326.9,-791.3000000000001,150.0,100
RN_RHN_ESR,1060.2645000000002,-226.62924999999998,1286.8937500000002,105.0,174.9,-483.0,200.0,101
NCO_RN,971.1880000000002,1117.6147500000002,-146.42675000000008,152.0,1246.9,-350.1,38.8,102
W_HRL_ESR_RN,935.9406800000006,-3594.87777,4530.818449999999,179.0,1298.3000000000002,-2921.6,9.9,103
AVIL_ESS_RN,818.0622500000001,-719.5767500000001,1537.639,163.0,238.10000000000002,-701.5,160.0,104
TDWLPR_1_RN,797.8889999999999,-389.91699999999975,1187.8059999999998,104.0,1895.7,-1054.3,100.0,105
RN_BY_ESR1,762.5664999999999,-1197.9922499999998,1960.5587499999997,124.0,1038.7,-3377.3999999999996,9.9,106
ALP_BESS_RN,749.3907499999996,1636.8905,-887.49975,183.0,1646.4,-7667.3,100.3,107
TORT_ESS_RN,707.3337499999997,-526.95525,1234.289,151.0,590.2,-547.5,50.0,108
CARTWHL_RN,692.4132500000001,-701.1592500000003,1393.5725000000002,97.0,290.9,-2146.5,150.0,109
PAD1_ESS_RN,604.7752500000001,574.10325,30.672000000000022,107.0,215.9,-72.1,50.0,110
FRMR_BS2_RN1,601.7472499999998,-134.93225,736.6795,158.0,146.9,-301.3,9.9,111
CACH_ESS_RN,531.0464999999999,1068.18725,-537.14075,166.0,3150.7,-156.1,200.0,112
LANTANA_RN,470.75075000000004,-309.60525000000007,780.3560000000001,146.0,206.60000000000002,-851.8000000000001,9.9,113
LK_RN,445.24375,-1189.2920000000001,1634.5357500000002,37.0,305.79999999999995,-357.9,0.0,114
BLACKSPR_RN,407.9949999999998,-2623.082,3031.077,147.0,2070.3,-3517.2,120.0,115
GODY_SLR_RN,361.6735,318.18850000000003,43.485,87.0,127.2,-35.0,50.0,116
HRMS_SLR_RN,350.07750000000004,200.0375,150.04000000000005,12.0,2.0,-148.0,20.0,117
COYOTSPR_RN,231.6887499999999,1879.7377500000002,-1648.049,171.0,1235.2,-910.2,9.9,118
FERD_ESS_RN,203.31249999999994,1028.985,-825.6725000000001,14.0,116.0,-214.0,200.0,119
Z0_DGR2_RN,177.9625,167.3075,10.655,87.0,77.5,-4.0,9.9,120
GAIA_SLR_RN,105.7169999999999,716.6094999999999,-610.8925,107.0,339.6,-484.0,76.3,121
LOWR_ESS_RN,99.84224999999992,-2307.99275,2407.835,168.0,878.2,-4256.8,60.0,122
ESTONIAN_ALL,92.54675000000077,1625.6122500000001,-1533.0655,181.0,2805.5,-1974.0,101.6,123
CNTYRDS_RN,90.83900000000051,404.33825,-313.4992499999996,124.0,387.29999999999995,-14417.7,0.0,124
FALFUR_RN2,83.53575000000004,251.49350000000007,-167.95775,88.0,767.5,-44.8,9.8,125
PAVLOV_BT_RN,61.14799999999968,-1096.9705000000001,1158.1185,183.0,2245.5,-4228.700000000001,9.9,126
HDNLAKES_RN,53.66525000000003,-105.32349999999994,158.98875,36.0,108.3,-62.9,0.0,127
APPLE_RN,28.10999999999996,0.0,28.10999999999996,15.0,0.0,-60.0,0.0,128
SAH_RN,21.891499999999983,51.88399999999997,-29.992499999999993,27.0,18.3,-12.0,200.0,129
RN_PAD3_ESS,0.0,0.0,0.0,102.0,0.0,0.0,0.0,130
PAD2_ESS_RN,0.0,0.0,0.0,18.0,0.0,0.0,150.0,131
DRAK_ESS_RN,0.0,0.0,0.0,17.0,0.0,0.0,150.0,132
BIRD_ESR1,0.0,0.0,0.0,7.0,0.0,0.0,0.0,133
BCNV2_ES_RN,0.0,0.0,0.0,19.0,0.0,0.0,0.0,134
HNY_COMB_RN,0.0,0.0,0.0,77.0,0.0,0.0,61.5,135
HEN_RN,-2.1504999999999868,25.28700000000001,-27.437499999999996,88.0,22.200000000000003,-11.0,150.0,136
APPLE_ESR_RN,-30.069249999999997,221.33775,-251.40699999999998,89.0,34.2,-31.4,0.0,137
ELM_ST_RN2,-35.18350000000001,-15.5835,-19.6,84.0,12.9,-3.0,9.9,138
ALAMO_ST_RN,-38.55900000000003,-44.50150000000002,5.942499999999999,89.0,20.2,-64.0,9.9,139
ODESW_RN,-79.01169999999911,-14191.187700000004,14112.176000000003,182.0,3666.3,-26516.199999999997,10.0,140
LIGSW_RN,-88.50875000000002,274.5025,-363.0112499999996,176.0,606.9,-1602.6,9.8,141
BYRDR_ES_ALL,-112.58075000000002,-116.34250000000004,3.7617500000000064,129.0,107.2,-83.5,50.0,142
DESN_ESS_RN,-113.25499999999998,18.12749999999997,-131.38249999999996,30.0,15.4,-44.0,200.0,143
RBN_BESS1,-133.94275000000096,1568.7549999999999,-1702.69775,175.0,608.4,-1372.0,100.0,144
RTLSNAKE_BT,-166.8027499999999,272.1355,-438.9382500000001,167.0,314.5,-854.2,9.9,145
FRMRSVLW_RN,-199.16175000000004,-648.2360000000001,449.07425,174.0,522.7,-672.7,9.9,146
KEG_RN,-269.14,-302.50250000000005,33.36250000000003,86.0,99.0,-25.0,0.0,147
DA_BESS,-341.861,1417.47025,-1759.3312500000002,107.0,385.70000000000005,-1069.8,5.0,148
CEDRVALE_RN,-382.0869999999999,526.6935000000001,-908.7805,175.0,196.20000000000002,-1006.8000000000001,9.9,149
SLK_BESS_RN,-430.97775,-518.44525,87.46749999999999,30.0,132.9,-13.4,200.0,150
HLY_RN,-475.57479999999987,-1434.50425,958.9294500000001,176.0,891.9,-1905.8000000000002,102.2,151
WLTC_ESR_RN,-475.80225,238.91049999999996,-714.71275,112.0,304.90000000000003,-575.3,9.9,152
HARLIN_1_RN,-500.5037500000003,483.01324999999974,-983.5169999999998,127.0,4356.1,-2637.5,0.0,153
BAYC_BESS_RN,-551.4467500000001,-739.1395000000002,187.69275000000007,175.0,6371.700000000001,-408.1,9.9,154
CTW_RN,-606.5885499999995,1123.7146500000001,-1730.3032,179.0,2495.1,-1009.8,150.0,155
MYRY_ESR_RN,-680.98075,60.092750000000024,-741.0734999999999,172.0,430.1,-253.6,9.9,156
DA_BESS2,-701.0680000000001,-483.2525,-217.8155,74.0,262.4,-379.1,9.9,157
TURQ_BESS1,-733.3162499999995,-580.6114999999999,-152.70475000000008,130.0,416.1,-294.7,188.0,158
ABINDUST_RN,-779.989,668.0469999999999,-1448.0359999999996,142.0,677.9,-3130.4,9.9,159
ELM_ST_RN,-932.9844999999996,9.813000000000045,-942.7974999999997,123.0,92.5,-12446.1,0.0,160
OR_BESS_RN,-991.6830000000001,218.13249999999988,-1209.8155000000002,158.0,342.79999999999995,-484.6,9.9,161
BRPANGLE_RN,-1001.47,-167.99524999999971,-833.4747500000002,165.0,2769.2,-1254.3,10.0,162
TNFS_RN,-1044.8815,-1065.3490000000002,20.467499999999998,89.0,156.2,-5.0,9.9,163
DGFS_ESR_RN,-1140.9025,-466.7647500000001,-674.1377499999999,169.0,246.2,-540.5,75.0,164
EMPCT_RN,-1302.9490000000003,808.2972500000001,-2111.24625,174.0,712.3000000000001,-2183.7,9.9,165
PEARSALL_RN,-1320.90125,-1930.1115,609.2102500000001,146.0,1573.5,-546.5,9.9,166
MYRY_BES2_RN,-1344.93298,-980.3492299999999,-364.58374999999995,121.0,751.1999999999999,-658.7,9.9,167
ADL_RN,-1359.6080000000002,234.79200000000003,-1594.4000000000008,183.0,1628.6,-4851.6,60.0,168
HEARN_RD_RN,-1489.0554999999986,-2181.9707499999995,692.91525,178.0,18946.7,-765.4000000000001,9.8,169
CARA_ESS_RN,-1498.48,-150.8335,-1347.6465,91.0,79.9,-80.3,98.3,170
LYNX_ESS_RN,-1517.3122499999997,-1877.70175,360.38950000000006,40.0,555.6,-215.0,20.0,171
DKNS_ESS_RN,-1549.7179999999998,1316.7574999999997,-2866.4755,111.0,809.3,-1084.2,50.0,172
FAULKNER_RN,-1603.7811199999999,-429.23,-1174.55112,141.0,74.80000000000001,-1101.2,9.9,173
WR_RN,-1689.9255000000003,-648.232,-1041.6935,99.0,380.5,-144.2,9.9,174
NEDIN_RN,-1765.3304999999998,-1391.8807499999998,-373.4497500000001,117.0,518.6,-2001.1,0.0,175
ELZA_SLR_RN,-1841.1326999999999,-1921.4632500000005,80.33055000000024,179.0,1479.4,-1300.3000000000002,100.0,176
RIOG_ESR2_RN,-1896.03752,1413.6244800000004,-3309.662,171.0,939.1,-4170.5,7.0,177
PIN_BESS_RN,-1912.9370000000008,-648.3085,-1264.6285,123.0,1922.3,-10776.3,200.0,178
GOMZ_RN,-1919.03395,-733.42845,-1185.6055000000001,174.0,301.1,-1256.3999999999999,9.9,179
SHAMROCK_RN,-1948.8962499999961,5247.620750000002,-7196.517,184.0,28426.0,-5553.4,99.3,180
BRP_LOOP_RN,-2101.180749999999,2055.213750000001,-4156.3945,182.0,7675.400000000001,-4957.799999999999,10.0,181
SBEAN_BESS,-2173.5957500000004,-619.5072500000001,-1554.0884999999998,160.0,119.3,-788.6,9.9,182
CARN_ESS_RN,-2228.03475,2452.58725,-4680.622,181.0,3348.3,-6223.4,150.0,183
OLMITO_RN,-2297.45675,-534.3399999999999,-1763.1167499999997,175.0,974.6,-6072.3,9.9,184
MNWL_BESS_RN,-2363.7512499999993,-3542.999,1179.24775,178.0,1763.6,-731.8,9.9,185
SADLBACK_RN,-2438.1574999999993,160.77000000000058,-2598.9275000000002,177.0,826.8,-1333.4,9.9,186
CITRUSCY_RN,-2568.75002,-1271.13402,-1297.6159999999998,171.0,857.8,-583.3000000000001,9.9,187
CHISMGRD_RN,-2669.1115,-67.21275,-2601.8987500000003,35.0,48.3,-905.2,0.0,188
SWOOSEII_RN,-2861.4489999999996,-2003.83925,-857.6097500000002,177.0,140.8,-7515.6,100.0,189
JUNCTION_RN,-2925.8542499999967,16379.856500000004,-19305.71075,184.0,12351.6,-5683.0,9.9,190
FLTBES1,-2944.0955,729.3579999999997,-3673.4535,176.0,1175.2,-1572.8000000000002,8.5,191
WRSBES_BESS1,-2949.4655,1649.12075,-4598.586249999999,177.0,2121.6,-1794.1999999999998,9.7,192
MESQUITE_RN,-3032.7699999999995,-2856.76425,-176.00574999999992,139.0,3157.3,-6671.3,9.9,193
STAM_SLR_ALL,-3037.28425,768.8507499999995,-3806.135,179.0,1719.0,-1693.5,70.0,194
VERT_ESS_RN,-3112.559,-4016.3624999999997,903.8035,32.0,47.9,-75.3,200.0,195
PAULN_RN,-3280.1852499999995,-3200.4610000000002,-79.72424999999953,182.0,769.6,-1494.0,9.9,196
JUNORTH_RN,-3345.4879999999966,5901.004249999998,-9246.492249999996,184.0,4925.0,-3266.0,9.9,197
BRP_ZPT2_RN,-3496.06725,-703.5477499999998,-2792.5195000000012,182.0,2621.5,-7092.7,10.0,198
MADERO_RN,-3518.8595,-3938.07925,419.21975000000043,180.0,3808.1,-2639.8,100.0,199
WAL_RN,-3693.313,-4258.444500000001,565.1314999999997,180.0,3030.7,-3992.7,200.0,200
ENDPARK_ESS1,-3751.6480000000006,-2279.9714999999997,-1471.6764999999996,183.0,2709.8,-2130.1,50.0,201
N_MRD_ESR_RN,-3848.415200000001,-4393.6015,545.1862999999998,184.0,3477.1000000000004,-2969.9,9.9,202
MESQUITE_RN2,-4022.895,-3329.7799999999997,-693.1150000000001,120.0,1890.6999999999998,-855.6,0.0,203
CS_RN,-4145.552749999999,-3458.868000000004,-686.6847499999997,181.0,1313.3000000000002,-2767.3,9.9,204
HWY6_RN,-4217.0549999999985,-4647.4400000000005,430.38500000000005,123.0,3271.0,-523.0,0.0,205
BRP_LOP1_RN,-4434.619,-4018.107,-416.5119999999997,180.0,5480.9,-6257.2,10.0,206
SANDLAKE_RN,-4474.7632,-566.256,-3908.5072,117.0,646.9,-1566.3,9.9,207
LFSTH_RN,-4686.078500000001,-4114.514,-571.5644999999998,111.0,371.2,-1123.5,9.9,208
CNLY_ESS_RN,-4710.139249999998,-13646.201500000001,8936.06225,182.0,9274.1,-2293.8,125.0,209
BSS_U1,-4732.662500000001,-412.5660000000006,-4320.096499999999,167.0,2862.4,-2902.0,9.9,210
L_FRE_ESR_RN,-4801.01925,-4283.816,-517.2032499999999,183.0,1146.8000000000002,-836.5,9.9,211
PAVO_ESS_ALL,-4829.99475,-4575.6835,-254.31124999999992,176.0,1785.9,-1533.4,87.5,212
HAMI_BESS_RN,-4979.1052500000005,3554.6090000000004,-8533.71425,181.0,1006.9,-6989.799999999999,9.9,213
SNY_BESS_RN,-5340.33825,-1671.6012499999997,-3668.737,184.0,3955.0,-4978.5,9.9,214
CR_RN,-5401.5275,-1827.62975,-3573.89775,105.0,515.7,-779.8,9.8,215
WZRD_ESS_RN,-5492.405750000002,-4355.768250000001,-1136.6375,114.0,224.9,-324.2,150.0,216
GREGORY_RN,-5497.300000000003,-6194.671000000001,697.3710000000003,183.0,17198.1,-5879.2,7.0,217
ELSA_ESR_RN,-5555.0053,-1649.0964999999997,-3905.9088,181.0,2263.6,-2237.1,9.9,218
GOODWIN_ESR,-5566.132750000001,-3319.9665000000014,-2246.16625,180.0,13238.4,-1689.4,9.9,219
TOYAH_RN,-5634.4842499999995,-1337.2995,-4297.18475,177.0,196.1,-7128.7,6.6,220
JAG_SLR_RN,-5970.931999999998,8958.018500000002,-14928.950499999999,183.0,9288.9,-7806.8,150.0,221
HYDR_ESS_RN,-6182.396050000001,550.0509999999998,-6732.447050000002,181.0,696.0,-4747.0,200.0,222
BRP_PBL1_RN,-6236.714750000001,-7488.308000000001,1251.5932499999992,179.0,3640.6000000000004,-10552.2,10.0,223
MAINLAND_RN,-6865.01761,-7549.111649999999,684.0940400000001,114.0,949.9,-785.8,9.9,224
MDWPK_RN,-6895.196,-8657.38775,1762.1917500000002,126.0,870.9,-2215.6,9.9,225
CHIL_SLR,-6936.310050000001,2951.1887000000024,-9887.49875,183.0,16731.4,-3082.0,150.0,226
GRDNE_ESR_RN,-6940.6990000000005,-3409.5615000000003,-3531.1375,183.0,2478.0,-2012.0,9.9,227
DSWL_BES1,-7033.940000000002,-2006.0087500000004,-5027.93125,156.0,1377.0,-2906.0,150.0,228
BR_ARROW_ALL,-7291.9509499999995,-7322.769200000001,30.818249999999978,183.0,5713.2,-2735.1,51.7,229
TSECA_ES_RN,-7392.824750000001,-6164.48475,-1228.3400000000001,164.0,1098.0,-535.9,100.0,230
FTDUNCAN_RN,-7568.491000000002,-5421.177250000002,-2147.31375,173.0,436.2,-3899.6,100.0,231
AE_RN,-7915.449750000001,-6770.7925000000005,-1144.6572500000007,178.0,4583.1,-2988.6,9.9,232
GAMBIT_RN,-8027.261250000001,-10695.306,2668.04475,184.0,1335.2,-914.8000000000001,100.0,233
SMTH_ESS_RN,-8260.365,-4444.093250000001,-3816.2717499999994,127.0,4077.2,-888.5,125.0,234
RPUBRDS_RN,-8279.047,-1646.399500000001,-6632.647500000001,181.0,10307.400000000001,-8000.6,39.5,235
GARC_BESS_RN,-8473.49427,-893.0385199999998,-7580.45575,180.0,2066.6,-4403.9,9.9,236
BRP_ZPT1_RN,-8497.404,-3673.0147500000003,-4824.38925,172.0,2186.1,-1190.7,10.0,237
LAUR_BESS_RN,-9063.86275,742.9640000000015,-9806.82675,184.0,22060.399999999998,-8149.1,9.8,238
LBRA_BES1,-9334.309459999999,850.5045000000003,-10184.81396,115.0,1862.4,-1906.6999999999998,200.0,239
BRHEIGHT_RN,-9557.97025,-7944.1182499999995,-1613.8519999999999,160.0,1830.4,-583.6,10.0,240
E_HARRIS_RN,-9942.197199999999,-2049.7304999999997,-7892.4667,177.0,920.7,-2968.0,9.9,241
CASL_GAP_UN1,-9980.37775,-2325.807249999999,-7654.5705000000025,184.0,14871.800000000001,-24494.8,3.9,242
EVLN_ESS_RN,-9997.692000000003,-3392.64775,-6605.04425,140.0,455.1,-830.3,220.0,243
MOORE_FL_RN,-10051.731729999996,-9324.948979999997,-726.7827499999999,181.0,7492.8,-1513.1,9.9,244
TV_RN,-10230.12475,-4640.36175,-5589.763,179.0,880.9,-1347.7,9.8,245
ANTL_ESS_ES1,-10340.510499999997,-18265.52875,7925.018250000001,182.0,2079.8,-2967.0,70.0,246
ANEM_ESS_RN,-10416.774750000011,-7300.704250000024,-3116.0705000000003,184.0,5722.4,-1808.8,200.0,247
HMNG_ESS_RN,-10420.046499999999,-6891.4387499999975,-3528.60775,183.0,3024.8,-5061.9,100.0,248
SROSA_ESR_RN,-10434.4895,-2190.4475,-8244.042000000001,182.0,3983.9,-3021.4,9.9,249
CORAZON_RN,-10812.105750000002,-10815.04525,2.939499999995178,183.0,52219.6,-9598.5,200.0,250
WIG_BESS_RN,-10949.1275,1303.8245000000002,-12252.952,183.0,1403.9,-3024.0,120.0,251
HI_LONEB_RN1,-11461.94175,-11511.001499999998,49.059749999999894,173.0,2952.5,-1415.1,50.0,252
RIOG_ESR_RN,-12041.8845,-8775.61575,-3266.26875,181.0,1652.9,-890.3000000000001,9.9,253
BRPMAGNO_RN,-12434.858950000002,-10367.5862,-2067.2727500000005,182.0,4067.4,-4306.3,9.9,254
UTOPIA_RN,-12977.30125,-12503.09875,-474.2024999999999,123.0,20720.7,-4925.5,9.9,255
FALFUR_RN,-13393.471749999999,-5229.8099999999995,-8163.661750000001,183.0,18056.1,-5872.700000000001,9.9,256
BIGSTAR_ALL,-14464.14026,-151.59179999999878,-14312.548460000002,184.0,9679.5,-18983.9,80.0,257
PALE_ESS_EN,-14576.33325,-578.8880000000003,-13997.44525,184.0,2331.2999999999997,-4205.5,200.0,258
DC2SES_ALL,-14642.661249999997,-6128.258249999999,-8514.402999999998,184.0,17416.6,-29964.899999999998,66.5,259
MU_RN,-15211.948000000002,-4344.330000000002,-10867.617999999999,177.0,1471.4,-2698.3,9.9,260
HOLCOMB_RN1,-16106.8565,-8810.809250000002,-7296.04725,184.0,4408.099999999999,-6116.7,9.9,261
LILY_RN,-16162.875250000001,-8107.899749999999,-8054.9755000000005,184.0,9773.4,-4772.6,50.0,262
PRCRK_RN,-17091.2045,-7170.73,-9920.4745,176.0,508.8,-2677.7,9.9,263
MILTON_RN,-18709.21125,-18541.32,-167.89125000000058,182.0,22196.6,-2198.4,9.9,264
STRG_SLR_ALL,-18849.16375,-6637.037499999999,-12212.12625,179.0,4047.9,-6730.5,100.0,265
QUEEN_BA_RN,-20082.43675,-1527.28025,-18555.156500000005,171.0,3872.1,-28557.4,50.0,266
CARRIZO_ESR1,-21801.610250000005,-36782.80825,14981.197999999999,181.0,16964.0,-1549.4,9.8,267
WFTANK_ESS1,-22487.035000000003,-4967.145,-17519.890000000003,184.0,2674.2999999999997,-12698.7,150.0,268
CFLAT_ES_RN,-24690.90025,639.6674999999993,-25330.567750000002,159.0,3104.8,-9434.5,100.0,269
SEVNF_ES_RN,-25620.211500000005,-38467.565,12847.3535,173.0,3153.4,-16744.4,100.0,270
SP_RN,-28286.922000000002,-13471.8665,-14815.055500000002,181.0,3910.9,-5147.3,9.9,271
SPTX12B_RN,-32150.35166,-24753.645999999997,-7396.70566,183.0,10031.2,-5111.5,24.9,272
PTLBES_BESS1,-32781.093230000006,-32514.761230000004,-266.3319999999985,184.0,19183.600000000002,-2542.1,6.0,273
CLO_RN,-33827.38799999999,-9830.1505,-23997.2375,177.0,2138.3,-8007.1,100.0,274
CONTINEN_RN,-34079.57592,-27229.283669999997,-6850.29225,181.0,10951.9,-2091.6000000000004,0.0,275
ALVIN_RN,-39858.13381,-41734.48281000001,1876.348999999998,184.0,3843.2000000000003,-9638.7,9.9,276
CAMWIND_RN,-48122.18861,-36831.3158,-11290.87281,184.0,49786.899999999994,-16134.0,16.4,277
CATARINA_B1,-57570.73550000001,-36947.892,-20622.8435,184.0,7756.5,-15983.7,9.9,278
CISC_RN,-61250.56675,-7541.2835,-53709.28324999999,183.0,3874.2,-7280.5,9.9,279
NWF_NWF1,-70367.57949999999,-94180.17025,23812.59075,184.0,69137.9,-18791.1,36.0,280
RUSSEKST_RN,-86541.61849999998,-7473.643000000002,-79067.97549999999,184.0,7552.299999999999,-9657.2,9.9,281
GKS_BESS_RN,-183993.118,-149474.7935,-34518.3245,183.0,82151.5,-26776.199999999997,100.0,282
