rank,node,net_revenue,offer_revenue,bid_revenue,avg_win_rate,avg_profit_loss,avg_dart_spread,avg_participation,total_offered_mw,total_bid_mw,days_active,hsl
1,RRANCHES_ALL,1255888.58454,1243814.1145399997,12074.470000000001,35.44305555555556,8.077569444444444,6.547935534246098,15.115972222222224,6685.8,-71579.7,144,150.0
2,EBNY_ESS_RN,832109.42825,831147.5804999999,961.8477500000001,35.517361111111114,13.290486111111111,7.063250137454384,0.5284722222222222,3312.0,-477.1,144,200.0
3,BLVN_RN,413067.35175000003,415804.048,-2736.69625,34.06830985915493,37.59021126760564,3.574477893985209,24.533802816901407,147527.9,-3072.9,142,180.0
4,SG_BES_BESS1,379828.81155,369600.88055,10227.931,34.62013888888889,9.508333333333333,2.452058781199678,9.96875,8202.9,-26299.4,144,100.0
5,RADN_SLR_ALL,304039.91249,288013.05324,16026.859249999996,36.916783216783216,7.88041958041958,10.025000759756836,19.456643356643358,14836.3,-39791.7,143,81.9
6,BCK_RN,272845.30575,276623.3355,-3778.0297500000006,35.074125874125876,20.89097902097902,4.605859590524064,36.7979020979021,157497.80000000002,-2325.3,143,126.5
7,GIGA_ESS_RN,250173.48500000002,256199.54075000001,-6026.05575,35.032167832167836,11.129510489510489,7.54246702767334,2.6734265734265734,4173.4,-7352.2,143,125.0
8,CORALSLR_ALL,208245.6995,216560.47825,-8314.778750000001,32.72638888888889,8.358749999999999,3.144271796132736,61.952083333333334,106806.59999999999,-3217.7,144,51.4
9,PALACIOS_RN,207754.55605,211931.85505,-4177.299,40.58680555555556,10.563263888888889,16.383451155105977,83.0923611111111,23551.5,-2202.5,144,3.0
10,TBWF_ES_BES1,188697.82175,173839.80125000002,14858.020499999999,33.08263888888889,21.07375,4.747961305139691,0.3986111111111111,937.6999999999999,-1077.8,144,150.0
11,CROSSETT_ALL,172291.6402,178228.47525,-5936.835049999999,33.94236111111111,10.67611111111111,0.8309730399557166,6.063888888888888,2102.6,-18790.4,144,100.0
12,MUSTNGCK_ALL,160411.81754,149451.973,10959.84454,33.548611111111114,4.6554166666666665,2.759474319234558,7.246527777777778,12955.7,-4836.0,144,71.0
13,FLOWERII_RN,133295.05075,117823.41225,15471.6385,34.989583333333336,10.033125,1.365551904346911,6.692361111111111,3459.3,-18513.1,144,95.0
14,FIVEWSLR_ALL,130673.7842,115877.90945,14795.874749999999,34.26923076923077,15.372097902097902,1.8435357262241017,10.744055944055942,79637.4,-1362.9,143,220.0
15,ANG_ALL,124782.1545,89554.66274999999,35227.49175,35.824305555555554,10.847291666666667,0.7485968269426939,31.67986111111111,108443.5,-9306.2,144,81.0
16,NOBLESLR_ALL,102510.79169999999,113151.42429999998,-10640.6326,35.30763888888889,7.053194444444444,0.6072551402499038,96.96597222222222,199890.2,-9579.1,144,62.5
17,ZIER_SLR_ALL,100920.51225,75640.18950000001,25280.32275,34.196503496503496,5.17986013986014,-0.5090389797949088,45.268531468531464,35743.5,-26417.8,143,40.0
18,PHO_ALL,91213.5935,91690.03425,-476.4407499999999,33.39565217391305,18.57231884057971,3.2536875359325013,1.7565217391304349,6724.0,-1962.7,138,150.0
19,ROSELAND_ALL,90032.4428,91732.6153,-1700.1725,34.35625,9.247916666666667,2.5186480664326187,39.787499999999994,64360.799999999996,-3963.6,144,50.0
20,SUNVASLR_ALL,87358.1715,86302.22755,1055.94395,33.34166666666667,8.749166666666666,2.530433123058922,18.424999999999997,30625.8,-3140.9,144,53.0
21,HOUSEMTN_RN,83028.0664,69952.6948,13075.371599999999,34.81944444444444,9.70236111111111,1.642585445963015,7.631944444444445,2334.3,-13464.2,144,60.0
22,ANEM_ESS_RN,80382.762,83543.68749999999,-3160.9255000000003,32.19166666666667,6.750555555555555,2.9531173149652137,0.6625000000000001,3152.5,-1290.3,144,200.0
23,EUNICE_ALL,76475.51145,85811.18157999999,-9335.67013,36.075694444444444,39.30215277777777,1.7845894876810522,127.16805555555555,63977.3,-21604.2,144,18.0
24,DAN_ALL,68292.21825,80001.617,-11709.398749999998,33.44305555555556,11.945069444444444,2.434605430912612,3.713194444444445,7157.7,-2655.5,144,76.3
25,NF_BRP_RN,61851.399699999994,4845.085499999999,57006.31419999999,38.15069444444444,7.417916666666666,2.4166467853093208,4.850694444444445,6549.1,-10313.2,144,100.5
26,BATCAVE_RN,50852.877199999995,21560.680450000003,29292.19675,39.28472222222222,9.512222222222222,2.0106402172279214,11.475000000000001,34903.8,-4952.5,144,100.5
27,MUENSTER_RN,49316.94025,51727.59225,-2410.6520000000005,32.23916083916084,10.734265734265735,4.1131268893950255,26.297902097902096,5717.900000000001,-1921.4,143,9.9
28,RHESS2_ESS1,45102.8935,-6549.983749999999,51652.87725,36.44305555555556,8.229375,-0.07009826973715175,85.04513888888889,10335.1,-19384.2,144,9.9
29,HV_BESS1_RN,37512.202170000004,36173.80275,1338.39942,29.345833333333335,6.5193055555555555,2.881185935481538,17.039583333333333,18559.2,-1240.9,144,9.9
30,WOV_BESS_RN,37467.763,2742.1287500000008,34725.634249999996,36.725174825174825,11.406433566433567,0.6254458489452829,95.78461538461538,14791.599999999999,-17758.1,143,9.9
31,RN_SOLC_SLR,36464.72025,30600.60025,5864.12,23.551546391752577,8.834536082474227,0.40472966513011616,0.0,8750.5,-1736.0,97,0.0
32,RRC_WIND_ALL,36023.44902,20988.405769999998,15035.043249999999,34.386805555555554,8.654097222222223,2.82862976308,14.297916666666667,28446.6,-1596.6,144,75.0
33,VORT_ALL_RN,31958.831629999997,30363.971129999998,1594.8604999999993,34.72083333333333,13.692847222222222,4.378836222974431,12.497916666666667,50908.799999999996,-1753.5,144,121.8
34,ANCHOR_ALL,30607.9275,25031.53925,5576.388250000001,35.24583333333333,7.893263888888888,2.373185165907345,37.09652777777777,37918.0,-8848.5,144,36.3
35,MYR_ALL,23549.277000000002,16245.754500000001,7303.522500000001,31.073239436619716,9.912464788732393,1.9013302101598557,2.276760563380282,4051.2999999999997,-1769.2,142,75.6
36,TORR_ALL,23329.675500000005,22879.416250000006,450.2592500000011,33.16180555555556,2.967013888888889,3.419166571032966,0.0,61780.0,-9983.9,144,0.0
37,AZURE_RN,22451.04771,26379.58946,-3928.541749999999,34.363194444444446,8.256805555555555,2.7257848627922723,4.714583333333334,9729.1,-3381.5,144,77.6
38,MIDWY_RN,21968.44788,-210.27919999999997,22178.72708,35.51111111111111,8.34388888888889,0.09111851516137078,83.54027777777777,572.3,-19118.9,144,0.0
39,JADE_SLR_ALL,21638.16651,23699.991009999998,-2061.8245000000006,33.97291666666667,9.391527777777776,0.36261339038857754,13.05625,33087.3,-3826.6,144,81.9
40,BRP_PBL2_RN,19327.85975,-1805.0552500000001,21132.915,55.38333333333333,31.669166666666666,-3.215416666666667,15.194444444444445,94.9,-884.4,36,9.9
41,FLVABES1_ESR,17802.995000000003,14079.74225,3723.2527500000006,36.41111111111111,15.679305555555553,1.7762959188808376,9.291666666666666,862.9,-2315.0,144,9.9
42,PYR_PYRON1,16865.86675,18006.789249999998,-1140.9224999999997,36.704166666666666,11.168888888888889,3.8410237165960175,27.186111111111114,13071.2,-1112.6,144,15.1
43,SHEEPCRK_1,16190.48803,17757.138030000002,-1566.6500000000008,34.77916666666667,8.980833333333333,1.9405042168895887,3.3062500000000004,11930.0,-2655.0,144,135.0
44,SHAMROCK_RN,15100.133,24783.52625,-9683.39325,36.69166666666667,11.232569444444444,2.794113880165171,7.904861111111111,15587.8,-4790.5,144,99.3
45,CATARINA_B1,13543.418749999999,-1171.8370000000011,14715.25575,36.047916666666666,5.499236111111111,-0.01485219402777193,37.14513888888889,4042.4,-8407.4,144,8.2
46,FORTMA_RN,13220.80129,13048.3505,172.4507899999996,35.75633802816901,9.491549295774648,1.2946560839045316,54.98098591549295,17417.7,-971.4,142,9.8
47,BRP_RN_UNIT1,12890.2385,10304.52875,2585.7097500000004,36.72013888888889,14.305069444444444,1.1290709027582355,47.81180555555556,13686.8,-2670.0,144,9.9
48,BEXAR_ES_RN,12686.657749999998,14714.090249999994,-2027.4325,34.511188811188816,12.034405594405593,4.016885128154967,41.72727272727273,131908.0,-1858.0,143,100.0
49,BCNV_RN,12515.46872,6820.067000000001,5695.40172,64.13589743589743,22.258205128205127,4.363101791200416,2.184615384615385,1679.2,-1173.1000000000001,39,150.0
50,INRT_W_ALL,12348.37283,12068.018580000002,280.35425000000004,33.67916666666667,10.320347222222221,4.769920801168121,26.94027777777778,10390.5,-1720.7,144,13.0
51,JDKNS_RN,11841.10367,3561.4402499999997,8279.66342,34.62222222222223,7.315416666666666,0.2259648807754161,61.243750000000006,1930.6999999999998,-19017.4,144,9.9
52,CORAZON_RN,11001.453499999996,9266.462249999999,1734.991249999995,32.184615384615384,3.7717482517482517,1.399207232209273,7.072727272727272,42409.0,-6196.7,143,200.0
53,LON_RN1,10810.7455,7742.1365,3068.609,31.775000000000002,12.480555555555554,2.472811578587302,1.0381944444444444,4824.099999999999,-1305.1,144,174.0
54,FENCESLR_ALL,10330.91018,9473.90625,857.0039299999999,36.91048951048951,14.074405594405594,0.7527691585870102,3.8363636363636364,4411.0,-4875.8,143,71.0
55,X443ESRN,10251.812660000001,8903.540910000002,1348.2717499999999,35.10845070422535,13.313169014084506,4.281069530670488,13.950704225352112,3984.3,-771.2,142,10.0
56,ODESW_RN,9926.057299999999,-11980.524450000003,21906.58175,33.765492957746474,9.714014084507042,-0.7047315577612103,63.69295774647887,3142.6,-18348.1,142,9.9
57,JUNCTION_RN,9841.372000000003,19303.784000000003,-9462.411999999998,37.90763888888889,9.64125,-0.8010313347940017,38.80347222222222,9410.0,-3862.9,144,9.9
58,CAST_ESS_RN,9537.080249999999,4.52,9532.560249999999,8.522727272727273,7.633030303030303,0.06848484848484848,0.20606060606060606,60.0,-656.4,66,200.0
59,STADIUM_RN,9134.38675,6725.46925,2408.9175,30.85166666666667,8.784083333333333,0.4602489272088312,32.78333333333333,8146.9,-1201.5,120,9.9
60,POTSVIL_RN,8784.635530000001,10374.119250000003,-1589.483720000001,34.25174825174825,16.71972027972028,0.8421072074335414,85.74755244755245,9533.8,-19601.5,143,9.9
61,BUDA_RN,8719.16,-63.632499999999965,8782.7925,28.48888888888889,10.91851851851852,-1.144639762120385,0.0,4628.0,-365.0,108,0.0
62,IND_INADALE1,8010.868999999999,7580.064249999999,430.8047500000008,37.29236111111111,13.682222222222222,2.268163977413492,24.733333333333334,6354.8,-2113.6,144,9.9
63,SWOOSE1_U1,7908.26165,10670.803300000001,-2762.54165,35.635416666666664,16.187152777777776,1.9542402740036229,10.897916666666667,1089.7,-2637.2999999999997,144,9.9
64,TRIPBUT1_RN,7329.30425,11929.618,-4600.31375,31.657638888888886,12.558958333333333,1.5374617552334946,46.78194444444444,1277.5,-10845.8,144,7.5
65,CROSSTRL_RN,7062.2946999999995,-748.8590499999993,7811.15375,34.913286713286716,13.715174825174826,-0.2612655521180342,3.1006993006993007,1777.1,-4260.7,143,57.0
66,JC_BAT_RN,6958.928999999999,6115.376749999999,843.55225,38.17112676056338,17.306690140845067,0.19064029340793578,80.41760563380282,3510.5,-184.4,142,1.7
67,W_HRL_ESR_RN,6796.619430000001,-2990.1822700000002,9786.8017,32.451748251748256,6.813356643356643,-1.5812373524464194,11.251048951048952,1097.9,-2730.0,143,9.9
68,DSWL_BES1,5539.266750000001,2774.0542500000006,2765.2125,23.198290598290598,19.802564102564105,-0.20418598685265338,0.28888888888888886,566.8,-704.0,117,150.0
69,ESCONDID_ESR,5393.80725,-1252.29175,6646.099,29.842253521126764,43.62746478873239,0.6018921958218999,0.0,351.4,-2473.3,142,0.0
70,SWT_BESS_RN,5015.0607899999995,2542.7757500000002,2472.28504,35.99440559440559,11.2106993006993,0.9258109097331437,36.45454545454545,7729.2,-4656.5,143,9.9
71,LUCKYBLU_RN,4731.1720000000005,193.1569999999998,4538.015,30.396850393700788,9.674251968503937,-0.39207383177275773,3.161417322834646,3148.6,-6521.1,127,100.0
72,RVRVLYS_ALL,4531.323999999999,2092.62225,2438.70175,33.410714285714285,18.266928571428572,0.9338971174419344,2.547142857142857,3602.3,-653.4,140,50.0
73,LONESTAR_RN,4469.935550000001,-6.016199999999898,4475.951750000001,27.444696969696967,19.247272727272726,0.3749378448939532,6.611363636363635,121.1,-1959.2,132,9.9
74,BYP_RN,4388.195249999995,-6963.783000000006,11351.978249999998,20.201,38.6138,-0.8282401420801421,16.038,34940.4,-42605.9,100,0.0
75,BLSMT1_5_A_6,4320.338369999997,5379.443619999998,-1059.1052500000003,34.134965034965035,13.887342657342659,2.2198662149233637,8.090909090909092,22555.9,-3555.3,143,30.0
76,BOCO_ESS_RN,4204.47325,2969.4342499999993,1235.039,35.90902777777777,10.16,0.0022895042622665396,1.0402777777777779,2313.7,-3116.3,144,150.0
77,POTEETS_RN,4052.3424999999997,2693.6975,1358.645,35.738297872340425,14.939787234042551,0.06352915593105637,14.918439716312056,3361.0,-1643.0,141,9.9
78,CNLY_ESS_RN,3897.28375,-2510.6815,6407.96525,30.082517482517485,6.993216783216783,-0.23776084132946493,2.248951048951049,8105.5,-1470.6,143,125.0
79,JAR_RN,3679.3585,1849.6922499999996,1829.6662499999998,30.265492957746478,17.738098591549296,-0.3721782536467839,0.43309859154929575,873.4,-1492.5,142,152.0
80,BRP_BRAZ_RN,3409.7634,2862.1739,547.5894999999999,52.49154929577465,42.27028169014085,0.7020528817512922,5.887323943661972,398.2,-595.5,71,9.9
81,BRP_SWNY_RN,2932.9660000000003,2873.6010000000006,59.36500000000002,40.92820512820513,27.83205128205128,5.907895909645909,1.941025641025641,133.1,-47.0,39,9.9
82,GZ_RN,2794.090670000002,4409.023920000001,-1614.9332499999996,31.43450704225352,9.39176056338028,2.050726113377853,52.44084507042254,17267.0,-834.6999999999999,142,9.9
83,MV_VALV4_RN,2220.1913000000004,-142.13974999999994,2362.33105,32.792198581560285,7.210212765957447,-0.5353030994593093,17.260283687943264,2757.2,-3031.9,141,9.9
84,BRP_PBL1_RN,1751.9164999999998,-1310.3515000000002,3062.2679999999996,31.06258992805755,7.656618705035971,-0.1385136734507663,30.628057553956836,2448.4,-7668.0,139,9.9
85,PAVO_ESS_ALL,1724.0555000000002,1574.3132500000002,149.74225,32.66277372262774,7.673284671532847,-0.1469702068235381,0.8897810218978103,1438.9,-1148.3,137,87.5
86,BRPANGLE_RN,1661.31625,1045.616,615.70025,30.2544,18.36472,1.0062768281440782,8.3096,1732.4,-738.3,125,9.9
87,KNAPP_RN,1614.0827499999982,-2292.899250000001,3906.981999999999,36.692142857142855,15.22385714285714,-0.9745187987446611,0.0,5072.4,-10520.9,140,0.0
88,RN_RHN_ESR,1590.929,-5.839999999999996,1596.769,5.595384615384615,3.153230769230769,-0.08984615384615378,0.003076923076923077,61.0,-229.4,65,0.0
89,PIRATE_RN,1355.8105000000007,380.0810000000004,975.7295000000003,31.536619718309858,9.10887323943662,-0.5661136639960304,61.22042253521126,19283.8,-997.8,142,7.0
90,PINEFRST_RN,1346.4605499999993,1917.1115499999987,-570.6510000000003,31.553956834532375,17.736115107913665,-0.07032386455471015,0.6503597122302158,2238.8,-2127.3,139,200.0
91,EMPCT_RN,1338.6472500000002,1121.63,217.01724999999988,30.822857142857142,14.354642857142856,0.14527023797258126,5.647857142857143,604.6,-1274.9,140,9.9
92,ELMCRK_RN,1324.5827499999998,417.7404999999999,906.8422499999998,9.964788732394366,3.1540845070422536,0.14834830708356186,27.866197183098592,725.5,-3972.6,71,9.9
93,SLCN_ESS_ALL,1189.9125000000001,396.8650000000002,793.0474999999999,33.736363636363635,15.7206993006993,0.46754615287306434,2.188111888111888,1320.8,-2437.5,143,50.0
94,DIBOL_RN,1098.12,167.54274999999996,930.57725,19.935344827586206,12.840172413793104,-0.0027894539607901457,3.837931034482759,65.5,-891.6,116,3.3
95,ELM_ST_RN,997.4017500000003,0.0,997.4017500000003,16.79879518072289,4.733132530120481,0.0010542168674698795,0.0,0.0,-11442.699999999999,83,0.0
96,BLACKSPR_RN,993.6479999999999,224.1384999999999,769.5094999999999,27.186363636363637,9.79109090909091,0.053174715864474385,1.4454545454545455,1535.7,-3105.0,110,120.0
97,CARRIZO_ESR1,907.3597499999978,-15537.749000000005,16445.10875,30.43617021276596,19.046666666666667,0.6682242988544149,44.1645390070922,13432.9,-1138.2,141,9.8
98,ESTONIAN_ALL,890.6565000000004,2108.7865,-1218.1299999999999,32.241134751773046,11.627375886524822,0.4778302060753418,0.9411347517730496,1951.0,-1308.8,141,101.6
99,TORT_ESS_RN,877.3322499999998,-257.2042499999999,1134.5365,29.304098360655736,24.880409836065574,-0.5817394081897157,0.5262295081967213,280.1,-501.5,122,48.0
100,ANDMDSLR_ALL,863.1945300000006,7042.214030000001,-6179.019499999999,33.746153846153845,9.184965034965035,0.6764070488457236,3.645454545454545,7688.5,-2569.7,143,81.9
101,NCO_RN,824.0245000000002,797.4447500000001,26.579750000000004,23.934745762711866,15.681525423728813,-1.3748509284816435,1.221186440677966,1083.5,-253.8,118,38.8
102,CARN_ESS_RN,705.02,2382.01625,-1676.9962500000001,30.319148936170212,4.705531914893617,0.2148160969379417,1.553191489361702,3083.4,-4723.9,141,150.0
103,CEDRVALE_RN,703.0665,529.63175,173.43475,33.69057971014493,19.317246376811593,0.022697961408558974,3.1442028985507244,168.3,-838.8000000000001,138,8.2
104,COYOTSPR_RN,691.1609999999998,1670.9904999999999,-979.8295,29.361654135338345,21.344436090225564,0.4379183865178999,5.601503759398496,957.9,-803.9000000000001,133,9.9
105,CACH_ESS_RN,681.6949999999998,1072.4325,-390.7375,30.86165413533835,17.006842105263157,0.4035348595035656,0.4909774436090225,3131.0,-101.3,133,200.0
106,LOWR_ESS_RN,680.096,-513.1315000000001,1193.2275,24.727131782945737,11.655348837209303,0.06097426585832921,2.36046511627907,435.3,-3961.0,129,60.0
107,CNTYRDS_RN,664.9555000000006,-102.421,767.3765000000003,16.572619047619046,3.5333333333333337,0.009648313492063507,0.0,176.6,-12890.199999999999,84,0.0
108,TSECA_ES_RN,586.9259999999994,1386.1937499999997,-799.2677500000003,20.151162790697676,13.667286821705426,1.3977840805834991,0.38992248062015505,593.2,-508.3,129,100.0
109,PIN_BESS_RN,584.89,467.5424999999999,117.34750000000008,15.568674698795181,6.585662650602409,0.1344770493036572,0.0,1547.8,-6546.400000000001,83,0.0
110,FRMR_BS2_RN1,576.1847499999998,-147.46225000000004,723.6469999999999,33.62824427480916,23.162595419847325,-0.13070007944769377,1.384732824427481,135.9,-295.3,131,9.9
111,ARY_BESS_RN,557.1655,445.1475,112.018,2.601470588235294,1.493235294117647,-0.07557576155462181,0.0,41.0,-1770.0,68,0.0
112,LMO_ESR_RN,555.33775,-956.46,1511.7977500000002,33.31319444444445,16.080555555555556,0.19075585906184805,0.6048611111111112,298.3,-1771.0,144,100.0
113,BAYC_BESS_RN,538.7002500000001,719.7835,-181.08324999999996,18.064028776978418,9.23705035971223,0.27387249333173264,19.536690647482015,6130.6,-292.7,139,8.0
114,TURQ_BESS1,523.86325,286.4125,237.45074999999997,16.68804347826087,13.108586956521739,0.6171844267598344,0.01956521739130435,38.6,-58.6,92,188.0
115,BRP_LOOP_RN,503.7832500000008,1238.9375000000005,-735.15425,30.447887323943664,12.072605633802816,0.03795396901670688,28.85211267605634,6874.6,-2865.6,142,9.9
116,FRMRSVLW_RN,482.41299999999984,-461.64900000000006,944.0619999999999,33.685106382978724,16.01886524822695,-0.6095204681518823,3.0815602836879434,490.7,-545.2,141,9.9
117,RN_QTUM_SLR,466.5425000000001,28.3475,438.1950000000001,4.0625,3.15640625,-0.11719866071428572,0.0,4.6,-200.0,64,0.0
118,MIDP_SLR_RN,443.8882499999993,-981.1045000000006,1424.99275,33.65555555555555,15.821805555555557,-0.0533520780236467,1.7999999999999998,2358.1,-780.7,144,50.9
119,CTW_RN,440.7382,1245.3114,-804.5732000000002,31.74822695035461,7.5890780141843965,0.6529472956024949,0.5120567375886526,2037.5,-676.3,141,150.0
120,PLATINUM_RN,438.59600000000006,-56.11649999999992,494.71250000000003,24.15684210526316,16.60978947368421,-0.9253877677147413,0.2136842105263158,330.8,-433.0,95,151.7
121,MESQUITE_RN,434.0405,1222.84975,-788.80925,21.12222222222222,11.517878787878788,0.4384190035430009,29.014141414141417,2493.8,-4328.5,99,0.0
122,PRCRK_RN,403.53724999999974,-707.9475,1111.4847499999998,28.396350364963507,13.752700729927007,-0.06319351671746744,5.786131386861314,263.0,-1623.4,137,9.9
123,BKSL_RN,395.6912499999995,4184.77325,-3789.082,33.953146853146855,14.515454545454546,0.6944867083087378,1.7580419580419582,2233.4,-3845.7,143,100.0
124,TYNAN_RN,365.26475000000045,882.3637500000002,-517.0989999999997,31.33093525179856,14.853381294964027,-0.19844087797190174,8.00863309352518,1820.0,-821.2,139,9.9
125,ELZA_SLR_RN,364.51255000000015,-351.21600000000007,715.72855,33.77272727272727,9.719300699300698,-0.11438793399315529,0.486013986013986,1154.7,-713.1,143,100.0
126,TDWLPR_1_RN,357.47100000000006,-60.861499999999815,418.33249999999987,46.684285714285714,31.503999999999998,-0.6019928619991118,1.5657142857142856,1851.4,-785.0,70,100.0
127,GAIA_SLR_RN,310.6400000000001,789.8075,-479.1674999999999,11.12051282051282,5.287820512820512,0.1347485708735708,0.32564102564102565,244.0,-257.0,78,0.0
128,CARTWHL_RN,279.96574999999996,-826.4542500000002,1106.42,11.048571428571428,8.618142857142857,-0.541703798185941,0.7557142857142857,256.9,-1552.0,70,150.0
129,GOODWIN_ESR,264.2149999999996,3738.9945000000002,-3474.7794999999996,26.285714285714285,6.842499999999999,0.18520947783507957,46.72714285714286,10164.0,-1134.9,140,9.9
130,PAD1_ESS_RN,257.40000000000003,230.69250000000002,26.707500000000003,10.467532467532468,5.3441558441558445,0.6901358631447915,0.15844155844155847,104.0,-31.0,77,50.0
131,LYNX_ESS_RN,239.56425,197.81349999999998,41.75075,75.0,74.99249999999999,8.346875,0.0,10.6,-5.3,4,0.0
132,HEADCAMP_RN,233.47875000000002,165.27675,68.20200000000001,3.515873015873016,1.7731746031746032,-0.24546351410934744,0.11587301587301588,152.6,-127.2,63,150.0
133,SADLBACK_RN,154.97825000000006,142.07275000000013,12.905499999999993,30.855797101449276,19.309855072463765,-0.6986209767486937,3.265217391304348,162.8,-910.8000000000001,138,9.9
134,FALFUR_RN2,123.73775,191.8745,-68.13675,3.076923076923077,1.5592307692307692,0.21885256410256412,5.047692307692308,745.1,-31.0,65,9.8
135,MESQUITE_RN2,89.42725000000002,323.05625,-233.629,13.438749999999999,7.6659999999999995,0.254744302312271,0.0,1402.8,-464.3,80,0.0
136,AVIL_ESS_RN,77.03624999999995,-242.33725000000004,319.3734999999999,27.512698412698413,16.491587301587302,-1.3105201295212259,0.10634920634920635,137.4,-436.7,126,160.0
137,RTLSNAKE_BT,74.73650000000009,185.43525,-110.69874999999995,29.504615384615384,21.023153846153843,1.4209602574508824,2.663846153846154,177.2,-643.9,130,9.9
138,HDNLAKES_RN,53.66525000000003,-105.32349999999994,158.98875,59.099999999999994,40.400277777777774,0.8436419072258533,0.0,108.3,-62.9,36,0.0
139,GODY_SLR_RN,40.445,0.2324999999999999,40.2125,2.956451612903226,1.6411290322580645,0.035604838709677414,0.0,60.0,-30.0,62,0.0
140,APPLE_RN,28.109999999999957,0.0,28.109999999999957,42.22,33.54066666666667,0.0,0.0,0.0,-60.0,15,0.0
141,SAH_RN,3.451499999999992,3.451499999999992,0.0,100.0,99.99,0.442499999999999,0.2,7.8,0.0,1,200.0
142,Z0_DGR2_RN,1.0999999999999996,1.0999999999999996,0.0,1.639344262295082,1.6391803278688524,-0.28840163934426233,0.39344262295081966,60.0,0.0,61,9.9
143,HNY_COMB_RN,0.0,0.0,0.0,0.0,0.0,-0.014426229508196733,0.0,0.0,0.0,61,61.5
144,KEG_RN,0.0,0.0,0.0,0.0,0.0,0.03329166666666664,0.0,0.0,0.0,60,0.0
145,ELM_ST_RN2,0.0,0.0,0.0,0.0,0.0,-0.2187090163934426,0.0,0.0,0.0,61,9.9
146,RN_PAD3_ESS,0.0,0.0,0.0,0.0,0.0,-0.43782258064516133,0.0,0.0,0.0,62,0.0
147,HEN_RN,-2.360499999999984,-2.360499999999984,0.0,1.5873015873015872,1.587142857142857,-0.03533730158730158,0.04444444444444444,13.8,0.0,63,20.0
148,ALAMO_ST_RN,-4.711499999999999,3.4335,-8.145,1.639344262295082,1.6391803278688524,-0.12012295081967213,0.0,4.2,-60.0,61,0.0
149,RN_BY_ESR1,-21.606749999999863,-650.2137499999998,628.6069999999999,14.28202247191011,3.8053932584269665,-0.33157726470177884,129.2426966292135,822.9,-3017.7,89,9.9
150,APPLE_ESR_RN,-31.22249999999999,0.0,-31.22249999999999,0.0,0.0,-0.684206349206349,0.0,0.0,-4.6,63,0.0
151,DESN_ESS_RN,-44.837500000000006,-44.837500000000006,0.0,0.0,0.0,-8.967500000000001,0.1,5.0,0.0,1,200.0
152,PEARSALL_RN,-63.64924999999984,-576.40075,512.7515,22.752830188679248,15.03066037735849,-0.28826655622941,7.118867924528302,1417.7,-327.4,106,9.0
153,LK_RN,-72.01075000000006,-72.01075000000006,0.0,0.0,0.0,-9.305000000000005,0.0,5.9,0.0,2,0.0
154,CARA_ESS_RN,-72.49000000000001,5.607499999999998,-78.0975,3.1746031746031744,3.174285714285714,0.0030357142857142315,0.007936507936507936,60.0,-9.6,63,98.3
155,FAULKNER_RN,-103.68912000000002,-93.22300000000003,-10.46611999999999,16.80952380952381,14.40495238095238,-0.8575317460317461,3.892380952380952,52.1,-925.1999999999999,105,9.9
156,LBRA_BES1,-136.17246000000046,1780.1387499999998,-1916.3112100000003,56.71686746987952,19.61072289156626,0.5738061029327193,0.6469879518072289,1444.5,-1076.8,83,186.0
157,TANZ_ESS_RN,-138.3244899999999,-1546.37475,1408.05026,29.492537313432837,13.598656716417908,-0.8631055337520012,0.6164179104477612,382.9,-2086.4,134,128.8
158,GAMBIT_RN,-141.55199999999985,-2153.10225,2011.55025,27.543750000000003,15.08673611111111,4.714966965667375,0.3027777777777778,581.6,-515.7,144,100.0
159,DA_BESS,-155.80575000000005,1447.443,-1603.2487500000002,48.44230769230769,32.73025641025641,-0.5246352606067691,13.48205128205128,237.9,-1024.3,78,5.0
160,SGSA_DGR,-161.31575,-144.7305,-16.58525000000001,27.816101694915258,23.11957627118644,-0.8725854519774012,3.4042372881355933,49.3,-907.8000000000001,118,9.9
161,LIGSW_RN,-170.6125000000003,-85.60775000000007,-85.00475000000007,33.30070422535211,15.262253521126759,-1.1345933655850422,4.4063380281690145,513.5,-961.1,142,9.8
162,BYRDR_ES_ALL,-240.39275,-207.94950000000003,-32.44324999999999,14.568627450980392,10.902450980392157,-0.7862581699346407,0.13725490196078433,89.0,-69.9,102,50.0
163,LANTANA_RN,-270.6935,-135.72150000000002,-134.97199999999995,17.70747663551402,11.39663551401869,-0.49633840277064584,1.0738317757009346,108.9,-168.20000000000002,107,9.9
164,SWOOSEII_RN,-334.23125,-463.93,129.6987499999999,31.81205673758865,19.500425531914892,-0.9857474485220603,3.0822695035460996,82.5,-7206.400000000001,141,38.9
165,NEDIN_RN,-381.51724999999993,33.56650000000002,-415.08375,10.66219512195122,4.437682926829268,-0.19255856516451023,0.0,250.9,-1658.7,82,0.0
166,AMAD_ESS_RN,-393.94325000000003,-400.22225000000003,6.278999999999982,13.170666666666666,6.9352,-0.38528301395772,0.10133333333333333,459.1,-744.4,75,100.0
167,MYRY_ESR_RN,-439.8549999999999,202.26075000000003,-642.1157499999998,29.655474452554746,13.825036496350364,-0.028071884457082,1.9810218978102188,418.5,-227.1,137,9.9
168,DGFS_ESR_RN,-515.26175,-71.72425000000004,-443.5374999999999,27.341538461538462,15.919461538461537,-0.8468146619280674,0.16923076923076924,129.9,-253.0,130,75.0
169,OR_BESS_RN,-543.1057500000002,276.6484999999999,-819.7542500000002,23.86640625,16.20265625,-0.1060667042918019,2.04765625,259.4,-364.1,128,9.9
170,SLK_BESS_RN,-548.10775,-559.51775,11.41,60.875,50.125,-0.4808016304347835,0.65,123.9,-1.0,4,200.0
171,WR_RN,-586.224,55.147499999999944,-641.3715000000001,39.85,27.86014705882353,-2.574943846288516,2.373529411764706,285.0,-93.1,68,9.8
172,BR_ARROW_ALL,-620.2141999999997,-240.11145000000013,-380.10274999999973,35.887412587412584,9.656853146853146,-0.3546373963387106,2.5391608391608393,3280.1,-1260.0,143,51.7
173,ELSA_ESR_RN,-632.3762999999998,1080.5220000000004,-1712.8983,31.074468085106382,6.222765957446808,-0.03235974674182669,9.12340425531915,1991.4,-1054.1,141,9.9
174,TNFS_RN,-666.8865000000001,-668.7315000000001,1.845,4.423076923076923,3.0916923076923073,-0.19528098290598292,0.9307692307692308,142.2,-1.0,65,9.9
175,DA_BESS2,-741.5230000000001,-516.4275,-225.09550000000002,45.10377358490566,8.946603773584904,-0.9448479130931962,5.083018867924528,256.4,-374.1,53,5.0
176,RBN_BESS1,-751.6900000000006,1174.0175000000002,-1925.7075000000002,28.35611510791367,19.86985611510791,-1.5685791725481344,0.43669064748201436,403.2,-1103.6,139,100.0
177,CHIL_SLR,-782.6373000000007,1397.6162,-2180.2535000000003,33.47902097902098,4.146783216783217,0.5605426119047991,1.2874125874125875,5083.5,-1463.3,143,150.0
178,STRG_SLR_ALL,-879.15275,-609.8985000000002,-269.2542500000002,34.08642857142858,16.030571428571427,11.108366796087072,1.862857142857143,2964.5,-3293.5,140,100.0
179,SBEAN_BESS,-900.9017500000001,-651.3910000000001,-249.51074999999997,21.80655737704918,15.722295081967212,-0.6395453156247214,2.4893442622950817,108.8,-607.1,122,6.6
180,FLTBES1,-945.7377500000001,1485.83575,-2431.5735000000004,34.344927536231886,21.484565217391303,0.295801261540392,6.526086956521739,679.2,-1156.7,138,8.5
181,WLTC_ESR_RN,-959.5375,166.07649999999995,-1125.614,50.321518987341776,23.599620253164556,-0.4516141367886566,3.689873417721519,277.6,-415.0,79,9.9
182,MYRY_BES2_RN,-967.6449799999998,-880.81648,-86.82849999999996,55.91111111111111,12.990864197530865,-0.3645289044525944,5.648148148148148,659.8,-427.5,81,9.9
183,BRP_DIKN_RN,-1004.7099100000019,-1250.208500000002,245.49859000000015,32.923943661971826,10.765985915492958,-4.038428393260395,30.191549295774646,6364.8,-1364.2,142,9.9
184,BLUEJAY_RN,-1071.6927499999995,-631.1039999999989,-440.58874999999983,35.06388888888889,15.879652777777778,0.716161456538698,23.799999999999997,34836.700000000004,-6258.8,144,50.0
185,WRSBES_BESS1,-1073.2997500000001,2619.4134999999997,-3692.7132500000002,32.27553956834532,21.15244604316547,0.5474167191222049,9.37410071942446,1617.5,-1416.8,139,9.7
186,ABINDUST_RN,-1146.5352500000004,-427.2395,-719.2957499999999,24.818446601941748,14.336213592233008,0.18075733600546603,10.571844660194174,427.7,-2163.8,103,9.9
187,SNY_BESS_RN,-1238.9112499999999,-3450.20725,2211.2960000000003,35.28888888888889,19.15361111111111,-0.25104802957621464,18.220833333333335,3018.2,-3220.0,144,9.9
188,HAMI_BESS_RN,-1267.721000000001,2952.5005,-4220.2215,32.725531914893615,13.434255319148937,-0.6976539722120685,19.658156028368793,767.4,-5811.4,141,9.9
189,ANOL_ESS_RN,-1291.4317500000006,589.34975,-1880.7815000000003,30.809701492537314,19.943507462686565,-0.6035103665509448,0.932089552238806,697.1,-6418.2,134,240.0
190,ADL_RN,-1312.4980000000003,-38.98150000000004,-1273.5165000000006,31.31118881118881,8.802867132867133,-0.0037584347360315336,2.427972027972028,1315.8,-4127.5,143,0.0
191,N_AL_BESS_RN,-1337.6517999999999,-1035.7085,-301.94329999999997,32.84718309859155,7.8230281690140835,-1.0873905559588284,4.278169014084507,957.1,-490.0,142,9.9
192,GOMZ_RN,-1363.9107000000001,-690.93695,-672.9737500000002,30.655633802816904,16.88669014084507,-0.8200355341354307,4.0760563380281685,276.6,-1103.8,142,9.9
193,PAULN_RN,-1368.4149999999997,-2319.157,950.7420000000002,31.293706293706293,12.866363636363635,-0.9858793481673724,4.318181818181818,407.1,-1055.0,143,9.9
194,HLY_RN,-1389.3627999999999,-1195.1605,-194.20229999999992,28.38088235294118,16.05889705882353,-0.8190713118580766,0.5448529411764707,728.9,-1163.8999999999999,136,102.2
195,OLMITO_RN,-1571.9342499999998,-862.4735,-709.46075,25.66814814814815,12.377481481481482,-0.1922871758779867,17.331111111111113,337.9,-5220.8,135,9.9
196,L_FRE_ESR_RN,-1587.73525,-1277.307,-310.42824999999993,28.8986013986014,8.187972027972027,-1.0566579286937539,4.258041958041958,729.7,-718.8,143,9.9
197,CITRUSCY_RN,-1998.51477,-816.55352,-1181.9612499999998,30.62857142857143,5.462857142857143,-0.596753085039363,5.7021428571428565,830.9,-538.7,140,9.9
198,DKNS_ESS_RN,-2003.7687500000002,729.8592499999999,-2733.628,56.92564102564102,22.013589743589744,-0.08681776507050709,1.8692307692307695,688.0,-1061.3,78,50.0
199,PAVLOV_BT_RN,-2060.703,-1924.1945,-136.50850000000003,29.974825174825174,8.152167832167832,0.5109222776381922,13.616083916083916,1870.9,-2752.3,143,9.9
200,ALP_BESS_RN,-2345.2535000000007,860.0012499999999,-3205.25475,35.03706293706294,11.245034965034964,-0.9569414453037185,2.174125874125874,1419.0,-6090.8,143,100.3
201,STAM_SLR_ALL,-2668.9245,-124.7865000000006,-2544.138,33.36618705035971,13.255755395683453,-1.6626299553381916,0.8546762589928057,1246.4,-705.6,139,70.0
202,CHISMGRD_RN,-2669.1115,-67.21275,-2601.8987500000003,64.14285714285714,30.290571428571425,1.2081267361434818,0.0,48.3,-905.2,35,0.0
203,RIOG_ESR2_RN,-2782.7862699999996,503.0547300000003,-3285.841,29.933571428571426,5.035857142857143,-0.5697838356823436,15.159285714285716,904.1,-4058.6000000000004,140,7.0
204,HI_LONEB_RN1,-2968.81725,-4875.23675,1906.4195,12.728358208955223,4.16589552238806,-0.5738257665969851,1.569402985074627,1413.6,-955.7,134,50.0
205,WAL_RN,-3014.8272500000003,-3827.3220000000006,812.4947499999998,28.712857142857143,15.542071428571427,-0.14238106915030163,0.8350000000000001,2628.5,-2763.0,140,145.0
206,CS_RN,-3048.694749999999,-3274.435500000004,225.74075000000013,28.76241134751773,14.132836879432622,4.703799300726232,6.9234042553191495,967.2,-1333.6000000000001,141,9.9
207,MNWL_BESS_RN,-3164.4217499999995,-4180.6725,1016.25075,30.77375886524823,37.21056737588652,-0.8041695044340917,6.363829787234042,1562.1,-575.5,141,9.9
208,ENDPARK_ESS1,-3180.3680000000004,-2042.095,-1138.2730000000001,28.875524475524475,9.132307692307691,-0.0982297888964544,1.9461538461538461,1749.6,-1587.0,143,50.0
209,MDWPK_RN,-3302.4227499999997,-3673.58275,371.15999999999997,19.48315789473684,4.958842105263158,-0.706740910508141,6.0884210526315785,623.9,-1638.0,95,0.0
210,HARLIN_1_RN,-3344.31775,-720.6737500000004,-2623.644,18.617241379310347,3.80183908045977,-0.38428733790625275,0.0,3743.6,-2016.3,87,0.0
211,VERT_ESS_RN,-3378.3765000000003,-4260.495,882.1185,66.66666666666667,66.66,-10.23328125,0.26666666666666666,11.0,-66.3,6,200.0
212,LFSTH_RN,-3621.698250000001,-2973.33375,-648.3644999999998,62.578205128205134,34.17820512820512,0.09233447828880494,6.324358974358974,267.5,-913.5,78,9.9
213,GARC_BESS_RN,-3690.04752,630.56348,-4320.611000000001,30.195744680851067,5.7330496453900714,-1.1727483865515411,16.99858156028369,1619.2,-4034.6,141,9.0
214,MADERO_RN,-3691.5242499999995,-3013.28025,-678.2439999999997,32.097857142857144,9.817857142857143,-0.038412835856639994,1.675,3271.5,-2379.4,140,100.0
215,RPUBRDS_RN,-3942.71575,-1940.8967500000003,-2001.8189999999997,35.08936170212766,12.311560283687943,1.9464039594058224,10.16595744680851,8451.7,-5128.1,141,39.5
216,LILY_RN,-3986.4892500000005,407.9697500000002,-4394.459000000001,36.87638888888889,11.634652777777777,2.7654826361453964,5.991666666666666,6710.0,-3632.3,144,50.0
217,SANDLAKE_RN,-4107.3257,-1275.4235,-2831.9021999999995,58.82307692307692,23.88705128205128,-0.825990155439604,8.335897435897436,586.9,-951.3,78,9.9
218,WZRD_ESS_RN,-4253.653250000001,-4248.352500000001,-5.300750000000008,9.910666666666666,8.018,-11.301266666666669,0.13866666666666666,133.0,-117.2,75,71.0
219,JUNORTH_RN,-4265.786499999997,8253.782249999998,-12519.568749999997,37.28541666666667,7.951041666666667,-1.6950022377183307,26.375694444444445,4095.0,-2461.8,144,9.9
220,FTDUNCAN_RN,-4353.001250000001,-5336.5920000000015,983.5907500000002,27.758273381294966,8.873812949640287,0.11718155538486516,1.1417266187050361,366.9,-3507.9,139,100.0
221,MOORE_FL_RN,-4373.177479999999,-3234.1157300000004,-1139.0617499999998,31.84468085106383,3.8380141843971627,-0.5504504002902838,24.545390070921986,4443.8,-1267.8,141,9.9
222,GRDNE_ESR_RN,-4437.93725,-331.82075,-4106.1165,32.66153846153846,14.593846153846155,0.47544020036243073,10.577622377622378,2065.7,-1523.6,143,9.9
223,EVLN_ESS_RN,-4525.4794999999995,-4592.975,67.49550000000004,20.674,13.453399999999998,-1.8096068434343437,0.083,234.0,-181.8,100,220.0
224,CR_RN,-4571.768,-1571.9465,-2999.8215,37.28260869565217,25.120579710144927,-0.8633311848382976,4.697101449275363,287.9,-472.1,69,9.8
225,BRPMAGNO_RN,-4632.281700000001,-7125.864699999999,2493.583,32.75211267605634,12.472887323943661,-0.12005161804041121,19.84718309859155,3137.5,-1938.7,142,9.9
226,TOYAH_RN,-5206.16825,-1499.652,-3706.5162499999997,36.342446043165474,22.611438848920862,-0.14675207950522695,21.6273381294964,140.1,-6973.0,139,6.6
227,GREGORY_RN,-5239.088500000002,-6411.418750000001,1172.33025,31.91188811188811,8.142797202797203,-0.23067044647406054,65.78321678321679,13743.9,-3163.5,143,5.0
228,JAG_SLR_RN,-5257.753499999998,4954.022500000001,-10211.776,28.3013986013986,9.807202797202796,0.06772545853624008,2.683916083916084,8035.0,-5777.5,143,150.0
229,N_MRD_ESR_RN,-5294.011200000001,-2420.57975,-2873.4314499999996,33.03611111111111,7.992222222222221,-0.8705440353460078,14.90486111111111,2839.8,-2266.3,144,9.9
230,BSS_U1,-5820.421000000001,-1372.8150000000003,-4447.605999999999,26.259055118110236,14.506377952755905,-1.0601305551730236,14.677952755905512,2465.6,-1822.6,127,7.9
231,BRP_ZPT2_RN,-5890.76325,-249.8264999999998,-5640.936750000001,31.811971830985918,34.64950704225352,-0.482754883970927,23.149295774647886,1354.2,-6451.2,142,9.9
232,HYDR_ESS_RN,-5955.9858,99.87799999999993,-6055.863800000001,32.219858156028366,7.170567375886525,0.027606643206738616,0.5177304964539007,441.0,-3193.0,141,200.0
233,HWY6_RN,-5998.942499999999,-5803.6224999999995,-195.32000000000002,17.7021978021978,8.007582417582418,-0.8693968467362739,0.0,2798.0,-163.0,91,0.0
234,LYSSY_RN,-6159.47425,-6744.304999999999,584.8307500000001,33.70352112676056,8.697887323943661,-0.30797872232577317,119.33380281690143,17186.4,-1193.5,142,9.9
235,LAUR_BESS_RN,-6305.849250000001,-1176.2250000000004,-5129.624250000001,29.4375,3.0665277777777775,-0.9608993449545823,74.26875,18621.3,-6563.8,144,9.8
236,MAINLAND_RN,-6461.40661,-7902.5921499999995,1441.18554,45.31621621621622,27.56243243243243,-4.66626722562278,5.587837837837838,728.8,-253.3,74,9.9
237,SROSA_ESR_RN,-6473.97675,-1599.225,-4874.75175,30.719718309859154,6.847676056338028,-1.3349250444085,16.911971830985916,3726.3,-1947.7,142,9.9
238,SMTH_ESS_RN,-6529.797500000001,-4772.347500000001,-1757.4499999999998,17.013636363636365,12.617272727272727,-0.7523756671831957,1.5590909090909089,3819.0,-293.0,88,125.0
239,MEDILA_RN,-6531.938679999983,-8068.042680000006,1536.1040000000003,38.38591549295775,7.315915492957746,5.467358410013858,47.37676056338028,14157.800000000001,-1077.5,142,9.9
240,CNTRY_RN,-6910.569750000001,-3126.1555000000003,-3784.4142499999994,33.6036231884058,8.825942028985507,-0.8724596207768173,6.973913043478261,1023.6,-1232.5,138,9.8
241,BRP_ZPT1_RN,-7400.2545,-5405.7027499999995,-1994.55175,24.348484848484848,9.066287878787879,-1.2387001454575997,7.524242424242424,1816.8,-537.5,132,9.9
242,OLNEYTN_RN,-7494.410499999998,-9867.41125,2373.00075,27.34855072463768,10.19768115942029,-0.06530033967569523,13.621014492753623,2828.2,-1632.2,138,9.9
243,FALFUR_RN,-7575.689249999999,-2397.5782500000005,-5178.111000000001,29.558041958041958,3.6130069930069926,-1.4128837439383888,57.917482517482526,15119.5,-4149.6,143,9.9
244,DC2SES_ALL,-7771.288499999998,-9540.499999999998,1769.2115000000008,35.359027777777776,13.749513888888888,-0.15646264215982297,17.058333333333334,12325.4,-26900.6,144,66.5
245,CASL_GAP_UN1,-7781.589749999999,-7658.337,-123.25275000000101,32.36388888888889,5.542916666666667,-0.6628736469612547,282.4868055555555,10200.2,-21388.3,144,1.9
246,WFTANK_ESS1,-8107.0925,-2198.10925,-5908.98325,26.87013888888889,6.589722222222222,-0.7297048136047306,1.4854166666666666,2049.7,-5748.4,144,150.0
247,WIG_BESS_RN,-9123.4585,1427.5167500000002,-10550.975250000001,33.583216783216784,7.923916083916083,-0.5767986016274567,0.8545454545454546,1218.0,-2367.7,143,120.0
248,E_HARRIS_RN,-9158.35695,-1652.1935,-7506.16345,28.105109489051095,9.554817518248175,-0.5564846795871807,8.41970802919708,383.3,-2358.0,137,9.9
249,CAMWIND_RN,-9195.52061,-5112.078300000001,-4083.4423100000004,30.97291666666667,2.768125,0.927915457436938,74.025,36301.2,-12205.6,144,10.0
250,BRHEIGHT_RN,-9302.58,-7908.125499999999,-1394.4544999999998,25.596799999999998,13.641039999999998,0.2956150705550488,6.1568000000000005,1367.0,-468.3,125,9.9
251,HMNG_ESS_RN,-9502.0695,-3673.590249999999,-5828.47925,33.48111888111888,12.043426573426574,-0.26359283623295493,1.7461538461538462,2023.7,-3920.4,143,99.8
252,BRP_LOP1_RN,-9618.95975,-3937.436,-5681.523749999999,31.47357142857143,11.281071428571428,-0.5691205820393505,29.379285714285718,4471.5,-5305.7,140,9.9
253,AE_RN,-9810.257249999999,-7700.368,-2109.8892499999997,31.37342657342657,15.433216783216782,3.8829152736215367,16.879020979020982,4221.8,-1517.5,143,9.9
254,TV_RN,-10091.7185,-4637.54325,-5454.17525,25.00791366906475,76.82589928057554,-2.515425382022055,5.751079136690647,769.4,-1124.0,139,9.8
255,RIOG_ESR_RN,-10337.44925,-10142.45925,-194.98999999999995,28.679577464788732,8.779788732394366,0.10089035040757587,6.580985915492958,1356.9,-857.1,142,9.9
256,HEARN_RD_RN,-10605.574250000001,-10334.299,-271.27524999999997,29.590579710144926,12.369492753623188,-0.8348897155035608,56.11304347826087,15949.9,-303.6,138,0.0
257,PALE_ESS_EN,-10832.87175,-583.8645000000004,-10249.00725,30.484722222222224,8.763472222222221,-0.1436899938507209,0.7222222222222222,2029.6,-3064.0,144,200.0
258,BIGSTAR_ALL,-11607.062259999999,-1840.9927999999995,-9766.069459999999,33.96180555555556,5.037569444444444,-0.002829382551601133,8.516666666666666,8085.6,-15063.699999999999,144,60.0
259,MU_RN,-12274.095250000002,-7876.862250000002,-4397.233,22.805797101449276,11.180652173913042,3.7860456946997068,8.02463768115942,1192.5,-1385.8,138,9.9
260,UTOPIA_RN,-12956.78025,-14237.976499999999,1281.19625,17.21325301204819,4.080481927710843,-0.44617635478157563,92.64337349397591,14659.1,-3622.7,83,0.0
261,CONTINEN_RN,-14149.49742,-8629.249669999997,-5520.24775,30.51347517730496,3.0915602836879432,-0.4551781592226064,0.6836879432624113,8213.8,-1563.9,141,0.0
262,ANTL_ESS_ES1,-14910.399999999998,-19660.799249999996,4750.399250000001,28.899295774647886,7.260140845070423,-1.4760700422830877,1.263380281690141,1533.0,-1480.2,142,70.0
263,QUEEN_BA_RN,-20952.55225,-535.2967500000002,-20417.255500000003,22.242748091603055,7.989083969465648,-0.503348521577689,20.615267175572523,3738.7,-25484.5,131,50.0
264,SP_RN,-21391.0155,-14120.0995,-7270.916000000001,29.117730496453902,12.862056737588652,3.2436726424019273,24.45035460992908,3636.5,-3526.0,141,5.0
265,SPTX12B_RN,-21829.48066,-18517.710750000002,-3311.769909999999,34.14265734265734,8.193146853146853,0.0757543698563775,12.852447552447552,6868.7,-4245.8,143,24.9
266,HOLCOMB_RN1,-22212.17175,-7078.877250000001,-15133.2945,32.27847222222223,6.530625,-0.7714380451880912,22.18263888888889,3466.2,-4099.0,144,9.9
267,MILTON_RN,-23398.291,-24833.301,1435.01,33.8774647887324,7.403239436619718,-1.476824573046255,63.55704225352113,18569.1,-1301.4,142,9.9
268,SEVNF_ES_RN,-24678.785499999998,-17072.63425,-7606.151250000001,27.06466165413534,11.832932330827067,-0.46483603487982955,4.438345864661653,1666.5,-12510.0,133,100.0
269,NWF_NWF1,-25297.817999999992,-47637.29775,22339.479750000002,36.142361111111114,7.738125,-0.46923662387565224,58.74722222222223,53090.7,-17524.1,144,16.1
270,CISC_RN,-30477.58,6042.199500000001,-36519.7795,36.62447552447553,13.018321678321678,0.8272163974494804,24.11888111888112,2167.0,-6022.9,143,9.9
271,CFLAT_ES_RN,-31455.8605,58.114749999999276,-31513.975249999996,28.71764705882353,7.872941176470588,-0.19992481932398393,3.560504201680672,2587.9,-7980.799999999999,119,0.0
272,CLO_RN,-33921.199499999995,-9414.510250000001,-24506.68925,28.7886524822695,6.410992907801418,-2.3913378456324215,2.602836879432624,1936.0,-6911.2,141,100.0
273,PTLBES_BESS1,-34242.77348,-31775.534730000003,-2467.238749999999,35.09444444444445,7.503541666666667,0.039617811742580375,91.89583333333333,15094.2,-1300.0,144,5.0
274,ALVIN_RN,-37580.74531,-40133.635310000005,2552.889999999999,33.99930555555555,12.468680555555556,-0.06569977730032384,38.46319444444444,3166.3,-6741.2,144,9.9
275,RUSSEKST_RN,-84684.41974999999,-9547.24075,-75137.17899999999,39.297222222222224,8.182777777777778,-1.5078532415518062,35.23888888888889,5076.7,-6976.0,144,9.9
276,GKS_BESS_RN,-189508.65075,-148996.58175,-40512.069,31.541258741258737,3.6825874125874125,2.4626974610534393,26.67972027972028,77854.7,-22104.6,143,40.0
