path,month,tou,hours,premium,payout,pnl
GKS->SOUTH,2025-02,OFFPEAK,224,1426.506368,1573.3601,146.85373942187493
GKS->SOUTH,2025-02,WDPEAK,304,3097.53024,1912.95,-1184.580288828125
GKS->SOUTH,2025-02,WEPEAK,144,1022.054656,466.86002,-555.1946401308594
HOUSTON->NORTH,2024-08,OFFPEAK,248,107.093592,0.67999935,-106.41359264849854
HOUSTON->NORTH,2024-08,WDPEAK,352,1066.753248,277.74005,-789.0131967304687
HOUSTON->NORTH,2024-08,WEPEAK,144,336.328704,58.350006,-277.9786978964844
HOUSTON->NORTH,2024-09,OFFPEAK,240,65.80464,66.66,0.8553636621093688
HOUSTON->NORTH,2024-09,WDPEAK,320,608.05024,247.95999,-360.0902485449219
HOUSTON->NORTH,2024-09,WEPEAK,160,219.05664,89.45999,-129.59664854492186
HOUSTON->NORTH,2024-10,OFFPEAK,248,130.726256,0.72999954,-129.99625645776368
HOUSTON->NORTH,2024-10,WDPEAK,352,540.313792,593.61,53.296193351562465
HOUSTON->NORTH,2024-10,WEPEAK,144,132.25344,187.28,55.02655877929686
HOUSTON->NORTH,2024-11,OFFPEAK,240,167.253036,198.29001,31.036972544921866
HOUSTON->NORTH,2024-11,WDPEAK,304,485.35232,555.92,70.56766291015623
HOUSTON->NORTH,2024-11,WEPEAK,176,191.71264,215.51999,23.80734901367188
HOUSTON->NORTH,2024-12,OFFPEAK,248,109.8206,144.89003,35.069429907226564
HOUSTON->NORTH,2024-12,WDPEAK,336,375.535776,449.10004,73.56426062109375
HOUSTON->NORTH,2024-12,WEPEAK,160,145.25872,160.1,14.841286103515614
HOUSTON->NORTH,2025-01,OFFPEAK,248,451.611224,363.1,-88.51121789648437
HOUSTON->NORTH,2025-01,WDPEAK,336,1107.856992,970.36,-137.4970066484375
HOUSTON->NORTH,2025-01,WEPEAK,160,339.253632,225.6,-113.65362589648436
HOUSTON->NORTH,2025-02,OFFPEAK,224,424.92352,562.15,137.2265044140625
HOUSTON->NORTH,2025-02,WDPEAK,304,1147.89536,1139.4299,-8.465428359374982
HOUSTON->NORTH,2025-02,WEPEAK,144,313.328768,237.39001,-75.93875335156253
HOUSTON->NORTH,2025-03,OFFPEAK,247,311.208885,55.039986,-256.1688993432617
HOUSTON->NORTH,2025-03,WDPEAK,336,507.856272,69.770004,-438.08626772753905
HOUSTON->NORTH,2025-03,WEPEAK,160,161.68608,24.810005,-136.87607481201172
HOUSTON->NORTH,2025-04,OFFPEAK,240,303.87864,100.799995,-203.07864457763674
HOUSTON->NORTH,2025-04,WDPEAK,352,1041.954496,159.24002,-882.7144752480469
HOUSTON->NORTH,2025-04,WEPEAK,128,329.37984,74.75,-254.62984
HOUSTON->NORTH,2025-05,OFFPEAK,248,274.019168,89.59,-184.42917166210935
HOUSTON->NORTH,2025-05,WDPEAK,336,669.4968,157.19,-512.3067975585938
HOUSTON->NORTH,2025-05,WEPEAK,160,246.4608,26.13999,-220.32081014709473
HOUSTON->NORTH,2025-06,OFFPEAK,240,286.55232,39.54001,-247.01231145507813
HOUSTON->NORTH,2025-06,WDPEAK,320,942.381552,101.729996,-840.651556272461
HOUSTON->NORTH,2025-06,WEPEAK,160,321.091632,90.42,-230.6716338310547
HOUSTON->NORTH,2025-07,OFFPEAK,248,185.951888,83.88,-102.07189074658203
HOUSTON->NORTH,2025-07,WDPEAK,352,1210.976096,447.73004,-763.2460544960938
HOUSTON->NORTH,2025-07,WEPEAK,144,409.583952,189.81999,-219.76395993457032
HOUSTON->NORTH,2025-08,OFFPEAK,248,203.927176,66.259995,-137.66718149316407
HOUSTON->NORTH,2025-08,WDPEAK,336,1045.45056,345.65994,-699.7906173730469
HOUSTON->NORTH,2025-08,WEPEAK,160,399.05776,65.100006,-333.95775389648435
HOUSTON->NORTH,2025-09,OFFPEAK,240,182.86152,30.040016,-152.8215038256836
HOUSTON->NORTH,2025-09,WDPEAK,336,788.213664,162.88,-625.3336591171875
HOUSTON->NORTH,2025-09,WEPEAK,144,254.933568,68.71,-186.22356891552735
HOUSTON->NORTH,2025-10,OFFPEAK,248,228.643352,23.910004,-204.73334833789062
HOUSTON->NORTH,2025-10,WDPEAK,352,732.08632,9.269999,-722.816321449585
HOUSTON->NORTH,2025-10,WEPEAK,144,215.809536,21.080006,-194.72953035424806
HOUSTON->NORTH,2025-11,OFFPEAK,240,256.810082,141.22,-115.5900807792969
HOUSTON->NORTH,2025-11,WDPEAK,288,792.670272,160.76,-631.910277493164
HOUSTON->NORTH,2025-11,WEPEAK,192,281.978752,131.68999,-150.2887648173828
HOUSTON->NORTH,2025-12,OFFPEAK,248,310.615784,1017.6,706.9841915859374
HOUSTON->NORTH,2025-12,WDPEAK,352,745.029824,1331.8999,586.87007834375
HOUSTON->NORTH,2025-12,WEPEAK,144,223.424496,278.16998,54.745486910156245
HOUSTON->NORTH,2026-01,OFFPEAK,248,1061.438016,3882.1897,2820.751681265625
HOUSTON->NORTH,2026-01,WDPEAK,320,1788.936576,2176.93,387.99335564062494
HOUSTON->NORTH,2026-01,WEPEAK,176,576.90736,3478.88,2901.9725228125
HOUSTON->NORTH,2026-02,OFFPEAK,224,747.180224,356.61002,-390.5702081308593
HOUSTON->NORTH,2026-02,WDPEAK,304,1485.936,335.21005,-1150.7259475097655
HOUSTON->NORTH,2026-02,WEPEAK,144,478.276992,127.22001,-351.05698314990235
HOUSTON->NORTH,2026-03,OFFPEAK,247,458.163758,72.42999,-385.7337653242187
HOUSTON->NORTH,2026-03,WDPEAK,352,1051.906592,191.79002,-860.1165681962891
HOUSTON->NORTH,2026-03,WEPEAK,144,364.799808,16.379992,-348.4198164686279
HOUSTON->NORTH,2026-04,OFFPEAK,240,235.30368,127.65999,-107.6436915966797
HOUSTON->NORTH,2026-04,WDPEAK,352,584.703328,370.83997,-213.86336217968756
HOUSTON->NORTH,2026-04,WEPEAK,128,196.15296,57.95,-138.20295923706055
HOUSTON->NORTH,2026-05,OFFPEAK,248,196.430136,76.630005,-119.8001311171875
HOUSTON->NORTH,2026-05,WDPEAK,320,616.78272,110.100006,-506.6827138964844
HOUSTON->NORTH,2026-05,WEPEAK,176,249.288688,21.869999,-227.41868906811524
HOUSTON->NORTH,2026-06,OFFPEAK,240,269.27928,25.299997,-243.97928267028811
HOUSTON->NORTH,2026-06,WDPEAK,336,944.518784,92.08001,-852.4387745395508
HOUSTON->NORTH,2026-06,WEPEAK,144,335.526272,11.959999,-323.56627291552735
HOUSTON->NORTH,2026-07,OFFPEAK,248,224.24408,41.899982,-182.34409754760742
HOUSTON->NORTH,2026-07,WDPEAK,352,1234.394544,243.21002,-991.1845220273437
HOUSTON->NORTH,2026-07,WEPEAK,144,357.12,30.109995,-327.01000511169434
HOUSTON->NORTH,2026-08,OFFPEAK,248,132.65148,21.009998,-111.64148167846679
HOUSTON->NORTH,2026-08,WDPEAK,336,1124.966976,533.2,-591.7669637929687
HOUSTON->NORTH,2026-08,WEPEAK,160,411.60528,129.25002,-282.35526474121093
HOUSTON->NORTH,2026-09,OFFPEAK,176,136.54344,2.4700031,-134.07343687194825
HOUSTON->NORTH,2026-09,WDPEAK,240,881.739936,250.84995,-630.8899909316406
HOUSTON->NORTH,2026-09,WEPEAK,112,285.771888,180.60999,-105.16190264843749
HOUSTON->PAN,2025-01,OFFPEAK,248,510.724504,593.98,83.25547646874998
HOUSTON->PAN,2025-01,WDPEAK,336,1182.724576,1228.3,45.57547282812493
HOUSTON->PAN,2025-01,WEPEAK,160,362.805408,243.97,-118.83540677929687
HOUSTON->PAN,2025-02,WDPEAK,304,1229.08992,1207.75,-21.339919999999893
HOUSTON->PAN,2025-02,WEPEAK,144,330.414976,202.96,-127.45496928613284
HOUSTON->PAN,2025-03,WEPEAK,160,224.5728,57.850002,-166.72279771118164
HOUSTON->PAN,2025-04,WDPEAK,352,1015.422496,128.68002,-886.7424728066406
HOUSTON->PAN,2025-04,WEPEAK,128,338.386432,56.699974,-281.6864579399414
HOUSTON->PAN,2025-05,OFFPEAK,248,440.297712,158.41,-281.8877083378906
HOUSTON->PAN,2025-05,WDPEAK,336,642.407136,34.870003,-607.537133253418
HOUSTON->PAN,2025-05,WEPEAK,160,229.51632,24.160002,-205.35631824523927
HOUSTON->PAN,2025-06,OFFPEAK,240,419.67072,90.33998,-329.33073892089845
HOUSTON->PAN,2025-06,WDPEAK,320,871.339392,99.90999,-771.4294035966797
HOUSTON->PAN,2025-06,WEPEAK,160,319.408992,62.289993,-257.1189987138672
HOUSTON->SOUTH,2024-08,OFFPEAK,248,353.26112,247.78001,-105.48110596191407
HOUSTON->SOUTH,2024-08,WDPEAK,352,1306.9672,365.27002,-941.69718046875
HOUSTON->SOUTH,2024-08,WEPEAK,144,429.388272,138.37003,-291.01824636523435
HOUSTON->SOUTH,2024-09,OFFPEAK,240,301.26336,137.68,-163.58336732421873
HOUSTON->SOUTH,2024-09,WDPEAK,320,554.34656,527.15,-27.196535585937454
HOUSTON->SOUTH,2024-09,WEPEAK,160,223.07184,121.34,-101.73184366210938
HOUSTON->SOUTH,2024-10,OFFPEAK,248,331.571536,340.1,8.528470103515644
HOUSTON->SOUTH,2024-10,WDPEAK,352,880.14376,990.51,110.36624976562496
HOUSTON->SOUTH,2024-10,WEPEAK,144,258.625792,352.52,93.89419701367189
HOUSTON->SOUTH,2024-11,OFFPEAK,240,445.248223,231.16,-214.08821933789062
HOUSTON->SOUTH,2024-11,WDPEAK,304,1075.13696,660.88,-414.25695511718754
HOUSTON->SOUTH,2024-11,WEPEAK,176,420.58304,58.280018,-362.3030221472168
HOUSTON->SOUTH,2024-12,OFFPEAK,248,486.373136,179.56,-306.81313844140624
HOUSTON->SOUTH,2024-12,WDPEAK,336,913.9032,91.8,-822.1031969482422
HOUSTON->SOUTH,2024-12,WEPEAK,160,306.40848,84.03999,-222.36848671386718
HOUSTON->SOUTH,2025-01,OFFPEAK,248,469.064472,257.18002,-211.88444880664065
HOUSTON->SOUTH,2025-01,WDPEAK,336,752.205696,267.36996,-484.8357314003906
HOUSTON->SOUTH,2025-01,WEPEAK,160,223.167312,52.579994,-170.58731779833985
HOUSTON->SOUTH,2025-02,OFFPEAK,224,345.583168,114.990005,-230.59316250683594
HOUSTON->SOUTH,2025-02,WDPEAK,304,576.9872,107.270004,-469.7171957275391
HOUSTON->SOUTH,2025-02,WEPEAK,144,198.64704,53.159996,-145.48704396728516
HOUSTON->SOUTH,2025-03,OFFPEAK,247,500.717412,155.35997,-345.3574419072266
HOUSTON->SOUTH,2025-03,WDPEAK,336,760.00008,74.90999,-685.0900915966797
HOUSTON->SOUTH,2025-03,WEPEAK,160,320.61456,40.639996,-279.9745644250488
HOUSTON->SOUTH,2025-04,OFFPEAK,240,433.5324,105.95999,-327.57240854492187
HOUSTON->SOUTH,2025-04,WDPEAK,352,789.334656,50.170006,-739.1646502016602
HOUSTON->SOUTH,2025-04,WEPEAK,128,233.78944,24.51998,-209.2694605230713
HOUSTON->SOUTH,2025-05,OFFPEAK,248,454.430736,91.380005,-363.0507311171875
HOUSTON->SOUTH,2025-05,WDPEAK,336,1058.66208,56.590004,-1002.0720760327149
HOUSTON->SOUTH,2025-05,WEPEAK,160,386.96576,19.980003,-366.9857566430664
HOUSTON->SOUTH,2025-06,OFFPEAK,240,518.64,66.39,-452.25000061035155
HOUSTON->SOUTH,2025-06,WDPEAK,320,1422.974448,33.18,-1389.7944476948242
HOUSTON->SOUTH,2025-06,WEPEAK,160,453.253968,4.8700037,-448.38396429974364
HOUSTON->SOUTH,2025-07,OFFPEAK,248,232.25324,69.30999,-162.9432500708008
HOUSTON->SOUTH,2025-07,WDPEAK,352,1060.260256,24.74,-1035.5202562288819
HOUSTON->SOUTH,2025-07,WEPEAK,144,306.399312,20.979996,-285.41931627246095
HOUSTON->SOUTH,2025-08,OFFPEAK,248,269.835904,106.22,-163.6159027792969
HOUSTON->SOUTH,2025-08,WDPEAK,336,1146.412512,833.53,-312.8824827031251
HOUSTON->SOUTH,2025-08,WEPEAK,160,381.9424,296.80005,-85.14235117187502
HOUSTON->SOUTH,2025-09,OFFPEAK,240,344.58432,149.54999,-195.03433220703124
HOUSTON->SOUTH,2025-09,WDPEAK,336,1355.59704,161.59,-1194.0070436621095
HOUSTON->SOUTH,2025-09,WEPEAK,144,406.819584,50.770008,-356.0495759128418
HOUSTON->SOUTH,2025-10,OFFPEAK,248,605.125208,350.02002,-255.10518846875004
HOUSTON->SOUTH,2025-10,WDPEAK,352,1919.861152,626.2699,-1293.5912545390624
HOUSTON->SOUTH,2025-10,WEPEAK,144,504.901504,415.42,-89.48149057226561
HOUSTON->SOUTH,2025-11,OFFPEAK,240,569.607597,249.79001,-319.8175884550782
HOUSTON->SOUTH,2025-11,WDPEAK,288,1245.352416,1087.67,-157.68237205468745
HOUSTON->SOUTH,2025-11,WEPEAK,192,678.811584,479.29004,-199.52154493750004
HOUSTON->SOUTH,2025-12,OFFPEAK,248,718.289096,1211.3099,493.0208405234375
HOUSTON->SOUTH,2025-12,WDPEAK,352,1608.657952,2494.3298,885.671881984375
HOUSTON->SOUTH,2025-12,WEPEAK,144,494.658288,383.39,-111.26827335156253
HOUSTON->SOUTH,2026-01,OFFPEAK,248,1101.515064,688.36005,-413.1550176132812
HOUSTON->SOUTH,2026-01,WDPEAK,320,1612.985136,732.5399,-880.4452190078125
HOUSTON->SOUTH,2026-01,WEPEAK,176,510.10144,168.35,-341.7514338964844
HOUSTON->SOUTH,2026-02,OFFPEAK,224,619.809792,60.50001,-559.3097805559082
HOUSTON->SOUTH,2026-02,WDPEAK,304,1306.71936,72.94,-1233.7793575585938
HOUSTON->SOUTH,2026-02,WEPEAK,144,398.565632,34.56,-364.005630626709
HOUSTON->SOUTH,2026-03,OFFPEAK,247,469.438814,68.869995,-400.5688188828125
HOUSTON->SOUTH,2026-03,WDPEAK,352,1326.703136,90.81,-1235.8931384414063
HOUSTON->SOUTH,2026-03,WEPEAK,144,403.938,58.489998,-345.44800213623046
HOUSTON->SOUTH,2026-04,OFFPEAK,240,333.0096,228.62,-104.38960488281248
HOUSTON->SOUTH,2026-04,WDPEAK,352,1051.537344,909.25,-142.28734400000008
HOUSTON->SOUTH,2026-04,WEPEAK,128,337.336704,817.7999,480.4632227578125
HOUSTON->SOUTH,2026-05,OFFPEAK,248,304.198784,179.35997,-124.83881390722655
HOUSTON->SOUTH,2026-05,WDPEAK,320,1188.15392,524.41,-663.7439468554687
HOUSTON->SOUTH,2026-05,WEPEAK,176,488.136,305.09003,-183.04597314453127
HOUSTON->SOUTH,2026-06,OFFPEAK,240,419.77776,91.31001,-328.4677471826172
HOUSTON->SOUTH,2026-06,WDPEAK,336,1521.957888,198.41,-1323.5478843378905
HOUSTON->SOUTH,2026-06,WEPEAK,144,473.312384,9.429998,-463.88238560217286
HOUSTON->SOUTH,2026-07,OFFPEAK,248,357.931456,53.800003,-304.1314529482422
HOUSTON->SOUTH,2026-07,WDPEAK,352,1377.167872,22.79,-1354.3778710844726
HOUSTON->SOUTH,2026-07,WEPEAK,144,400.736768,7.4699965,-393.26677154766844
HOUSTON->SOUTH,2026-08,OFFPEAK,248,227.59084,107.23999,-120.35084976562499
HOUSTON->SOUTH,2026-08,WDPEAK,336,1173.757872,101.13999,-1072.617880239746
HOUSTON->SOUTH,2026-08,WEPEAK,160,413.8392,148.48,-265.35920427246094
HOUSTON->SOUTH,2026-09,OFFPEAK,176,269.18784,72.75,-196.43784
HOUSTON->SOUTH,2026-09,WDPEAK,240,1474.48392,107.72998,-1366.75393953125
HOUSTON->SOUTH,2026-09,WEPEAK,112,532.71072,56.809998,-475.9007224414063
HOUSTON->WEST,2024-08,OFFPEAK,248,696.094336,756.86005,60.76571038671875
HOUSTON->WEST,2024-08,WDPEAK,352,1684.259808,1012.3701,-671.8896908125
HOUSTON->WEST,2024-08,WEPEAK,144,592.652736,341.43,-251.22274332421875
HOUSTON->WEST,2024-09,OFFPEAK,240,1162.6932,973.48004,-189.21315849609368
HOUSTON->WEST,2024-09,WDPEAK,320,1510.00736,1249.36,-260.64737464843756
HOUSTON->WEST,2024-09,WEPEAK,160,640.19088,428.51,-211.680870234375
HOUSTON->WEST,2024-10,OFFPEAK,248,1956.729176,532.82,-1423.9091686757813
HOUSTON->WEST,2024-10,WDPEAK,352,1858.277088,2219.47,361.19288270312495
HOUSTON->WEST,2024-10,WEPEAK,144,634.917888,746.63,111.71211688281255
HOUSTON->WEST,2024-11,OFFPEAK,240,2006.599981,883.01996,-1123.5800225039063
HOUSTON->WEST,2024-11,WDPEAK,304,1628.46592,1130.15,-498.3158955859376
HOUSTON->WEST,2024-11,WEPEAK,176,669.52256,333.94,-335.58255755859375
HOUSTON->WEST,2024-12,OFFPEAK,248,1008.989736,1491.3501,482.36036165625
HOUSTON->WEST,2024-12,WDPEAK,336,947.750832,1194.4401,246.68923147656255
HOUSTON->WEST,2024-12,WEPEAK,160,336.13936,462.25,126.11063999999999
HOUSTON->WEST,2025-01,OFFPEAK,248,1499.781736,1496.09,-3.69177017968741
HOUSTON->WEST,2025-01,WDPEAK,336,1825.571264,2013.05,187.47878482812507
HOUSTON->WEST,2025-01,WEPEAK,160,606.91392,455.72,-151.19391877929684
HOUSTON->WEST,2025-02,OFFPEAK,224,1537.305952,1584.3801,47.074174953125066
HOUSTON->WEST,2025-02,WDPEAK,304,1867.86976,1831.2799,-36.58985277343754
HOUSTON->WEST,2025-02,WEPEAK,144,569.943808,469.3,-100.64382020703124
HOUSTON->WEST,2025-03,OFFPEAK,247,2087.944105,664.66,-1423.2841318554688
HOUSTON->WEST,2025-03,WDPEAK,336,1836.722832,376.13,-1460.5928271171874
HOUSTON->WEST,2025-03,WEPEAK,160,783.70496,160.84001,-622.8649484033203
HOUSTON->WEST,2025-04,OFFPEAK,240,1434.14688,1141.15,-292.9968555859375
HOUSTON->WEST,2025-04,WDPEAK,352,1537.745088,650.05005,-887.6950391718749
HOUSTON->WEST,2025-04,WEPEAK,128,583.571968,156.04999,-427.5219802070312
HOUSTON->WEST,2025-05,OFFPEAK,248,1388.846128,1330.7,-58.14617682812491
HOUSTON->WEST,2025-05,WDPEAK,336,1299.878496,524.1,-775.7785204140625
HOUSTON->WEST,2025-05,WEPEAK,160,502.61824,185.45001,-317.16822779296876
HOUSTON->WEST,2025-06,OFFPEAK,240,1327.554,930.37,-397.1840048828126
HOUSTON->WEST,2025-06,WDPEAK,320,1221.918096,345.86,-876.0581106484376
HOUSTON->WEST,2025-06,WEPEAK,160,421.094448,185.96999,-235.12446203808594
HOUSTON->WEST,2025-07,OFFPEAK,248,1259.388392,1164.96,-94.42843106250007
HOUSTON->WEST,2025-07,WDPEAK,352,1557.998464,691.54,-866.4584859726563
HOUSTON->WEST,2025-07,WEPEAK,144,554.785344,251.84003,-302.94531714453126
HOUSTON->WEST,2025-08,OFFPEAK,248,1392.71468,1661.88,269.16532488281246
HOUSTON->WEST,2025-08,WDPEAK,336,1462.266624,972.2599,-490.0067363046876
HOUSTON->WEST,2025-08,WEPEAK,160,605.7488,338.02002,-267.72878046874996
HOUSTON->WEST,2025-09,OFFPEAK,240,2039.61576,1453.1199,-586.4958869531249
HOUSTON->WEST,2025-09,WDPEAK,336,1649.013744,1040.16,-608.8537098203126
HOUSTON->WEST,2025-09,WEPEAK,144,569.786688,361.15002,-208.63666358593753
HOUSTON->WEST,2025-10,OFFPEAK,248,2188.153104,1410.97,-777.183133296875
HOUSTON->WEST,2025-10,WDPEAK,352,1970.742304,826.81,-1143.9323064414064
HOUSTON->WEST,2025-10,WEPEAK,144,648.296064,428.90002,-219.3960395859375
HOUSTON->WEST,2025-11,OFFPEAK,240,2015.508064,876.5,-1139.008064
HOUSTON->WEST,2025-11,WDPEAK,288,1739.602,678.15,-1061.4519755859376
HOUSTON->WEST,2025-11,WEPEAK,192,726.749232,427.25003,-299.4992014824219
HOUSTON->WEST,2025-12,OFFPEAK,248,1906.071952,2062.58,156.508126125
HOUSTON->WEST,2025-12,WDPEAK,352,1691.820768,2333.65,641.82913434375
HOUSTON->WEST,2025-12,WEPEAK,144,654.931728,675.06,20.12826955859373
HOUSTON->WEST,2026-01,OFFPEAK,248,2311.032392,5567.58,3256.547686125
HOUSTON->WEST,2026-01,WDPEAK,320,2632.063056,3219.04,586.9769830625
HOUSTON->WEST,2026-01,WEPEAK,176,911.84384,4667.52,3755.67617953125
HOUSTON->WEST,2026-02,OFFPEAK,224,1757.484512,733.34,-1024.1444851445312
HOUSTON->WEST,2026-02,WDPEAK,304,2072.47808,516.36005,-1556.118033613281
HOUSTON->WEST,2026-02,WEPEAK,144,703.595264,228.20999,-475.3852725449219
HOUSTON->WEST,2026-03,OFFPEAK,247,1606.505784,240.34003,-1366.1657571445312
HOUSTON->WEST,2026-03,WDPEAK,352,1602.255072,437.91,-1164.3450683378906
HOUSTON->WEST,2026-03,WEPEAK,144,615.373632,116.98,-498.39362864306645
HOUSTON->WEST,2026-04,OFFPEAK,240,1179.86784,650.54,-529.3278619726561
HOUSTON->WEST,2026-04,WDPEAK,352,1025.42176,576.29004,-449.13172093749995
HOUSTON->WEST,2026-04,WEPEAK,128,377.538176,84.880005,-292.6581711171875
HOUSTON->WEST,2026-05,OFFPEAK,248,865.80272,739.82996,-125.97276394531252
HOUSTON->WEST,2026-05,WDPEAK,320,939.47584,335.03998,-604.4358619726562
HOUSTON->WEST,2026-05,WEPEAK,176,416.941008,99.66001,-317.2809967084961
HOUSTON->WEST,2026-06,OFFPEAK,240,1095.68688,401.21002,-694.4768580273437
HOUSTON->WEST,2026-06,WDPEAK,336,1285.005568,154.05998,-1130.9455857001954
HOUSTON->WEST,2026-06,WEPEAK,144,438.267264,56.359993,-381.907271019043
HOUSTON->WEST,2026-07,OFFPEAK,248,844.948648,330.69,-514.2586455585938
HOUSTON->WEST,2026-07,WDPEAK,352,1425.619856,379.64,-1045.9798413515625
HOUSTON->WEST,2026-07,WEPEAK,144,446.404736,96.079994,-350.32474179833986
HOUSTON->WEST,2026-08,OFFPEAK,248,626.497848,365.52002,-260.97782846875
HOUSTON->WEST,2026-08,WDPEAK,336,1469.47248,656.14996,-813.3225166210937
HOUSTON->WEST,2026-08,WEPEAK,160,556.1088,258.04004,-298.0687609375
HOUSTON->WEST,2026-09,OFFPEAK,176,839.26536,192.14001,-647.1253453515625
HOUSTON->WEST,2026-09,WDPEAK,240,1248.573312,346.37,-902.2033168828125
HOUSTON->WEST,2026-09,WEPEAK,112,490.419648,222.31,-268.10965044140625
NORTH->HOUSTON,2024-08,OFFPEAK,248,293.093592,270.01,-23.083582234375
NORTH->HOUSTON,2024-08,WDPEAK,352,1910.017472,383.59003,-1526.4274451445312
NORTH->HOUSTON,2024-08,WEPEAK,144,638.824464,116.149994,-522.6744701035157
NORTH->HOUSTON,2024-09,OFFPEAK,240,320.56512,148.97,-171.59511877929685
NORTH->HOUSTON,2024-09,WDPEAK,320,1312.37216,475.81003,-836.562131923828
NORTH->HOUSTON,2024-09,WEPEAK,160,499.05664,156.57999,-342.4766534277344
NORTH->HOUSTON,2024-10,OFFPEAK,248,443.206256,807.24,364.033734234375
NORTH->HOUSTON,2024-10,WDPEAK,352,1949.753792,748.68,-1201.0737993242187
NORTH->HOUSTON,2024-10,WEPEAK,144,507.95008,200.09,-307.8600836621094
NORTH->HOUSTON,2024-11,OFFPEAK,240,478.143036,214.67001,-263.4730225722656
NORTH->HOUSTON,2024-11,WDPEAK,304,1262.95232,382.16998,-880.7823370898438
NORTH->HOUSTON,2024-11,WEPEAK,176,452.51264,82.05998,-370.4526577001953
NORTH->HOUSTON,2024-12,OFFPEAK,248,409.9006,208.79999,-201.10061220703125
NORTH->HOUSTON,2024-12,WDPEAK,336,777.392448,164.54001,-612.8524394550781
NORTH->HOUSTON,2024-12,WEPEAK,160,287.52096,53.590004,-233.93095603271485
NORTH->HOUSTON,2025-01,OFFPEAK,248,364.811224,98.02999,-266.78123285009764
NORTH->HOUSTON,2025-01,WDPEAK,336,623.580672,221.20999,-402.3706805449219
NORTH->HOUSTON,2025-01,WEPEAK,160,195.253632,26.150002,-169.1036304741211
NORTH->HOUSTON,2025-02,OFFPEAK,224,278.798016,231.89,-46.90801661035158
NORTH->HOUSTON,2025-02,WDPEAK,304,399.35104,273.97998,-125.37105953125001
NORTH->HOUSTON,2025-02,WEPEAK,144,133.401984,100.44001,-32.96197392919922
NORTH->HOUSTON,2025-03,OFFPEAK,247,961.502087,662.5299,-298.97217977343746
NORTH->HOUSTON,2025-03,WDPEAK,336,1851.856272,2376.38,524.5236108125
NORTH->HOUSTON,2025-03,WEPEAK,160,721.68608,582.22,-139.46610929687495
NORTH->HOUSTON,2025-04,OFFPEAK,240,779.03664,290.09,-488.9466436621094
NORTH->HOUSTON,2025-04,WDPEAK,352,2893.115456,2449.96,-443.1554950625
NORTH->HOUSTON,2025-04,WEPEAK,128,783.500544,535.44995,-248.050592828125
NORTH->HOUSTON,2025-05,OFFPEAK,248,562.997448,218.7,-344.2974510517578
NORTH->HOUSTON,2025-05,WDPEAK,336,1936.389168,2999.63,1063.2407148125
NORTH->HOUSTON,2025-05,WEPEAK,160,717.18528,943.60004,226.41475662109372
NORTH->HOUSTON,2025-06,OFFPEAK,240,361.56408,123.15001,-238.41407084472655
NORTH->HOUSTON,2025-06,WDPEAK,320,1950.381552,1683.44,-266.94161059375006
NORTH->HOUSTON,2025-06,WEPEAK,160,600.753456,764.60004,163.84658062109372
NORTH->HOUSTON,2025-07,OFFPEAK,248,257.076304,70.46,-186.61630491552734
NORTH->HOUSTON,2025-07,WDPEAK,352,2116.944192,876.67993,-1240.264260359375
NORTH->HOUSTON,2025-07,WEPEAK,144,698.173056,95.21,-602.9630569155273
NORTH->HOUSTON,2025-08,OFFPEAK,248,240.840488,122.09999,-118.74049715527343
NORTH->HOUSTON,2025-08,WDPEAK,336,1811.53056,942.6099,-868.9206356835937
NORTH->HOUSTON,2025-08,WEPEAK,160,668.93456,231.72,-437.2145587792969
NORTH->HOUSTON,2025-09,OFFPEAK,240,364.09632,154.47,-209.62631877929687
NORTH->HOUSTON,2025-09,WDPEAK,336,1811.846064,717.25,-1094.596064
NORTH->HOUSTON,2025-09,WEPEAK,144,607.733568,105.100006,-502.63356189648437
NORTH->HOUSTON,2025-10,OFFPEAK,248,571.253368,392.94998,-178.3033863105469
NORTH->HOUSTON,2025-10,WDPEAK,352,2227.163232,1306.81,-920.3531734062499
NORTH->HOUSTON,2025-10,WEPEAK,144,561.409536,605.32996,43.9204200546875
NORTH->HOUSTON,2025-11,OFFPEAK,240,548.359591,233.32999,-315.0296044277344
NORTH->HOUSTON,2025-11,WDPEAK,288,1701.630272,1179.21,-522.4203110625001
NORTH->HOUSTON,2025-11,WEPEAK,192,736.381008,402.95996,-333.42104706249995
NORTH->HOUSTON,2025-12,OFFPEAK,248,534.787448,56.759987,-478.02746112255863
NORTH->HOUSTON,2025-12,WDPEAK,352,1241.349824,291.03003,-950.3197947031249
NORTH->HOUSTON,2025-12,WEPEAK,144,341.131968,55.42,-285.71196983105466
NORTH->HOUSTON,2026-01,OFFPEAK,248,453.901504,12.710001,-441.1915030081787
NORTH->HOUSTON,2026-01,WDPEAK,320,704.90112,23.73,-681.1711204577637
NORTH->HOUSTON,2026-01,WEPEAK,176,250.58096,1.5999985,-248.9809615258789
NORTH->HOUSTON,2026-02,OFFPEAK,224,335.370336,14.589994,-320.780341569458
NORTH->HOUSTON,2026-02,WDPEAK,304,844.43168,861.45,17.01833220703122
NORTH->HOUSTON,2026-02,WEPEAK,144,283.40544,355.3,71.89454779296875
NORTH->HOUSTON,2026-03,OFFPEAK,247,676.338858,845.13995,168.8010956132813
NORTH->HOUSTON,2026-03,WDPEAK,352,2466.095456,2919.82,453.724612359375
NORTH->HOUSTON,2026-03,WEPEAK,144,878.879808,894.31,15.430189558593725
NORTH->HOUSTON,2026-04,OFFPEAK,240,521.8812,471.37,-50.511204882812535
NORTH->HOUSTON,2026-04,WDPEAK,352,2058.765632,2053.0,-5.765632000000096
NORTH->HOUSTON,2026-04,WEPEAK,128,595.51296,682.43,86.91703267578123
NORTH->HOUSTON,2026-05,OFFPEAK,248,575.870136,189.33003,-386.5401036513672
NORTH->HOUSTON,2026-05,WDPEAK,320,2331.98272,1263.39,-1068.5927053515625
NORTH->HOUSTON,2026-05,WEPEAK,176,925.128688,663.63,-261.4986831171875
NORTH->HOUSTON,2026-06,OFFPEAK,240,504.47928,75.22999,-429.2492919018555
NORTH->HOUSTON,2026-06,WDPEAK,336,2193.99312,1479.52,-714.4731004687501
NORTH->HOUSTON,2026-06,WEPEAK,144,721.327104,630.31,-91.01710644140621
NORTH->HOUSTON,2026-07,OFFPEAK,248,357.208536,66.169975,-291.03856071923826
NORTH->HOUSTON,2026-07,WDPEAK,352,2294.234544,1045.3601,-1248.874436578125
NORTH->HOUSTON,2026-07,WEPEAK,144,625.92,317.8,-308.1200122070312
NORTH->HOUSTON,2026-08,OFFPEAK,248,239.536008,120.52999,-119.00601685009767
NORTH->HOUSTON,2026-08,WDPEAK,336,1744.803648,1303.1101,-441.69354057812507
NORTH->HOUSTON,2026-08,WEPEAK,160,571.60528,384.05,-187.55529220703124
NORTH->HOUSTON,2026-09,OFFPEAK,176,323.30064,41.149994,-282.1506461035156
NORTH->HOUSTON,2026-09,WDPEAK,240,2407.82976,772.18005,-1635.6497062890626
NORTH->HOUSTON,2026-09,WEPEAK,112,756.8424,240.43,-516.4124073242187
NORTH->PAN,2024-11,WDPEAK,304,520.43328,67.24001,-453.1932668774414
NORTH->PAN,2024-11,WEPEAK,176,213.89088,58.589993,-155.30088747680665
NORTH->PAN,2024-12,WDPEAK,336,227.800944,97.500015,-130.30092874121092
NORTH->PAN,2024-12,WEPEAK,160,92.6528,47.67,-44.98280183105469
NORTH->PAN,2025-01,WDPEAK,336,291.00192,339.66,48.65808366210939
NORTH->PAN,2025-01,WEPEAK,160,87.35616,57.060005,-30.29615481201172
NORTH->PAN,2025-02,WDPEAK,304,298.07072,182.64005,-115.43067483398437
NORTH->PAN,2025-02,WEPEAK,144,79.55776,26.490004,-53.06775641418457
NORTH->PAN,2025-03,WDPEAK,336,366.232608,21.210007,-345.02260128613284
NORTH->PAN,2025-03,WEPEAK,160,134.50704,37.080006,-97.42703435424804
NORTH->PAN,2025-04,WDPEAK,352,423.999488,42.54001,-381.4594794550781
NORTH->PAN,2025-04,WEPEAK,128,141.440128,23.409988,-118.03013959667967
NORTH->PAN,2025-05,WDPEAK,336,230.123712,6.0700016,-224.05371039782716
NORTH->PAN,2025-05,WEPEAK,160,100.8048,11.620003,-89.18479725341797
NORTH->PAN,2025-06,WDPEAK,320,398.562192,20.569988,-377.99220374926756
NORTH->PAN,2025-06,WEPEAK,160,135.84312,8.309996,-127.53312434875488
NORTH->PAN,2025-07,WDPEAK,352,518.588224,97.85998,-420.728246277832
NORTH->PAN,2025-08,WDPEAK,336,456.480528,189.64,-266.84052861035156
NORTH->PAN,2025-09,WDPEAK,336,502.48128,73.92003,-428.5612513134766
NORTH->PAN,2025-10,WDPEAK,352,636.06224,219.24004,-416.8222039892578
NORTH->PAN,2025-11,WDPEAK,288,676.268368,131.88,-544.3883631171875
NORTH->PAN,2025-11,WEPEAK,192,266.340976,48.740005,-217.60097050683595
NORTH->SOUTH,2024-08,OFFPEAK,248,581.611336,517.49,-64.12134576562505
NORTH->SOUTH,2024-08,WDPEAK,352,2238.01072,663.64,-1574.3707053515627
NORTH->SOUTH,2024-08,WEPEAK,144,706.3272,251.44,-454.8871975585937
NORTH->SOUTH,2024-09,OFFPEAK,240,599.59776,283.94998,-315.64777831054687
NORTH->SOUTH,2024-09,WDPEAK,320,1299.0912,738.49,-560.6012097656251
NORTH->SOUTH,2024-09,WEPEAK,160,486.08432,162.70999,-323.37432854492187
NORTH->SOUTH,2024-10,OFFPEAK,248,742.631784,1137.22,394.58818670312496
NORTH->SOUTH,2024-10,WDPEAK,352,2056.81272,1232.31,-824.5026614062499
NORTH->SOUTH,2024-10,WEPEAK,144,599.282048,375.98,-223.3020370136719
NORTH->SOUTH,2024-11,OFFPEAK,240,864.315411,404.86002,-459.4553951308594
NORTH->SOUTH,2024-11,WDPEAK,304,1856.0,697.05005,-1158.949951171875
NORTH->SOUTH,2024-11,WEPEAK,176,703.7048,106.420006,-597.2847942016601
NORTH->SOUTH,2024-12,OFFPEAK,248,850.640248,366.99002,-483.6502272480469
NORTH->SOUTH,2024-12,WDPEAK,336,1383.840864,169.52002,-1214.32084446875
NORTH->SOUTH,2024-12,WEPEAK,160,486.38336,86.83,-399.5533581689453
NORTH->SOUTH,2025-01,OFFPEAK,248,682.31124,329.84,-352.4712436621094
NORTH->SOUTH,2025-01,WDPEAK,336,918.219456,362.72998,-555.48947553125
NORTH->SOUTH,2025-01,WEPEAK,160,291.068352,56.51999,-234.54836298632813
NORTH->SOUTH,2025-02,OFFPEAK,224,548.445856,268.44998,-279.9958743105469
NORTH->SOUTH,2025-02,WDPEAK,304,690.47968,187.51999,-502.95969098632816
NORTH->SOUTH,2025-02,WEPEAK,144,238.603136,132.89,-105.71313661035157
NORTH->SOUTH,2025-03,OFFPEAK,247,1252.915651,642.69995,-610.215699828125
NORTH->SOUTH,2025-03,WDPEAK,336,1931.017872,1044.3398,-886.6780282499999
NORTH->SOUTH,2025-03,WEPEAK,160,821.34384,248.54999,-572.7938522070313
NORTH->SOUTH,2025-04,OFFPEAK,240,1054.71024,283.39,-771.3202253515626
NORTH->SOUTH,2025-04,WDPEAK,352,2549.879552,437.86,-2112.0195666484374
NORTH->SOUTH,2025-04,WEPEAK,128,741.62432,154.44,-587.1843175585938
NORTH->SOUTH,2025-05,OFFPEAK,248,930.332072,245.70001,-684.6320597929688
NORTH->SOUTH,2025-05,WDPEAK,336,2217.62352,601.60004,-1616.0234833789063
NORTH->SOUTH,2025-05,WEPEAK,160,814.28864,49.620018,-764.6686219946289
NORTH->SOUTH,2025-06,OFFPEAK,240,802.9428,179.42001,-623.5227865722657
NORTH->SOUTH,2025-06,WDPEAK,320,2314.892496,189.04999,-2125.842508207031
NORTH->SOUTH,2025-06,WEPEAK,160,720.913104,32.800003,-688.1131009482422
NORTH->SOUTH,2025-07,OFFPEAK,248,476.41296,133.25,-343.16296
NORTH->SOUTH,2025-07,WDPEAK,352,2023.382944,111.530014,-1911.852929961914
NORTH->SOUTH,2025-07,WEPEAK,144,592.172928,10.339993,-581.8329354768066
NORTH->SOUTH,2025-08,OFFPEAK,248,473.267824,226.54,-246.7278307138672
NORTH->SOUTH,2025-08,WDPEAK,336,1927.700208,1746.55,-181.15015917187498
NORTH->SOUTH,2025-08,WEPEAK,160,623.10464,522.26,-100.84463023437502
NORTH->SOUTH,2025-09,OFFPEAK,240,648.59856,303.13998,-345.45857586914065
NORTH->SOUTH,2025-09,WDPEAK,336,2221.080288,644.8,-1576.2803002070314
NORTH->SOUTH,2025-09,WEPEAK,144,678.936384,133.69002,-545.2463662998047
NORTH->SOUTH,2025-10,OFFPEAK,248,1090.499648,738.16,-352.33967485546873
NORTH->SOUTH,2025-10,WDPEAK,352,3493.071456,1827.4,-1665.6714315859376
NORTH->SOUTH,2025-10,WEPEAK,144,915.616384,979.33,63.71363308984371
NORTH->SOUTH,2025-11,OFFPEAK,240,1028.279761,445.97,-582.3097597792969
NORTH->SOUTH,2025-11,WDPEAK,288,2460.277776,2130.55,-329.7277271718749
NORTH->SOUTH,2025-11,WEPEAK,192,1236.441008,766.08,-470.36099091015626
NORTH->SOUTH,2025-12,OFFPEAK,248,1201.633656,609.25995,-592.3737072695312
NORTH->SOUTH,2025-12,WDPEAK,352,2396.108704,1638.6401,-757.4685672812502
NORTH->SOUTH,2025-12,WEPEAK,144,710.754192,293.19998,-417.55421031054686
NORTH->SOUTH,2026-01,OFFPEAK,248,1201.198416,52.95002,-1148.2483961635742
NORTH->SOUTH,2026-01,WDPEAK,320,1643.765424,95.73001,-1548.0354130136718
NORTH->SOUTH,2026-01,WEPEAK,176,534.184,11.609999,-522.574001296997
NORTH->SOUTH,2026-02,OFFPEAK,224,726.475904,52.68,-673.7959036948242
NORTH->SOUTH,2026-02,WDPEAK,304,1407.46912,322.91998,-1084.5491370898437
NORTH->SOUTH,2026-02,WEPEAK,144,455.454464,195.48,-259.9744682724609
NORTH->SOUTH,2026-03,OFFPEAK,247,907.217662,827.96,-79.25764002734377
NORTH->SOUTH,2026-03,WDPEAK,352,2686.377408,1465.0599,-1221.3174714765623
NORTH->SOUTH,2026-03,WEPEAK,144,891.020736,483.99,-407.03074576562506
NORTH->SOUTH,2026-04,OFFPEAK,240,765.42864,622.65,-142.77861558593747
NORTH->SOUTH,2026-04,WDPEAK,352,2143.614176,2594.0103,450.39607790624996
NORTH->SOUTH,2026-04,WEPEAK,128,659.9936,1464.76,804.766409765625
NORTH->SOUTH,2026-05,OFFPEAK,248,810.712,356.51,-454.201990234375
NORTH->SOUTH,2026-05,WDPEAK,320,2482.42016,1153.0399,-1329.3802430078126
NORTH->SOUTH,2026-05,WEPEAK,176,1014.225168,689.0,-325.22516800000005
NORTH->SOUTH,2026-06,OFFPEAK,240,855.52992,157.69998,-697.8299383105468
NORTH->SOUTH,2026-06,WDPEAK,336,2947.101696,594.39996,-2352.701732621094
NORTH->SOUTH,2026-06,WEPEAK,144,956.437888,126.259995,-830.1778934931641
NORTH->SOUTH,2026-07,OFFPEAK,248,675.721384,112.22998,-563.49140353125
NORTH->SOUTH,2026-07,WDPEAK,352,2838.028144,110.790016,-2727.2381278256835
NORTH->SOUTH,2026-07,WEPEAK,144,781.804544,88.11,-693.6945433896484
NORTH->SOUTH,2026-08,OFFPEAK,248,443.911072,221.36996,-222.54110740039062
NORTH->SOUTH,2026-08,WDPEAK,336,2250.478272,238.65999,-2011.8182835966795
NORTH->SOUTH,2026-08,WEPEAK,160,747.21344,370.27,-376.9434509863281
NORTH->SOUTH,2026-09,OFFPEAK,176,546.94272,110.97999,-435.9627319018555
NORTH->SOUTH,2026-09,WDPEAK,240,2588.195904,416.19998,-2171.995922310547
NORTH->SOUTH,2026-09,WEPEAK,112,890.619408,104.649994,-785.9694141035156
NORTH->WEST,2024-08,OFFPEAK,248,812.53852,998.01,185.47148976562505
NORTH->WEST,2024-08,WDPEAK,352,1195.67712,949.89,-245.78710535156256
NORTH->WEST,2024-08,WEPEAK,144,446.826672,337.78,-109.0466732207031
NORTH->WEST,2024-09,OFFPEAK,240,1270.90368,1031.9299,-238.9737483593749
NORTH->WEST,2024-09,WDPEAK,320,1298.18592,1146.4,-151.7858955859374
NORTH->WEST,2024-09,WEPEAK,160,575.6584,382.97003,-192.68836826171878
NORTH->WEST,2024-10,OFFPEAK,248,2084.491584,762.38,-1322.1115791171874
NORTH->WEST,2024-10,WDPEAK,352,1857.403456,1892.59,35.186509820312494
NORTH->WEST,2024-10,WEPEAK,144,653.225728,609.33,-43.895710910156254
NORTH->WEST,2024-11,OFFPEAK,240,2234.786493,828.47003,-1406.3164612617188
NORTH->WEST,2024-11,WDPEAK,304,1741.51232,718.91003,-1022.6022858203125
NORTH->WEST,2024-11,WEPEAK,176,709.60544,195.48001,-514.1254290136719
NORTH->WEST,2024-12,OFFPEAK,248,1185.13992,1499.63,314.4900848828124
NORTH->WEST,2024-12,WDPEAK,336,1031.287152,830.28,-201.0071227031251
NORTH->WEST,2024-12,WEPEAK,160,368.6776,333.95996,-34.717639062499984
NORTH->WEST,2025-01,OFFPEAK,248,1356.56,1162.9099,-193.65008789062495
NORTH->WEST,2025-01,WDPEAK,336,1143.870112,1060.46,-83.41015106250006
NORTH->WEST,2025-01,WEPEAK,160,405.872496,258.06003,-147.81246792382814
NORTH->WEST,2025-02,OFFPEAK,224,1405.31552,1201.28,-204.0354907031251
NORTH->WEST,2025-02,WDPEAK,304,1190.19616,882.47,-307.72618929687496
NORTH->WEST,2025-02,WEPEAK,144,387.83488,302.96,-84.87488854492187
NORTH->WEST,2025-03,OFFPEAK,247,2284.388145,793.22,-1491.168174296875
NORTH->WEST,2025-03,WDPEAK,336,1951.25448,510.16003,-1441.0944458203126
NORTH->WEST,2025-03,WEPEAK,160,885.38592,166.74997,-718.6359505175782
NORTH->WEST,2025-04,OFFPEAK,240,1599.61968,1275.45,-324.169728828125
NORTH->WEST,2025-04,WDPEAK,352,1366.865632,765.68994,-601.17569059375
NORTH->WEST,2025-04,WEPEAK,128,528.689664,136.15001,-392.53965484472656
NORTH->WEST,2025-05,OFFPEAK,248,1501.14028,1452.35,-48.790304414062575
NORTH->WEST,2025-05,WDPEAK,336,1254.23256,518.25995,-735.9726112695312
NORTH->WEST,2025-05,WEPEAK,160,513.54896,201.44003,-312.1089270410156
NORTH->WEST,2025-06,OFFPEAK,240,1378.57128,999.61005,-378.96123361328114
NORTH->WEST,2025-06,WDPEAK,320,1132.715808,295.33997,-837.3758421796874
NORTH->WEST,2025-06,WEPEAK,160,374.0472,132.31,-241.73720244140623
NORTH->WEST,2025-07,OFFPEAK,248,1305.75224,1151.33,-154.42228394531253
NORTH->WEST,2025-07,WDPEAK,352,1080.341856,355.68,-724.6618633242188
NORTH->WEST,2025-07,WEPEAK,144,374.797872,135.11,-239.68787138964842
NORTH->WEST,2025-08,OFFPEAK,248,1405.558848,1717.72,312.1611227031251
NORTH->WEST,2025-08,WDPEAK,336,1089.754176,898.8,-190.95418820703117
NORTH->WEST,2025-08,WEPEAK,160,438.6528,355.56,-83.09280244140626
NORTH->WEST,2025-09,OFFPEAK,240,2137.65456,1577.5499,-560.1046332421874
NORTH->WEST,2025-09,WDPEAK,336,1441.677552,1121.36,-320.3175666484376
NORTH->WEST,2025-09,WEPEAK,144,504.127296,339.88,-164.2472911171875
NORTH->WEST,2025-10,OFFPEAK,248,2374.278592,1740.59,-633.6886261796876
NORTH->WEST,2025-10,WDPEAK,352,2195.612016,1425.76,-769.852006234375
NORTH->WEST,2025-10,WEPEAK,144,683.976448,629.75,-54.226448000000005
NORTH->WEST,2025-11,OFFPEAK,240,2165.156532,938.73,-1226.42655153125
NORTH->WEST,2025-11,WDPEAK,288,1673.925232,956.23,-717.69525153125
NORTH->WEST,2025-11,WEPEAK,192,782.472416,425.87,-356.60242088281245
NORTH->WEST,2025-12,OFFPEAK,248,2061.802808,1251.09,-810.7128421796874
NORTH->WEST,2025-12,WDPEAK,352,1612.410976,1159.37,-453.0409808828124
NORTH->WEST,2025-12,WEPEAK,144,641.74608,507.89,-133.8560653515625
NORTH->WEST,2026-01,OFFPEAK,248,1708.973208,1846.9198,137.9465918046874
NORTH->WEST,2026-01,WDPEAK,320,1347.894576,1300.51,-47.384566234374915
NORTH->WEST,2026-01,WEPEAK,176,525.7184,1312.5103,786.79185390625
NORTH->WEST,2026-02,OFFPEAK,224,1303.229312,484.72998,-818.4993315312499
NORTH->WEST,2026-02,WDPEAK,304,1086.11584,298.43,-787.6858473242187
NORTH->WEST,2026-02,WEPEAK,144,385.479552,132.73,-252.74955627246095
NORTH->WEST,2026-03,OFFPEAK,247,1479.513945,243.88,-1235.6339401171874
NORTH->WEST,2026-03,WDPEAK,352,1172.454272,333.16,-839.2942683378906
NORTH->WEST,2026-03,WEPEAK,144,461.976048,139.55002,-322.4260296894531
NORTH->WEST,2026-04,OFFPEAK,240,1240.49184,673.47,-567.0218692968749
NORTH->WEST,2026-04,WDPEAK,352,954.103744,434.65002,-519.4537195859375
NORTH->WEST,2026-04,WEPEAK,128,338.098048,89.47,-248.62804677929688
NORTH->WEST,2026-05,OFFPEAK,248,841.920568,807.93,-33.99057532421875
NORTH->WEST,2026-05,WDPEAK,320,711.87936,404.8,-307.07937220703127
NORTH->WEST,2026-05,WEPEAK,176,329.479744,120.51,-208.9697418637695
NORTH->WEST,2026-06,OFFPEAK,240,1175.81976,429.46997,-746.3497892968751
NORTH->WEST,2026-06,WDPEAK,336,1174.809504,216.35999,-958.4495186484376
NORTH->WEST,2026-06,WEPEAK,144,382.255232,79.869995,-302.3852368828125
NORTH->WEST,2026-07,OFFPEAK,248,874.87084,342.16998,-532.7008570898438
NORTH->WEST,2026-07,WDPEAK,352,1052.517536,200.23001,-852.2875250136719
NORTH->WEST,2026-07,WEPEAK,144,335.299712,75.16001,-260.1397007084961
NORTH->WEST,2026-08,OFFPEAK,248,686.437464,462.86,-223.57747864843748
NORTH->WEST,2026-08,WDPEAK,336,837.591216,305.87994,-531.7112721523438
NORTH->WEST,2026-08,WEPEAK,160,333.83264,248.62,-85.21264488281253
NORTH->WEST,2026-09,OFFPEAK,176,895.02864,226.77,-668.2586357275391
NORTH->WEST,2026-09,WDPEAK,240,1031.779392,362.09003,-669.6893651445312
NORTH->WEST,2026-09,WEPEAK,112,431.949888,145.18002,-286.7698648066406
PAN->HOUSTON,2026-02,OFFPEAK,224,2187.398976,1297.39,-890.0089613515624
PAN->HOUSTON,2026-06,OFFPEAK,240,1582.01016,910.76,-671.250150234375
PAN->HOUSTON,2026-07,WEPEAK,144,990.13504,608.79004,-381.3450009375
PAN->NORTH,2024-08,OFFPEAK,248,678.900992,697.13,18.229012882812526
PAN->NORTH,2024-08,WDPEAK,352,1237.567936,780.85,-456.7179604140624
PAN->NORTH,2024-08,WEPEAK,144,417.804048,347.36,-70.44406264843752
PAN->NORTH,2024-09,OFFPEAK,240,814.84944,670.32996,-144.51948394531246
PAN->NORTH,2024-09,WDPEAK,320,1364.29344,1145.56,-218.73338140624992
PAN->NORTH,2024-09,WEPEAK,160,539.19616,399.7,-139.4961477929687
PAN->NORTH,2024-10,OFFPEAK,248,1239.136216,2152.52,913.3838035312499
PAN->NORTH,2024-10,WDPEAK,352,1992.983856,3936.84,1943.856231890625
PAN->NORTH,2024-10,WEPEAK,144,594.75072,397.34998,-197.4007444140625
PAN->NORTH,2024-11,OFFPEAK,240,1477.330482,3208.44,1731.10945940625
PAN->NORTH,2024-11,WDPEAK,304,2278.80704,4595.59,2316.78280375
PAN->NORTH,2024-11,WEPEAK,176,969.35232,1784.4,815.0477044140625
PAN->NORTH,2024-12,OFFPEAK,248,1140.78512,2074.79,934.0049190625
PAN->NORTH,2024-12,WDPEAK,336,1671.552288,2306.23,634.6776924687499
PAN->NORTH,2024-12,WEPEAK,160,562.5384,725.3,162.76158779296873
PAN->NORTH,2025-01,OFFPEAK,248,1098.559896,1260.05,161.49015282812502
PAN->NORTH,2025-01,WDPEAK,336,1494.507168,1567.44,72.93277340624991
PAN->NORTH,2025-01,WEPEAK,160,513.304704,580.88,67.57530088281248
PAN->NORTH,2025-02,OFFPEAK,224,1109.919552,1084.99,-24.929561765625067
PAN->NORTH,2025-02,WDPEAK,304,1585.19808,1200.84,-384.3581141796874
PAN->NORTH,2025-02,WEPEAK,144,554.43776,749.08,194.64225708984372
PAN->NORTH,2025-03,OFFPEAK,247,2021.712043,3665.9302,1644.21813278125
PAN->NORTH,2025-03,WDPEAK,336,2275.618128,4973.35,2697.73196965625
PAN->NORTH,2025-03,WEPEAK,160,952.50352,1261.1901,308.6865434765625
PAN->NORTH,2025-04,OFFPEAK,240,2503.53288,4257.3403,1753.8074520312498
PAN->NORTH,2025-04,WDPEAK,352,3717.584992,5935.7705,2218.1855158125
PAN->NORTH,2025-04,WEPEAK,128,1021.753088,2565.9,1544.14681434375
PAN->NORTH,2025-05,OFFPEAK,248,2212.666664,2010.46,-202.20670306249986
PAN->NORTH,2025-05,WDPEAK,336,3038.539728,3514.17,475.6301938749998
PAN->NORTH,2025-05,WEPEAK,160,1148.26576,1198.83,50.5641960546875
PAN->NORTH,2025-06,OFFPEAK,240,1477.42176,1401.3,-76.12171117187495
PAN->NORTH,2025-06,WDPEAK,320,2472.379056,2124.8,-347.5790071718752
PAN->NORTH,2025-06,WEPEAK,160,774.391248,1382.99,608.598742234375
PAN->NORTH,2025-07,OFFPEAK,248,1128.214992,510.15002,-618.0649675859374
PAN->NORTH,2025-07,WDPEAK,352,1721.691488,1241.72,-479.97151729687494
PAN->NORTH,2025-07,WEPEAK,144,554.927616,481.22,-73.70761477929682
PAN->NORTH,2025-08,OFFPEAK,248,975.498576,784.05005,-191.44852717187496
PAN->NORTH,2025-08,WDPEAK,336,1573.310928,1142.15,-431.1609035859376
PAN->NORTH,2025-08,WEPEAK,160,579.04144,280.30002,-298.7414216894531
PAN->NORTH,2025-09,WDPEAK,336,1792.89432,1189.21,-603.6843590625001
PAN->NORTH,2025-09,WEPEAK,144,580.68,191.08,-389.59999816894526
PAN->NORTH,2025-10,OFFPEAK,248,1948.268408,2086.4,138.1314943437501
PAN->NORTH,2025-10,WDPEAK,352,2849.258032,1963.0599,-886.1980954765627
PAN->NORTH,2025-10,WEPEAK,144,759.985792,1145.24,385.25419823437505
PAN->NORTH,2025-11,OFFPEAK,240,2425.098409,2367.61,-57.488301578125174
PAN->NORTH,2025-11,WDPEAK,288,2500.268368,2199.31,-300.95830940625
PAN->NORTH,2025-11,WEPEAK,192,1314.10136,1299.97,-14.131389296875113
PAN->NORTH,2025-12,OFFPEAK,248,1847.05936,3864.8901,2017.83077671875
PAN->NORTH,2025-12,WDPEAK,352,2218.351872,4471.3403,2252.98846003125
PAN->NORTH,2025-12,WEPEAK,144,771.16464,2310.04,1538.8753990625
PAN->NORTH,2026-01,OFFPEAK,248,1845.542592,2427.6104,582.0677595625
PAN->NORTH,2026-01,WDPEAK,320,2340.558864,3982.2598,1641.700901625
PAN->NORTH,2026-01,WEPEAK,176,881.92688,952.01,70.08312976562502
PAN->NORTH,2026-02,OFFPEAK,224,1977.9592,1423.71,-554.2492390625
PAN->NORTH,2026-02,WDPEAK,304,2510.35968,1862.01,-648.349670234375
PAN->NORTH,2026-02,WEPEAK,144,830.875008,572.31006,-258.56494940625
PAN->NORTH,2026-03,OFFPEAK,247,2029.935167,2364.2598,334.3245986249999
PAN->NORTH,2026-03,WDPEAK,352,2956.32656,3846.52,890.19345953125
PAN->NORTH,2026-03,WEPEAK,144,891.252288,1469.5701,578.317780359375
PAN->NORTH,2026-04,OFFPEAK,240,1719.16272,2299.1,579.93737765625
PAN->NORTH,2026-04,WDPEAK,352,2975.821376,4921.1104,1945.2889755625001
PAN->NORTH,2026-04,WEPEAK,128,965.548928,1472.8301,507.28115012499995
PAN->NORTH,2026-05,OFFPEAK,248,1439.783096,1369.5701,-70.21302764062489
PAN->NORTH,2026-05,WDPEAK,320,2210.05568,2246.74,36.68431023437506
PAN->NORTH,2026-05,WEPEAK,176,972.508768,1266.15,293.64125641406247
PAN->NORTH,2026-06,OFFPEAK,240,1157.53512,850.92004,-306.6150760546875
PAN->NORTH,2026-06,WDPEAK,336,2015.925472,3757.73,1741.80450846875
PAN->NORTH,2026-06,WEPEAK,144,666.390912,1502.98,836.58906846875
PAN->NORTH,2026-07,OFFPEAK,248,700.9844,345.66998,-355.3144170898438
PAN->NORTH,2026-07,WDPEAK,352,1838.922128,1466.73,-372.19214753124993
PAN->NORTH,2026-07,WEPEAK,144,540.83136,298.83,-242.0013734277344
PAN->NORTH,2026-08,OFFPEAK,248,522.002304,512.86005,-9.142257613281231
PAN->NORTH,2026-08,WDPEAK,336,1550.985408,1583.1099,32.12445528124999
PAN->NORTH,2026-08,WEPEAK,160,470.956,509.64,38.68401464843748
PAN->NORTH,2026-09,OFFPEAK,176,838.62336,261.62,-577.0033648828125
PAN->NORTH,2026-09,WDPEAK,240,1945.82136,885.01,-1060.811350234375
PAN->NORTH,2026-09,WEPEAK,112,603.075456,413.31,-189.76545844140628
PAN->WEST,2024-08,OFFPEAK,248,1337.613296,1613.08,275.4666600546875
PAN->WEST,2024-08,WDPEAK,352,1257.017696,1275.8,18.782352828125113
PAN->WEST,2024-08,WEPEAK,144,524.085984,571.54,47.4539940273437
PAN->WEST,2024-09,OFFPEAK,240,1722.22032,1517.27,-204.9503004687499
PAN->WEST,2024-09,WDPEAK,320,1783.19552,1971.5201,188.3246216015625
PAN->WEST,2024-09,WEPEAK,160,780.13696,561.65,-218.48693558593754
PAN->WEST,2024-10,OFFPEAK,248,2831.751296,1997.53,-834.2212667031249
PAN->WEST,2024-10,WDPEAK,352,3044.058096,3381.12,337.0620211874998
PAN->WEST,2024-10,WEPEAK,144,1004.428416,660.0399,-344.38849900781247
PAN->WEST,2024-11,OFFPEAK,240,3273.34394,3212.52,-60.8239204687502
PAN->WEST,2024-11,WDPEAK,304,3314.4816,4134.96,820.4783609374999
PAN->WEST,2024-11,WEPEAK,176,1424.89696,1277.0801,-147.81688187500004
PAN->WEST,2024-12,OFFPEAK,248,2028.539808,3316.4,1287.86009434375
PAN->WEST,2024-12,WDPEAK,336,2104.274256,2485.01,380.73575376562485
PAN->WEST,2024-12,WEPEAK,160,660.47472,776.11,115.63526535156245
PAN->WEST,2025-01,OFFPEAK,248,2000.549288,1851.9202,-148.62912198437493
PAN->WEST,2025-01,WDPEAK,336,1871.798368,1746.9199,-124.87844612499998
PAN->WEST,2025-01,WEPEAK,160,671.994576,481.24,-190.75458576562505
PAN->WEST,2025-02,OFFPEAK,224,2014.490912,1985.1101,-29.38080457812498
PAN->WEST,2025-02,WDPEAK,304,2022.86144,1476.05,-546.8113911718749
PAN->WEST,2025-02,WEPEAK,144,674.129024,817.79,143.6609540273438
PAN->WEST,2025-03,OFFPEAK,247,3669.521414,2980.33,-689.1913358749998
PAN->WEST,2025-03,WDPEAK,336,3319.741488,3003.8801,-315.8613610468751
PAN->WEST,2025-03,WEPEAK,160,1485.28832,742.86005,-742.4282736132814
PAN->WEST,2025-04,OFFPEAK,240,3202.95264,4398.98,1196.02734046875
PAN->WEST,2025-04,WDPEAK,352,3422.243968,4663.0596,1240.8156023124998
PAN->WEST,2025-04,WEPEAK,128,1051.676416,1405.05,353.373632828125
PAN->WEST,2025-05,OFFPEAK,248,2986.165024,3243.69,257.5249174062501
PAN->WEST,2025-05,WDPEAK,336,3235.103424,2819.6099,-415.4935607187499
PAN->WEST,2025-05,WEPEAK,160,1187.32832,916.65,-270.6782955859376
PAN->WEST,2025-06,OFFPEAK,240,2396.53608,2247.21,-149.32611906249986
PAN->WEST,2025-06,WDPEAK,320,2400.147456,1261.72,-1138.4274852968751
PAN->WEST,2025-06,WEPEAK,160,789.007968,723.65,-65.3579435859375
PAN->WEST,2025-07,OFFPEAK,248,2118.471552,1525.99,-592.481561765625
PAN->WEST,2025-07,WDPEAK,352,1622.984,588.36005,-1034.6239536132812
PAN->WEST,2025-07,WEPEAK,144,527.998752,183.2,-344.7987550517578
PAN->WEST,2025-08,OFFPEAK,248,1979.583368,2319.44,339.85657340624994
PAN->WEST,2025-08,WDPEAK,336,1540.839216,1644.3201,103.48085235937492
PAN->WEST,2025-08,WEPEAK,160,589.94112,519.33,-70.6111029101562
PAN->WEST,2025-09,OFFPEAK,240,2952.588,2206.14,-746.4481074218752
PAN->WEST,2025-09,WDPEAK,336,2078.972784,2149.03,70.05724529687495
PAN->WEST,2025-09,WEPEAK,144,678.089088,474.14,-203.94907335156245
PAN->WEST,2025-10,OFFPEAK,248,3441.26784,3631.23,189.96214046875002
PAN->WEST,2025-10,WDPEAK,352,3538.430032,2534.25,-1004.1800320000002
PAN->WEST,2025-10,WEPEAK,144,1005.881856,1546.99,541.108134234375
PAN->WEST,2025-11,OFFPEAK,240,3720.462805,2423.31,-1297.1527464062501
PAN->WEST,2025-11,WDPEAK,288,2796.988784,2581.73,-215.25880353125012
PAN->WEST,2025-11,WEPEAK,192,1474.066528,1250.02,-224.04650846875006
PAN->WEST,2025-12,OFFPEAK,248,3159.703024,4088.33,928.6270541250001
PAN->WEST,2025-12,WDPEAK,352,2662.574816,4413.55,1750.9749886875002
PAN->WEST,2025-12,WEPEAK,144,1054.744848,2385.0698,1330.32497621875
PAN->WEST,2026-01,OFFPEAK,248,2821.033728,3008.23,187.19625246875012
PAN->WEST,2026-01,WDPEAK,320,2552.315472,3715.4302,1163.1147037812498
PAN->WEST,2026-01,WEPEAK,176,980.54336,1161.0201,180.4767816015625
PAN->WEST,2026-02,OFFPEAK,224,2416.227968,946.44,-1469.787965558594
PAN->WEST,2026-02,WDPEAK,304,2333.34784,1263.1,-1070.2478644140624
PAN->WEST,2026-02,WEPEAK,144,822.973312,367.33997,-455.63334617968746
PAN->WEST,2026-03,OFFPEAK,247,2532.072335,712.2,-1819.8723227929686
PAN->WEST,2026-03,WDPEAK,352,2663.74944,780.44,-1883.3094375585938
PAN->WEST,2026-03,WEPEAK,144,870.854832,594.75,-276.104832
PAN->WEST,2026-04,OFFPEAK,240,1987.62576,1544.0,-443.6257599999999
PAN->WEST,2026-04,WDPEAK,352,2022.503648,1629.98,-392.5236675312501
PAN->WEST,2026-04,WEPEAK,128,754.150784,323.93,-430.2207913242188
PAN->WEST,2026-05,OFFPEAK,248,1486.259784,1349.02,-137.23976446875008
PAN->WEST,2026-06,OFFPEAK,240,1776.0,797.46,-978.5399780273438
PAN->WEST,2026-06,WDPEAK,336,1742.40528,855.93994,-886.46533859375
PAN->WEST,2026-06,WEPEAK,144,540.553728,360.39,-180.16371335156248
PAN->WEST,2026-07,WEPEAK,144,403.122944,234.65999,-168.4629555966797
PAN->WEST,2026-08,WDPEAK,336,1336.356336,686.92,-649.4363530898438
PAN->WEST,2026-08,WEPEAK,160,468.61072,598.95,130.33929220703124
PAN->WEST,2026-09,OFFPEAK,176,1395.59832,482.02,-913.5783309863282
PAN->WEST,2026-09,WDPEAK,240,1636.897584,585.63,-1051.2675791171876
PAN->WEST,2026-09,WEPEAK,112,631.707984,363.89,-267.8179693515625
SOUTH->GKS,2025-02,OFFPEAK,224,348.52608,46.5,-302.02608
SOUTH->GKS,2025-02,WDPEAK,304,970.0112,330.34998,-639.6612244140625
SOUTH->GKS,2025-02,WEPEAK,144,402.466688,114.20001,-288.2666757929687
SOUTH->HOUSTON,2024-08,OFFPEAK,248,130.06112,2.2600012,-127.80111881744384
SOUTH->HOUSTON,2024-08,WDPEAK,352,2882.391424,481.93,-2400.4614313242187
SOUTH->HOUSTON,2024-08,WEPEAK,144,1019.884032,49.3,-970.5840327629395
SOUTH->HOUSTON,2024-09,OFFPEAK,240,88.02384,48.52999,-39.49384885009766
SOUTH->HOUSTON,2024-09,WDPEAK,320,1258.66848,289.69,-968.9784775585938
SOUTH->HOUSTON,2024-09,WEPEAK,160,503.07184,172.13998,-330.93185586914063
SOUTH->HOUSTON,2024-10,OFFPEAK,248,191.60976,10.250002,-181.35975809265136
SOUTH->HOUSTON,2024-10,WDPEAK,352,1369.551376,274.48,-1095.0713650136718
SOUTH->HOUSTON,2024-10,WEPEAK,144,311.374464,55.579994,-255.79446979833983
SOUTH->HOUSTON,2024-11,OFFPEAK,240,188.488269,91.229996,-97.25827327246094
SOUTH->HOUSTON,2024-11,WDPEAK,304,914.53888,103.549995,-810.9888845776367
SOUTH->HOUSTON,2024-11,WEPEAK,176,321.38304,135.45001,-185.93302779296874
SOUTH->HOUSTON,2024-12,OFFPEAK,248,208.12656,229.65999,21.5334284033203
SOUTH->HOUSTON,2024-12,WDPEAK,336,774.368784,812.56995,38.201162289062495
SOUTH->HOUSTON,2024-12,WEPEAK,160,289.8696,217.14,-72.72960061035155
SOUTH->HOUSTON,2025-01,OFFPEAK,248,417.818744,365.33002,-52.48872691015623
SOUTH->HOUSTON,2025-01,WDPEAK,336,1217.510624,700.24,-517.270633765625
SOUTH->HOUSTON,2025-01,WEPEAK,160,350.586576,207.0,-143.58657599999998
SOUTH->HOUSTON,2025-02,OFFPEAK,224,356.987456,406.36005,49.37259038671874
SOUTH->HOUSTON,2025-02,WDPEAK,304,983.91104,1102.76,118.84896976562504
SOUTH->HOUSTON,2025-02,WEPEAK,144,274.720256,204.93,-69.79026332421876
SOUTH->HOUSTON,2025-03,OFFPEAK,247,438.982232,329.51,-109.47222223437501
SOUTH->HOUSTON,2025-03,WDPEAK,336,1312.900848,1725.0901,412.189239890625
SOUTH->HOUSTON,2025-03,WEPEAK,160,417.61824,502.44,84.82176244140624
SOUTH->HOUSTON,2025-04,OFFPEAK,240,426.29064,594.24,167.949350234375
SOUTH->HOUSTON,2025-04,WDPEAK,352,1873.787168,3469.31,1595.52289059375
SOUTH->HOUSTON,2025-04,WEPEAK,128,529.1936,904.99,375.79639023437505
SOUTH->HOUSTON,2025-05,OFFPEAK,248,590.363504,266.3,-324.0635162070313
SOUTH->HOUSTON,2025-05,WDPEAK,336,2325.554448,3771.0903,1445.5358840312501
SOUTH->HOUSTON,2025-05,WEPEAK,160,913.57648,1470.82,557.2434662890626
SOUTH->HOUSTON,2025-06,OFFPEAK,240,502.45176,96.52,-405.9317633569336
SOUTH->HOUSTON,2025-06,WDPEAK,320,3680.894448,2345.35,-1335.54435034375
SOUTH->HOUSTON,2025-06,WEPEAK,160,1123.014672,1323.5801,200.56540612499998
SOUTH->HOUSTON,2025-07,OFFPEAK,248,250.020456,119.719986,-130.30047003808593
SOUTH->HOUSTON,2025-07,WDPEAK,352,3472.133632,2162.1099,-1310.02376871875
SOUTH->HOUSTON,2025-07,WEPEAK,144,1240.108272,653.89,-586.2182573515624
SOUTH->HOUSTON,2025-08,OFFPEAK,248,377.911576,62.740017,-315.17155906274417
SOUTH->HOUSTON,2025-08,WDPEAK,336,3799.194672,319.33997,-3479.8547061796876
SOUTH->HOUSTON,2025-08,WEPEAK,160,1539.8192,68.64001,-1471.179192980957
SOUTH->HOUSTON,2025-09,OFFPEAK,240,285.81912,22.4,-263.4191203814697
SOUTH->HOUSTON,2025-09,WDPEAK,336,2498.483568,401.39996,-2097.083604621094
SOUTH->HOUSTON,2025-09,WEPEAK,144,899.299584,102.84001,-796.4595724033203
SOUTH->HOUSTON,2025-10,OFFPEAK,248,451.734976,42.999996,-408.7349798146973
SOUTH->HOUSTON,2025-10,WDPEAK,352,2006.755888,195.49998,-1811.255903258789
SOUTH->HOUSTON,2025-10,WEPEAK,144,498.501504,95.89999,-402.60151773291017
SOUTH->HOUSTON,2025-11,OFFPEAK,240,333.938517,108.17,-225.76851883105468
SOUTH->HOUSTON,2025-11,WDPEAK,288,1242.312416,164.89003,-1077.4223860927734
SOUTH->HOUSTON,2025-11,WEPEAK,192,459.13384,97.189995,-361.9438451879883
SOUTH->HOUSTON,2025-12,OFFPEAK,248,500.308504,132.90001,-367.4084948447266
SOUTH->HOUSTON,2025-12,WDPEAK,352,1549.059424,179.44,-1369.6194215585938
SOUTH->HOUSTON,2025-12,WEPEAK,144,410.750352,91.090004,-319.66034803271486
SOUTH->HOUSTON,2026-01,OFFPEAK,248,563.418552,341.94006,-221.47848852343748
SOUTH->HOUSTON,2026-01,WDPEAK,320,1006.06968,293.77997,-712.2897117382812
SOUTH->HOUSTON,2026-01,WEPEAK,176,427.18032,677.8501,250.66977765625
SOUTH->HOUSTON,2026-02,OFFPEAK,224,537.699232,314.81,-222.8892344414063
SOUTH->HOUSTON,2026-02,WDPEAK,304,1375.61472,973.17993,-402.43478835937503
SOUTH->HOUSTON,2026-02,WEPEAK,144,466.09408,308.27997,-157.81411173828127
SOUTH->HOUSTON,2026-03,OFFPEAK,247,578.401629,262.84,-315.56163266210933
SOUTH->HOUSTON,2026-03,WDPEAK,352,1790.492,2159.48,368.98798046875004
SOUTH->HOUSTON,2026-03,WEPEAK,144,626.511456,535.9,-90.61143158593745
SOUTH->HOUSTON,2026-04,OFFPEAK,240,419.17368,246.95996,-172.2137190625
SOUTH->HOUSTON,2026-04,WDPEAK,352,2049.41264,780.2799,-1269.1327327734375
SOUTH->HOUSTON,2026-04,WEPEAK,128,556.04864,89.98999,-466.058649765625
SOUTH->HOUSTON,2026-05,OFFPEAK,248,368.864288,161.53,-207.3342892207031
SOUTH->HOUSTON,2026-05,WDPEAK,320,2179.28,905.67993,-1273.6000683593752
SOUTH->HOUSTON,2026-05,WEPEAK,176,871.816,437.18002,-434.63597680664066
SOUTH->HOUSTON,2026-06,OFFPEAK,240,321.68328,52.30002,-269.38326168945315
SOUTH->HOUSTON,2026-06,WDPEAK,336,2067.431872,1467.73,-599.7018915312501
SOUTH->HOUSTON,2026-06,WEPEAK,144,628.49216,611.05,-17.442172207031263
SOUTH->HOUSTON,2026-07,OFFPEAK,248,275.359112,84.76001,-190.59910223437498
SOUTH->HOUSTON,2026-07,WDPEAK,352,2324.819024,2205.85,-118.9689263437499
SOUTH->HOUSTON,2026-07,WEPEAK,144,650.336768,429.61,-220.7267826484375
SOUTH->HOUSTON,2026-08,OFFPEAK,248,170.086336,21.800007,-148.2863291335449
SOUTH->HOUSTON,2026-08,WDPEAK,336,1954.758288,2440.8,486.041760828125
SOUTH->HOUSTON,2026-08,WEPEAK,160,661.8392,312.41998,-349.41921708984376
SOUTH->HOUSTON,2026-09,OFFPEAK,176,181.71264,5.49,-176.22264022888183
SOUTH->HOUSTON,2026-09,WDPEAK,240,2856.2184,864.29,-1991.9284219726565
SOUTH->HOUSTON,2026-09,WEPEAK,112,832.447728,435.61,-396.8377426484375
SOUTH->NORTH,2024-08,OFFPEAK,248,172.411336,2.6399994,-169.77133661035157
SOUTH->NORTH,2024-08,WDPEAK,352,2970.17072,674.4501,-2295.7206467578126
SOUTH->NORTH,2024-08,WEPEAK,144,994.3272,104.56999,-889.7572079345703
SOUTH->NORTH,2024-09,OFFPEAK,240,131.59776,112.48999,-19.107769765624994
SOUTH->NORTH,2024-09,WDPEAK,320,1299.0912,273.18,-1025.9112073242188
SOUTH->NORTH,2024-09,WEPEAK,160,486.08448,146.39,-339.69448061035155
SOUTH->NORTH,2024-10,OFFPEAK,248,290.190008,0.8600006,-289.3300073896484
SOUTH->NORTH,2024-10,WDPEAK,352,1136.780336,361.21,-775.5703445449219
SOUTH->NORTH,2024-10,WEPEAK,144,276.333952,66.22999,-210.10396390185548
SOUTH->NORTH,2024-11,OFFPEAK,240,296.665457,248.55,-48.11545394824219
SOUTH->NORTH,2024-11,WDPEAK,304,917.80224,313.47,-604.3322387792969
SOUTH->NORTH,2024-11,WEPEAK,176,343.7048,317.05,-26.654812207031227
SOUTH->NORTH,2024-12,OFFPEAK,248,272.31392,353.18,80.86607267578125
SOUTH->NORTH,2024-12,WDPEAK,336,842.450112,1174.85,332.3998635859375
SOUTH->NORTH,2024-12,WEPEAK,160,327.58208,326.44,-1.142077558593769
SOUTH->NORTH,2025-01,OFFPEAK,248,717.865512,703.06,-14.805514441406217
SOUTH->NORTH,2025-01,WDPEAK,336,1867.800352,1544.75,-323.050352
SOUTH->NORTH,2025-01,WEPEAK,160,562.487616,410.39,-152.0976013515625
SOUTH->NORTH,2025-02,OFFPEAK,224,705.975648,890.08,184.10436908984377
SOUTH->NORTH,2025-02,WDPEAK,304,1845.94816,2048.46,202.51180093750008
SOUTH->NORTH,2025-02,WEPEAK,144,494.603136,421.61,-72.9931506484375
SOUTH->NORTH,2025-03,OFFPEAK,247,540.887269,209.35999,-331.52728364843745
SOUTH->NORTH,2025-03,WDPEAK,336,1139.918304,387.90997,-752.0083308554688
SOUTH->NORTH,2025-03,WEPEAK,160,358.34736,152.94,-205.40735755859373
SOUTH->NORTH,2025-04,OFFPEAK,240,572.31024,582.38,10.069764882812478
SOUTH->NORTH,2025-04,WDPEAK,352,1783.171104,1566.28,-216.891074703125
SOUTH->NORTH,2025-04,WEPEAK,128,582.907776,574.21,-8.697754027343763
SOUTH->NORTH,2025-05,OFFPEAK,248,777.286312,291.50998,-485.7763327519531
SOUTH->NORTH,2025-05,WDPEAK,336,2217.62352,1473.6599,-743.9636078906251
SOUTH->NORTH,2025-05,WEPEAK,160,870.17504,583.0,-287.17503999999997
SOUTH->NORTH,2025-06,OFFPEAK,240,711.7428,125.94,-585.8027975585937
SOUTH->NORTH,2025-06,WDPEAK,320,3564.812496,919.51,-2645.302486234375
SOUTH->NORTH,2025-06,WEPEAK,160,1111.011984,677.32996,-433.6820279453125
SOUTH->NORTH,2025-07,OFFPEAK,248,423.05576,197.08,-225.97575816894533
SOUTH->NORTH,2025-07,WDPEAK,352,3529.288224,1819.95,-1709.338272828125
SOUTH->NORTH,2025-07,WEPEAK,144,1237.292928,737.86,-499.4329426484376
SOUTH->NORTH,2025-08,OFFPEAK,248,544.430184,127.22001,-417.2101751499024
SOUTH->NORTH,2025-08,WDPEAK,336,3814.402368,635.4099,-3178.992455890625
SOUTH->NORTH,2025-08,WEPEAK,160,1511.10464,127.48001,-1383.624629013672
SOUTH->NORTH,2025-09,OFFPEAK,240,408.59856,51.560013,-357.0385471826172
SOUTH->NORTH,2025-09,WDPEAK,336,2340.334752,330.24,-2010.0947617656252
SOUTH->NORTH,2025-09,WEPEAK,144,818.616384,149.37,-669.2463888828125
SOUTH->NORTH,2025-10,OFFPEAK,248,594.499896,62.1,-532.3998975258789
SOUTH->NORTH,2025-10,WDPEAK,352,2084.888912,99.09001,-1985.7989004033202
SOUTH->NORTH,2025-10,WEPEAK,144,563.616384,75.55998,-488.05640170019535
SOUTH->NORTH,2025-11,OFFPEAK,240,501.061172,212.24002,-288.8211512480469
SOUTH->NORTH,2025-11,WDPEAK,288,1548.277472,189.32002,-1358.9574494169922
SOUTH->NORTH,2025-11,WEPEAK,192,562.361008,112.709984,-449.6510241743164
SOUTH->NORTH,2025-12,OFFPEAK,248,759.481152,491.69,-267.7911495585937
SOUTH->NORTH,2025-12,WDPEAK,352,1840.190528,364.62,-1475.5705328828126
SOUTH->NORTH,2025-12,WEPEAK,144,509.13864,223.65001,-285.4886308447266
SOUTH->NORTH,2026-01,OFFPEAK,248,1270.638416,3576.0098,2305.371349625
SOUTH->NORTH,2026-01,WDPEAK,320,2120.885424,1810.17,-310.71538005468756
SOUTH->NORTH,2026-01,WEPEAK,176,777.58928,3998.39,3220.800612578125
SOUTH->NORTH,2026-02,OFFPEAK,224,1056.175232,649.01,-407.16522223437505
SOUTH->NORTH,2026-02,WDPEAK,304,2117.86912,696.92,-1420.9491370898436
SOUTH->NORTH,2026-02,WEPEAK,144,717.854464,241.12,-476.7344688828125
SOUTH->NORTH,2026-03,OFFPEAK,247,798.005377,249.22003,-548.7853452617187
SOUTH->NORTH,2026-03,WDPEAK,352,1735.977408,805.69995,-930.277456828125
SOUTH->NORTH,2026-03,WEPEAK,144,599.514192,83.47,-516.0441907792969
SOUTH->NORTH,2026-04,OFFPEAK,240,565.0152,297.28,-267.7352012207032
SOUTH->NORTH,2026-04,WDPEAK,352,1667.427168,782.88,-884.5471631171874
SOUTH->NORTH,2026-04,WEPEAK,128,479.345536,112.47,-366.87553477929686
SOUTH->NORTH,2026-05,OFFPEAK,248,495.937752,225.98003,-269.9577257548828
SOUTH->NORTH,2026-05,WDPEAK,320,1758.34624,381.02,-1377.3262509863282
SOUTH->NORTH,2026-05,WEPEAK,176,722.065168,179.33,-542.7351661689453
SOUTH->NORTH,2026-06,OFFPEAK,240,522.23544,68.76001,-453.47543023437504
SOUTH->NORTH,2026-06,WDPEAK,336,2243.101696,476.28003,-1766.8216667031252
SOUTH->NORTH,2026-06,WEPEAK,144,725.81696,109.53,-616.2869612207031
SOUTH->NORTH,2026-07,OFFPEAK,248,460.184832,118.92,-341.26483383105466
SOUTH->NORTH,2026-07,WDPEAK,352,2725.839296,1491.7,-1234.139344828125
SOUTH->NORTH,2026-07,WEPEAK,144,762.604544,222.56,-540.0445464414063
SOUTH->NORTH,2026-08,OFFPEAK,248,279.52204,36.410004,-243.11203633789063
SOUTH->NORTH,2026-08,WDPEAK,336,2411.642016,1808.4099,-603.2321038906248
SOUTH->NORTH,2026-08,WEPEAK,160,835.21344,279.41,-555.8034363378906
SOUTH->NORTH,2026-09,OFFPEAK,176,272.71032,5.039997,-267.67032289916995
SOUTH->NORTH,2026-09,WDPEAK,240,2443.840224,651.42993,-1792.410292359375
SOUTH->NORTH,2026-09,WEPEAK,112,719.285904,423.63,-295.65589911718746
SOUTH->PAN,2025-07,WDPEAK,352,3376.456864,1184.9099,-2191.546951890625
SOUTH->PAN,2025-07,WEPEAK,144,1150.168608,543.02,-607.14858846875
SOUTH->PAN,2025-09,WDPEAK,336,2299.737216,247.43,-2052.3072233242187
SOUTH->PAN,2025-10,OFFPEAK,248,956.887912,99.54999,-857.3379242070313
SOUTH->PAN,2025-10,WEPEAK,144,612.187776,109.29999,-502.88778820703124
SOUTH->PAN,2025-12,WEPEAK,144,521.90424,83.83,-438.07423816894527
SOUTH->WEST,2024-08,OFFPEAK,248,553.362152,545.62,-7.742156882812537
SOUTH->WEST,2024-08,WDPEAK,352,3159.364032,1269.72,-1889.644061296875
SOUTH->WEST,2024-08,WEPEAK,144,1104.082128,350.22998,-753.85214753125
SOUTH->WEST,2024-09,OFFPEAK,240,1083.36816,913.07996,-170.2882039453125
SOUTH->WEST,2024-09,WDPEAK,320,1970.56896,1048.1499,-922.4190576562501
SOUTH->WEST,2024-09,WEPEAK,160,805.55728,415.30002,-390.2572616894531
SOUTH->WEST,2024-10,OFFPEAK,248,1937.928048,358.52002,-1579.40802846875
SOUTH->WEST,2024-10,WDPEAK,352,2244.870656,1605.23,-639.64067553125
SOUTH->WEST,2024-10,WEPEAK,144,714.238336,545.97,-168.268365296875
SOUTH->WEST,2024-11,OFFPEAK,240,1799.393001,824.21,-975.1829790273437
SOUTH->WEST,2024-11,WDPEAK,304,1683.86144,749.97003,-933.8914082617187
SOUTH->WEST,2024-11,WEPEAK,176,676.91904,396.26,-280.659030234375
SOUTH->WEST,2024-12,OFFPEAK,248,888.48852,1589.3699,700.881353046875
SOUTH->WEST,2024-12,WDPEAK,336,1124.963616,1791.7499,666.7862619296875
SOUTH->WEST,2024-12,WEPEAK,160,420.53248,565.51996,144.98747849609373
SOUTH->WEST,2025-01,OFFPEAK,248,1517.177944,1796.04,278.8620950625
SOUTH->WEST,2025-01,WDPEAK,336,2296.809856,2564.12,267.31026118750015
SOUTH->WEST,2025-01,WEPEAK,160,739.418256,609.73004,-129.6882144960938
SOUTH->WEST,2025-02,OFFPEAK,224,1584.922304,1907.5898,322.66753975000006
SOUTH->WEST,2025-02,WDPEAK,304,2263.44512,2687.7598,424.31464562500014
SOUTH->WEST,2025-02,WEPEAK,144,653.200896,607.72003,-45.48086426171869
SOUTH->WEST,2025-03,OFFPEAK,247,1964.964781,642.43005,-1322.5347272890624
SOUTH->WEST,2025-03,WDPEAK,336,2073.325968,484.99002,-1588.335947248047
SOUTH->WEST,2025-03,WEPEAK,160,814.99024,248.88,-566.1102351171875
SOUTH->WEST,2025-04,OFFPEAK,240,1374.84576,1438.6499,63.80414234375007
SOUTH->WEST,2025-04,WDPEAK,352,1853.583776,1388.04,-465.54373693749994
SOUTH->WEST,2025-04,WEPEAK,128,715.631872,336.25,-379.38187200000004
SOUTH->WEST,2025-05,OFFPEAK,248,1521.310368,1468.6,-52.710392414062426
SOUTH->WEST,2025-05,WDPEAK,336,2293.513152,1419.09,-874.4231861796875
SOUTH->WEST,2025-05,WEPEAK,160,906.87584,447.50003,-459.3758094824219
SOUTH->WEST,2025-06,OFFPEAK,240,1434.63,967.31006,-467.3199414062501
SOUTH->WEST,2025-06,WDPEAK,320,3303.799632,903.79,-2400.0096539726565
SOUTH->WEST,2025-06,WEPEAK,160,1048.122576,531.05994,-517.0626394765625
SOUTH->WEST,2025-07,OFFPEAK,248,1317.653264,1217.81,-99.84320540625004
SOUTH->WEST,2025-07,WDPEAK,352,3465.855008,1564.23,-1901.62502753125
SOUTH->WEST,2025-07,WEPEAK,144,1225.980576,659.2,-566.7805637929687
SOUTH->WEST,2025-08,OFFPEAK,248,1528.396224,1618.4,90.00380041406243
SOUTH->WEST,2025-08,WDPEAK,336,3791.618544,1202.87,-2588.7485488828124
SOUTH->WEST,2025-08,WEPEAK,160,1547.12928,381.95996,-1165.1693190625
SOUTH->WEST,2025-09,OFFPEAK,240,1986.39024,1325.97,-660.420269296875
SOUTH->WEST,2025-09,WDPEAK,336,2735.408256,1188.94,-1546.4683145937502
SOUTH->WEST,2025-09,WEPEAK,144,973.363536,430.09003,-543.2735091445312
SOUTH->WEST,2025-10,OFFPEAK,248,2068.227248,1141.41,-926.8172138203126
SOUTH->WEST,2025-10,WDPEAK,352,2680.758928,779.99,-1900.7689377656252
SOUTH->WEST,2025-10,WEPEAK,144,815.164288,394.19,-420.9742855585938
SOUTH->WEST,2025-11,OFFPEAK,240,1845.729589,813.06995,-1032.6596427109375
SOUTH->WEST,2025-11,WDPEAK,288,2123.460368,580.48,-1542.98038753125
SOUTH->WEST,2025-11,WEPEAK,192,819.833344,349.12,-470.7133488828125
SOUTH->WEST,2025-12,OFFPEAK,248,1914.8824,1101.3201,-813.562331640625
SOUTH->WEST,2025-12,WDPEAK,352,2341.433248,759.24,-1582.1932577656248
SOUTH->WEST,2025-12,WEPEAK,144,777.2832,414.01,-363.27319023437497
SOUTH->WEST,2026-01,OFFPEAK,248,2099.741848,5119.4297,3019.6878395
SOUTH->WEST,2026-01,WDPEAK,320,2585.844576,2613.54,27.69546306250004
SOUTH->WEST,2026-01,WEPEAK,176,971.11488,5129.39,4158.27525671875
SOUTH->WEST,2026-02,OFFPEAK,224,1829.879072,859.23004,-970.6490304960937
SOUTH->WEST,2026-02,WDPEAK,304,2411.74304,703.97003,-1707.7730082617186
SOUTH->WEST,2026-02,WEPEAK,144,848.106624,294.47998,-553.62664353125
SOUTH->WEST,2026-03,OFFPEAK,247,1698.934419,333.53003,-1365.404389703125
SOUTH->WEST,2026-03,WDPEAK,352,1974.13392,767.55005,-1206.583871171875
SOUTH->WEST,2026-03,WEPEAK,144,748.329264,152.86002,-595.4692481308593
SOUTH->WEST,2026-04,OFFPEAK,240,1280.75832,594.6699,-686.0883981249999
SOUTH->WEST,2026-04,WDPEAK,352,1754.421504,517.70996,-1236.7115430625
SOUTH->WEST,2026-04,WEPEAK,128,559.626624,59.68,-499.9466236948242
SOUTH->WEST,2026-05,OFFPEAK,248,1045.398368,683.87006,-361.52831184765614
SOUTH->WEST,2026-05,WDPEAK,320,1854.42944,338.04004,-1516.3894009375
SOUTH->WEST,2026-05,WEPEAK,176,795.47248,77.619995,-717.8524848828125
SOUTH->WEST,2026-06,OFFPEAK,240,1065.32592,361.10004,-704.2258833789062
SOUTH->WEST,2026-06,WDPEAK,336,2181.492896,119.26997,-2062.2229222451174
SOUTH->WEST,2026-06,WEPEAK,144,706.092544,84.119995,-621.9725488828125
SOUTH->WEST,2026-07,OFFPEAK,248,879.781736,362.13,-517.6517311171875
SOUTH->WEST,2026-07,WDPEAK,352,2528.687344,1233.94,-1294.74740259375
SOUTH->WEST,2026-07,WEPEAK,144,739.869568,252.92001,-486.9495545722656
SOUTH->WEST,2026-08,OFFPEAK,248,610.955688,272.11,-338.8457026484375
SOUTH->WEST,2026-08,WDPEAK,336,2464.957488,1329.0701,-1135.887419640625
SOUTH->WEST,2026-08,WEPEAK,160,868.92592,330.99,-537.935929765625
SOUTH->WEST,2026-09,OFFPEAK,176,821.32584,123.78,-697.5458412207031
SOUTH->WEST,2026-09,WDPEAK,240,2320.183152,542.86,-1777.3231666484376
SOUTH->WEST,2026-09,WEPEAK,112,761.482944,375.45,-386.0329317929687
WEST->HOUSTON,2024-08,OFFPEAK,248,192.654336,85.520004,-107.13433172753906
WEST->HOUSTON,2024-08,WDPEAK,352,2206.428224,330.91003,-1875.5181898203123
WEST->HOUSTON,2024-08,WEPEAK,144,658.5552,81.18999,-577.3652128173828
WEST->HOUSTON,2024-09,OFFPEAK,240,348.08256,55.11,-292.97255938964844
WEST->HOUSTON,2024-09,WDPEAK,320,1452.71616,402.62003,-1050.0961343652343
WEST->HOUSTON,2024-09,WEPEAK,160,532.34608,217.19,-315.1560775585938
WEST->HOUSTON,2024-10,OFFPEAK,248,389.973304,1509.3,1119.326744828125
WEST->HOUSTON,2024-10,WDPEAK,352,1850.917088,2218.3901,367.4730487187501
WEST->HOUSTON,2024-10,WEPEAK,144,479.414528,282.17,-197.24451457226564
WEST->HOUSTON,2024-11,OFFPEAK,240,266.843153,815.23,548.38682746875
WEST->HOUSTON,2024-11,WDPEAK,304,1018.83968,1352.7,333.86027117187496
WEST->HOUSTON,2024-11,WEPEAK,176,339.3856,650.25,310.8644
WEST->HOUSTON,2024-12,OFFPEAK,248,431.423776,208.05,-223.37377294824216
WEST->HOUSTON,2024-12,WDPEAK,336,835.760016,650.86993,-184.8900819179687
WEST->HOUSTON,2024-12,WEPEAK,160,354.75856,263.65997,-91.09858685546874
WEST->HOUSTON,2025-01,OFFPEAK,248,458.181736,363.72998,-94.45175553125
WEST->HOUSTON,2025-01,WDPEAK,336,831.130784,753.13,-78.00077911718745
WEST->HOUSTON,2025-01,WEPEAK,160,265.841568,302.50998,36.66841124804688
WEST->HOUSTON,2025-02,OFFPEAK,224,336.140448,214.29001,-121.85043945507812
WEST->HOUSTON,2025-02,WDPEAK,304,552.16768,554.95,2.7823322070312315
WEST->HOUSTON,2025-02,WEPEAK,144,241.537024,251.6,10.062982103515623
WEST->HOUSTON,2025-03,OFFPEAK,247,900.557307,1886.4401,985.8827564765625
WEST->HOUSTON,2025-03,WDPEAK,336,1908.188016,4689.04,2780.8520230625
WEST->HOUSTON,2025-03,WEPEAK,160,726.14496,1244.1799,518.034971640625
WEST->HOUSTON,2025-04,OFFPEAK,240,1059.71472,1124.17,64.45532394531256
WEST->HOUSTON,2025-04,WDPEAK,352,3511.000768,4205.1396,694.1388804375001
WEST->HOUSTON,2025-04,WEPEAK,128,941.36576,1772.12,830.7542351171875
WEST->HOUSTON,2025-05,OFFPEAK,248,805.9008,128.88998,-677.0108158691406
WEST->HOUSTON,2025-05,WDPEAK,336,2411.614128,4081.4502,1669.8360673124998
WEST->HOUSTON,2025-05,WEPEAK,160,963.79376,1467.22,503.426210703125
WEST->HOUSTON,2025-06,OFFPEAK,240,400.3512,111.380005,-288.9711951171875
WEST->HOUSTON,2025-06,WDPEAK,320,2326.92768,2822.1997,495.2720270312502
WEST->HOUSTON,2025-06,WEPEAK,160,712.357776,1547.56,835.20228259375
WEST->HOUSTON,2025-07,OFFPEAK,248,197.661208,0.20999908,-197.45120891552733
WEST->HOUSTON,2025-07,WDPEAK,352,2420.989472,1769.1001,-651.8893743437502
WEST->HOUSTON,2025-07,WEPEAK,144,853.898256,460.77997,-393.1182877382812
WEST->HOUSTON,2025-08,OFFPEAK,248,183.392528,0.0,-183.392528
WEST->HOUSTON,2025-08,WDPEAK,336,2047.747296,877.4,-1170.3472715859375
WEST->HOUSTON,2025-08,WEPEAK,160,787.50352,209.87997,-577.6235456347656
WEST->HOUSTON,2025-09,OFFPEAK,240,411.25056,0.0,-411.25056
WEST->HOUSTON,2025-09,WDPEAK,336,2139.871776,561.8,-1578.0717882070312
WEST->HOUSTON,2025-09,WEPEAK,144,761.673744,89.19,-672.4837415585938
WEST->HOUSTON,2025-10,OFFPEAK,248,622.946984,184.04001,-438.90697545507817
WEST->HOUSTON,2025-10,WDPEAK,352,2367.01464,1334.08,-1032.9346839453124
WEST->HOUSTON,2025-10,WEPEAK,144,606.056064,553.91003,-52.14602982031249
WEST->HOUSTON,2025-11,OFFPEAK,240,637.843132,851.99,214.14685823437503
WEST->HOUSTON,2025-11,WDPEAK,288,1802.502336,1182.4701,-620.0322432265625
WEST->HOUSTON,2025-11,WEPEAK,192,816.762144,699.73,-117.03216353125003
WEST->HOUSTON,2025-12,OFFPEAK,248,519.572648,736.56006,216.98741059375004
WEST->HOUSTON,2025-12,WDPEAK,352,1440.828576,1175.47,-265.3586052968751
WEST->HOUSTON,2025-12,WEPEAK,144,386.553168,359.36,-27.193182648437528
WEST->HOUSTON,2026-01,OFFPEAK,248,518.586104,363.64,-154.94608935156248
WEST->HOUSTON,2026-01,WDPEAK,320,1072.861776,895.58997,-177.27181017968746
WEST->HOUSTON,2026-01,WEPEAK,176,394.91488,183.9,-211.0148861035156
WEST->HOUSTON,2026-02,OFFPEAK,224,702.601312,753.69,51.08869044140624
WEST->HOUSTON,2026-02,WDPEAK,304,1391.67648,1611.98,220.30350046874992
WEST->HOUSTON,2026-02,WEPEAK,144,448.76224,633.96,185.19778197265623
WEST->HOUSTON,2026-03,OFFPEAK,247,1121.042845,2713.2302,1592.187379609375
WEST->HOUSTON,2026-03,WDPEAK,352,3127.58336,6158.58,3030.996718125
WEST->HOUSTON,2026-03,WEPEAK,144,1089.947088,1882.36,792.4128973515626
WEST->HOUSTON,2026-04,OFFPEAK,240,1159.71792,1745.48,585.76206046875
WEST->HOUSTON,2026-04,WDPEAK,352,3386.907392,5545.71,2158.8025689375
WEST->HOUSTON,2026-04,WEPEAK,128,971.458176,1846.9001,875.441970484375
WEST->HOUSTON,2026-05,OFFPEAK,248,1175.80272,811.16,-364.64274685546866
WEST->HOUSTON,2026-05,WDPEAK,320,3515.34048,2709.6396,-805.7008315624998
WEST->HOUSTON,2026-05,WEPEAK,176,1435.812224,1702.96,267.1477369375
WEST->HOUSTON,2026-06,OFFPEAK,240,638.06688,474.59003,-163.47685314453122
WEST->HOUSTON,2026-06,WDPEAK,336,2616.326592,4485.29,1868.9634470625
WEST->HOUSTON,2026-06,WEPEAK,144,883.670144,1819.67,935.9998999453124
WEST->HOUSTON,2026-07,OFFPEAK,248,389.667768,52.86001,-336.80775976025393
WEST->HOUSTON,2026-07,WDPEAK,352,2902.768912,2005.44,-897.32897059375
WEST->HOUSTON,2026-07,WEPEAK,144,803.460096,445.25998,-358.20011675195315
WEST->HOUSTON,2026-08,OFFPEAK,248,200.81552,52.449997,-148.3655230517578
WEST->HOUSTON,2026-08,WDPEAK,336,2182.96008,2263.7,80.73987117187517
WEST->HOUSTON,2026-08,WEPEAK,160,659.64336,399.27997,-260.3633917382813
WEST->HOUSTON,2026-09,OFFPEAK,176,427.50984,11.229996,-416.27984427246093
WEST->HOUSTON,2026-09,WDPEAK,240,3026.663136,1148.71,-1877.9531750625001
WEST->HOUSTON,2026-09,WEPEAK,112,874.411344,319.19998,-555.2113623105469
WEST->NORTH,2024-08,OFFPEAK,248,123.09852,57.340004,-65.75851603271484
WEST->NORTH,2024-08,WDPEAK,352,874.58096,162.58002,-712.0009429101563
WEST->NORTH,2024-08,WEPEAK,144,210.23352,19.739998,-190.49352213623047
WEST->NORTH,2024-09,OFFPEAK,240,201.53256,31.25,-170.28256
WEST->NORTH,2024-09,WDPEAK,320,536.5728,71.81,-464.7628024414063
WEST->NORTH,2024-09,WEPEAK,160,187.8136,104.53001,-83.2835935913086
WEST->NORTH,2024-10,OFFPEAK,248,205.255464,932.35,727.0945115859375
WEST->NORTH,2024-10,WDPEAK,352,440.603456,1736.44,1295.83648540625
WEST->NORTH,2024-10,WEPEAK,144,122.025728,132.06,10.03426955859375
WEST->NORTH,2024-11,OFFPEAK,240,184.139906,744.3,560.1600817929688
WEST->NORTH,2024-11,WDPEAK,304,354.28608,1115.2101,760.9240030078124
WEST->NORTH,2024-11,WEPEAK,176,118.66864,645.25,526.58136
WEST->NORTH,2024-12,OFFPEAK,248,307.49396,152.41998,-155.07397708984377
WEST->NORTH,2024-12,WDPEAK,336,517.44,571.27,53.830019531249945
WEST->NORTH,2024-12,WEPEAK,160,245.03456,241.88,-3.154555117187499
WEST->NORTH,2025-01,OFFPEAK,248,401.76,295.62,-106.14000488281249
WEST->NORTH,2025-01,WDPEAK,336,633.7056,549.68994,-84.01565859375
WEST->NORTH,2025-01,WEPEAK,160,208.8,304.30002,95.50001831054686
WEST->NORTH,2025-02,OFFPEAK,224,350.27552,161.44998,-188.82553831054685
WEST->NORTH,2025-02,WDPEAK,304,623.0384,471.59,-151.4484036621094
WEST->NORTH,2025-02,WEPEAK,144,239.35488,222.21,-17.14487328613282
WEST->NORTH,2025-03,OFFPEAK,247,446.708145,1407.51,960.8018647656249
WEST->NORTH,2025-03,WDPEAK,336,678.72,2516.46,1837.7399609375
WEST->NORTH,2025-03,WEPEAK,160,267.82592,692.68,424.85407267578125
WEST->NORTH,2025-04,OFFPEAK,240,750.02952,1069.1799,319.15041164062495
WEST->NORTH,2025-04,WDPEAK,352,1488.96,2030.06,541.10005859375
WEST->NORTH,2025-04,WEPEAK,128,432.362752,1291.52,859.15726753125
WEST->NORTH,2025-05,OFFPEAK,248,629.216424,121.43,-507.7864236948242
WEST->NORTH,2025-05,WDPEAK,336,1099.075824,1233.1699,134.094097875
WEST->NORTH,2025-05,WEPEAK,160,504.0,565.75,61.75
WEST->NORTH,2025-06,OFFPEAK,240,376.35672,97.009995,-279.34672549316406
WEST->NORTH,2025-06,WDPEAK,320,1229.725392,1189.97,-39.755421296875056
WEST->NORTH,2025-06,WEPEAK,160,385.648704,819.72003,434.07132773828124
WEST->NORTH,2025-07,OFFPEAK,248,172.90064,0.0,-172.90064
WEST->NORTH,2025-07,WDPEAK,352,1037.364768,1004.29004,-33.07472893749991
WEST->NORTH,2025-07,WEPEAK,144,385.321968,438.66,53.33803566210935
WEST->NORTH,2025-08,OFFPEAK,248,159.323384,0.0,-159.323384
WEST->NORTH,2025-08,WDPEAK,336,909.154848,206.99002,-702.1648272480469
WEST->NORTH,2025-08,WEPEAK,160,350.53056,60.8,-289.73056076293943
WEST->NORTH,2025-09,OFFPEAK,240,328.05456,0.0,-328.05456
WEST->NORTH,2025-09,WDPEAK,336,908.90352,88.630005,-820.2735151171875
WEST->NORTH,2025-09,WEPEAK,144,343.214208,31.529999,-311.6842092207031
WEST->NORTH,2025-10,OFFPEAK,248,466.462456,144.62,-321.8424608828125
WEST->NORTH,2025-10,WDPEAK,352,1096.807808,635.49,-461.317817765625
WEST->NORTH,2025-10,WEPEAK,144,296.136448,170.51001,-125.62643823437497
WEST->NORTH,2025-11,OFFPEAK,240,495.942091,822.11,326.1678943515625
WEST->NORTH,2025-11,WDPEAK,288,827.865264,442.1,-385.7652578964844
WEST->NORTH,2025-11,WEPEAK,192,418.082896,427.07996,8.997060054687495
WEST->NORTH,2025-12,OFFPEAK,248,451.131592,885.91,434.77838114453124
WEST->NORTH,2025-12,WDPEAK,352,865.098432,1042.0599,176.9615045234375
WEST->NORTH,2025-12,WEPEAK,144,255.660048,414.94,159.27995444140626
WEST->NORTH,2026-01,OFFPEAK,248,524.063432,512.46,-11.603410027343784
WEST->NORTH,2026-01,WDPEAK,320,872.728416,1130.26,257.53159376562496
WEST->NORTH,2026-01,WEPEAK,176,335.11584,306.17,-28.945826572265617
WEST->NORTH,2026-02,OFFPEAK,224,660.156,847.1,186.94397558593755
WEST->NORTH,2026-02,WDPEAK,304,1046.81824,867.81,-179.0082424414063
WEST->NORTH,2026-02,WEPEAK,144,325.517952,310.40002,-15.11792758593748
WEST->NORTH,2026-03,OFFPEAK,247,775.875659,1944.06,1168.18439959375
WEST->NORTH,2026-03,WDPEAK,352,1283.593696,3325.7998,2042.2061086875
WEST->NORTH,2026-03,WEPEAK,144,422.469504,1027.0,604.5304960000001
WEST->NORTH,2026-04,OFFPEAK,240,933.7644,1424.7001,490.9356732421875
WEST->NORTH,2026-04,WDPEAK,352,1841.527072,3721.9102,1880.38308425
WEST->NORTH,2026-04,WEPEAK,128,532.658048,1227.01,694.351961765625
WEST->NORTH,2026-05,OFFPEAK,248,772.480568,766.56006,-5.920509406249948
WEST->NORTH,2026-05,WDPEAK,320,1572.544,1626.11,53.565985351562404
WEST->NORTH,2026-05,WEPEAK,176,672.511136,1082.05,409.53891282812504
WEST->NORTH,2026-06,OFFPEAK,240,482.99976,452.91998,-30.07977708984373
WEST->NORTH,2026-06,WDPEAK,336,1256.656192,3160.15,1903.49371034375
WEST->NORTH,2026-06,WEPEAK,144,441.857408,1224.8301,782.9726701249999
WEST->NORTH,2026-07,OFFPEAK,248,286.625504,40.07,-246.55550430517576
WEST->NORTH,2026-07,WDPEAK,352,1469.826592,1023.88,-445.9465871171874
WEST->NORTH,2026-07,WEPEAK,144,423.555072,136.65001,-286.90506284472656
WEST->NORTH,2026-08,OFFPEAK,248,153.87036,50.270008,-103.6003519128418
WEST->NORTH,2026-08,WDPEAK,336,931.24248,1143.52,212.27753953125
WEST->NORTH,2026-08,WEPEAK,160,277.36704,135.06,-142.30704244140622
WEST->NORTH,2026-09,OFFPEAK,176,296.51616,7.1800003,-289.33615969482423
WEST->NORTH,2026-09,WDPEAK,240,1283.779392,643.10004,-640.6793553789062
WEST->NORTH,2026-09,WEPEAK,112,344.871072,182.25,-162.62107200000003
WEST->PAN,2024-08,OFFPEAK,248,33.133296,0.0,-33.133296
WEST->PAN,2024-08,WDPEAK,352,285.497696,54.109985,-231.38771064843752
WEST->PAN,2024-08,WEPEAK,144,70.666128,4.889991,-65.77613719342041
WEST->PAN,2024-09,OFFPEAK,240,62.63544,2.130001,-60.50543893188477
WEST->PAN,2024-09,WDPEAK,320,183.19552,15.279999,-167.9155212207031
WEST->PAN,2024-09,WEPEAK,160,66.54512,27.260002,-39.28511786376953
WEST->PAN,2024-10,OFFPEAK,248,42.154544,21.689999,-20.464545373291017
WEST->PAN,2024-10,WDPEAK,352,105.13208,12.0,-93.13208
WEST->PAN,2024-10,WEPEAK,144,32.083712,15.519999,-16.56371344958496
WEST->PAN,2024-11,OFFPEAK,240,55.99394,0.6100006,-55.38393938964844
WEST->PAN,2024-11,WDPEAK,304,168.8816,2.9100008,-165.97159919891357
WEST->PAN,2024-11,WEPEAK,176,78.49856,1.0400028,-77.45855717712402
WEST->PAN,2024-12,OFFPEAK,248,94.946552,0.0,-94.946552
WEST->PAN,2024-12,WDPEAK,336,146.67576,17.269997,-129.4057633569336
WEST->PAN,2024-12,WEPEAK,160,66.94592,6.400005,-60.54591513626099
WEST->PAN,2025-01,OFFPEAK,248,92.52508,0.0,-92.52508
WEST->PAN,2025-01,WDPEAK,336,158.12896,8.369995,-149.7589648828125
WEST->PAN,2025-01,WEPEAK,160,48.973392,3.659999,-45.313393106262204
WEST->PAN,2025-02,OFFPEAK,224,106.599136,10.189992,-96.40914404901123
WEST->PAN,2025-02,WDPEAK,304,168.57632,46.97004,-121.60628063232423
WEST->PAN,2025-02,WEPEAK,144,50.769152,14.450008,-36.319143607666014
WEST->PAN,2025-03,OFFPEAK,247,103.079522,18.580002,-84.49952016894531
WEST->PAN,2025-03,WDPEAK,336,137.821488,58.03999,-79.78149852856444
WEST->PAN,2025-03,WEPEAK,160,49.732,44.679993,-5.052007324218749
WEST->PAN,2025-04,OFFPEAK,240,116.98128,0.0,-116.98128
WEST->PAN,2025-04,WDPEAK,352,250.752832,34.200005,-216.5528274223633
WEST->PAN,2025-04,WEPEAK,128,75.036416,17.929998,-57.106417602172854
WEST->PAN,2025-06,WDPEAK,320,423.33984,52.120003,-371.21983725341795
WEST->PAN,2025-07,OFFPEAK,248,48.329744,0.0,-48.329744
WEST->PAN,2025-07,WDPEAK,352,376.904,93.11,-283.79399938964843
WEST->PAN,2025-07,WEPEAK,144,130.212432,42.049995,-88.16243657763673
WEST->PAN,2025-08,OFFPEAK,248,31.498976,0.0,-31.498976
WEST->PAN,2025-08,WDPEAK,336,243.409488,0.0,-243.409488
WEST->PAN,2025-08,WEPEAK,160,88.60608,5.159999,-83.44608110626221
WEST->PAN,2025-09,OFFPEAK,240,124.6704,0.0,-124.6704
WEST->PAN,2025-09,WDPEAK,336,255.785712,1.0100031,-254.7757089100952
WEST->PAN,2025-09,WEPEAK,144,91.753632,2.2599983,-89.4936336784668
WEST->PAN,2025-10,OFFPEAK,248,93.26784,0.0,-93.26784
WEST->PAN,2025-10,WDPEAK,352,226.430032,0.15999985,-226.2700321525879
WEST->PAN,2025-10,WEPEAK,144,54.462592,0.0,-54.462592
WEST->PAN,2025-11,OFFPEAK,240,47.622805,0.0,-47.622805
WEST->PAN,2025-11,WDPEAK,288,126.928816,0.17000008,-126.75881592370605
WEST->PAN,2025-11,WEPEAK,192,61.9168,0.0,-61.9168
WEST->PAN,2025-12,OFFPEAK,248,77.792144,0.0,-77.792144
WEST->PAN,2025-12,WDPEAK,352,159.678816,0.0,-159.678816
WEST->PAN,2025-12,WEPEAK,144,48.184848,0.0,-48.184848
WEST->PAN,2026-01,WDPEAK,320,144.757872,3.5299988,-141.22787322070312
WEST->PAN,2026-01,WEPEAK,176,60.99072,8.430003,-52.56071683380127
WEST->PAN,2026-02,WDPEAK,304,147.20352,0.97999954,-146.22352045776367
WEST->PAN,2026-02,WEPEAK,144,50.444928,1.3300014,-49.11492664578247
WEST->PAN,2026-03,WDPEAK,352,144.55056,87.21999,-57.330566408691396
WEST->PAN,2026-03,WEPEAK,144,54.31464,22.980003,-31.334636643066403
WEST->PAN,2026-04,WEPEAK,128,57.06304,5.6000004,-51.463039618530274
WEST->PAN,2026-05,WEPEAK,176,78.525392,3.7700028,-74.75538915805053
WEST->PAN,2026-06,OFFPEAK,240,98.03448,0.0,-98.03448
WEST->PAN,2026-06,WEPEAK,144,61.178496,7.459999,-53.718496915527346
WEST->PAN,2026-07,WDPEAK,352,270.917184,22.520002,-248.39718163488772
WEST->PAN,2026-07,WEPEAK,144,74.705536,7.090005,-67.61553107904052
WEST->PAN,2026-08,WDPEAK,336,175.747152,20.289997,-155.45715489916992
WEST->PAN,2026-09,WDPEAK,240,268.7496,16.809996,-251.93960434875487
WEST->SOUTH,2024-08,OFFPEAK,248,273.122152,119.8,-153.32214894824222
WEST->SOUTH,2024-08,WDPEAK,352,2106.107872,471.60004,-1634.5078353789063
WEST->SOUTH,2024-08,WEPEAK,144,579.488832,179.06,-400.42883444140625
WEST->SOUTH,2024-09,OFFPEAK,240,481.99704,83.85999,-398.137047019043
WEST->SOUTH,2024-09,WDPEAK,320,1208.95584,438.87,-770.0858448828126
WEST->SOUTH,2024-09,WEPEAK,160,417.71248,153.18,-264.5324873242188
WEST->SOUTH,2024-10,OFFPEAK,248,511.133952,1664.8499,1153.7159015156249
WEST->SOUTH,2024-10,WDPEAK,352,1748.103408,2320.18,572.076523640625
WEST->SOUTH,2024-10,WEPEAK,144,505.986432,378.45,-127.53641979296873
WEST->SOUTH,2024-11,OFFPEAK,240,316.396368,896.35,579.9536075859376
WEST->SOUTH,2024-11,WDPEAK,304,1234.83296,1529.85,295.01701558593754
WEST->SOUTH,2024-11,WEPEAK,176,445.98208,635.4,189.4179444140625
WEST->SOUTH,2024-12,OFFPEAK,248,589.169136,255.97,-333.19913477929686
WEST->SOUTH,2024-12,WDPEAK,336,1152.507216,527.41,-625.0972428554687
WEST->SOUTH,2024-12,WEPEAK,160,455.69056,233.83,-221.86055816894532
WEST->SOUTH,2025-01,OFFPEAK,248,526.823672,555.52997,28.706296261718762
WEST->SOUTH,2025-01,WDPEAK,336,837.064448,871.32996,34.26550805468753
WEST->SOUTH,2025-01,WEPEAK,160,270.92664,302.09998,31.17333558593748
WEST->SOUTH,2025-02,OFFPEAK,224,372.352512,246.13,-126.22250711718749
WEST->SOUTH,2025-02,WDPEAK,304,540.81888,415.94,-124.87887755859379
WEST->SOUTH,2025-02,WEPEAK,144,248.720896,238.25,-10.47089600000001
WEST->SOUTH,2025-03,OFFPEAK,247,839.313163,1690.06,850.74689559375
WEST->SOUTH,2025-03,WDPEAK,336,1591.89072,3147.72,1555.829250703125
WEST->SOUTH,2025-03,WEPEAK,160,660.42688,870.42,209.99310291015627
WEST->SOUTH,2025-04,OFFPEAK,240,1007.6556,933.39,-74.26558535156255
WEST->SOUTH,2025-04,WDPEAK,352,2742.386944,1523.9901,-1218.3968316953124
WEST->SOUTH,2025-04,WEPEAK,128,778.021504,1071.85,293.82847158593745
WEST->SOUTH,2025-05,OFFPEAK,248,802.43252,91.869995,-710.5625248828125
WEST->SOUTH,2025-05,WDPEAK,336,2138.356416,1261.94,-876.4164745937501
WEST->SOUTH,2025-05,WEPEAK,160,841.44048,278.43,-563.0104873242187
WEST->SOUTH,2025-06,OFFPEAK,240,523.61544,118.19,-405.4254375585938
WEST->SOUTH,2025-06,WDPEAK,320,2150.889216,1067.96,-1082.9292550625
WEST->SOUTH,2025-06,WEPEAK,160,669.6252,573.94,-95.6851975585937
WEST->SOUTH,2025-07,OFFPEAK,248,238.158864,2.6499977,-235.50886628881835
WEST->SOUTH,2025-07,WDPEAK,352,1916.97264,504.42004,-1412.5525960546875
WEST->SOUTH,2025-07,WEPEAK,144,591.384528,235.22998,-356.15454753125005
WEST->SOUTH,2025-08,OFFPEAK,248,210.998648,0.0,-210.998648
WEST->SOUTH,2025-08,WDPEAK,336,1724.317056,1622.2,-102.1171048281251
WEST->SOUTH,2025-08,WEPEAK,160,571.00704,481.97998,-89.02705953124996
WEST->SOUTH,2025-09,OFFPEAK,240,416.79024,0.0,-416.79024
WEST->SOUTH,2025-09,WDPEAK,336,2083.379424,470.77002,-1612.6094044687502
WEST->SOUTH,2025-09,WEPEAK,144,672.770448,106.06,-566.7104504414062
WEST->SOUTH,2025-10,OFFPEAK,248,656.411112,221.49998,-434.91112725878907
WEST->SOUTH,2025-10,WDPEAK,352,2990.136896,1718.03,-1272.106866703125
WEST->SOUTH,2025-10,WEPEAK,144,779.324288,838.72,59.395682703124976
WEST->SOUTH,2025-11,OFFPEAK,240,703.733737,930.18005,226.44631671093748
WEST->SOUTH,2025-11,WDPEAK,288,2189.400704,2007.5801,-181.82062587500013
WEST->SOUTH,2025-11,WEPEAK,192,1129.524,1003.69995,-125.82404882812489
WEST->SOUTH,2025-12,OFFPEAK,248,746.363688,853.70996,107.34627293749998
WEST->SOUTH,2025-12,WDPEAK,352,2150.039232,1915.95,-234.08928082812508
WEST->SOUTH,2025-12,WEPEAK,144,592.81272,390.61,-202.2027346484375
WEST->SOUTH,2026-01,OFFPEAK,248,845.392072,261.91,-583.4820683378906
WEST->SOUTH,2026-01,WDPEAK,320,1633.558416,728.85,-904.7084404140626
WEST->SOUTH,2026-01,WEPEAK,176,537.10704,136.26999,-400.8370509863281
WEST->SOUTH,2026-02,OFFPEAK,224,857.106432,625.27,-231.83641246875004
WEST->SOUTH,2026-02,WDPEAK,304,1662.04576,899.35,-762.6957844140625
WEST->SOUTH,2026-02,WEPEAK,144,525.745152,426.51,-99.23514223437496
WEST->SOUTH,2026-03,OFFPEAK,247,1104.508418,2612.4497,1507.94128903125
WEST->SOUTH,2026-03,WDPEAK,352,3035.673696,4419.55,1383.8761086875002
WEST->SOUTH,2026-03,WEPEAK,144,1000.329264,1440.8301,440.50081412500003
WEST->SOUTH,2026-04,OFFPEAK,240,1174.44432,1671.27,496.82569953124994
WEST->SOUTH,2026-04,WDPEAK,352,3118.031488,5616.0996,2498.068121375
WEST->SOUTH,2026-04,WEPEAK,128,934.83456,2549.51,1614.675449765625
WEST->SOUTH,2026-05,OFFPEAK,248,1290.732864,773.03,-517.7028347031251
WEST->SOUTH,2026-05,WDPEAK,320,3439.168,2331.37,-1107.7978828125001
WEST->SOUTH,2026-05,WEPEAK,176,1430.663872,1548.8301,118.16620612499992
WEST->SOUTH,2026-06,OFFPEAK,240,705.8004,473.49002,-232.31037924804684
WEST->SOUTH,2026-06,WDPEAK,336,2967.339584,3181.1802,213.84059178125017
WEST->SOUTH,2026-06,WEPEAK,144,996.315648,1245.81,249.49441059375
WEST->SOUTH,2026-07,OFFPEAK,248,507.072704,53.34,-453.7327038474121
WEST->SOUTH,2026-07,WDPEAK,352,3058.18488,676.68,-2381.5048873242185
WEST->SOUTH,2026-07,WEPEAK,144,847.324928,179.95999,-667.3649365449219
WEST->SOUTH,2026-08,OFFPEAK,248,242.777864,44.479996,-198.29786827246093
WEST->SOUTH,2026-08,WDPEAK,336,2397.445008,596.95996,-1800.4850470625001
WEST->SOUTH,2026-08,WEPEAK,160,724.46048,308.28998,-416.1705019726562
WEST->SOUTH,2026-09,OFFPEAK,176,497.04552,10.129997,-486.91552274658204
WEST->SOUTH,2026-09,WDPEAK,240,2716.538832,588.63995,-2127.898878386719
WEST->SOUTH,2026-09,WEPEAK,112,845.737632,93.53999,-752.1976387138671
