he,RT>=100 %days,DA>=100 %days,SHORT loss>=100 %,LONG loss>=100 %,RT>=100 /yr,SHORT loss>=100 /yr,LONG loss>=100 /yr,RT max
1,0.4932182490752158,0.36991368680641185,0.2466091245376079,0.12330456226880394,1.8014796547472256,0.9007398273736128,0.4503699136868064,259.565
2,0.36900369003690037,0.36900369003690037,0.12300123001230012,0.24600246002460024,1.3511097410604191,0.4503699136868064,0.9007398273736128,282.5275
3,0.4944375772558714,0.3708281829419036,0.2472187886279357,0.2472187886279357,1.8014796547472256,0.9007398273736128,0.9007398273736128,356.6175
4,0.36991368680641185,0.36991368680641185,0.12330456226880394,0.12330456226880394,1.3511097410604191,0.4503699136868064,0.4503699136868064,297.695
5,0.4932182490752158,0.4932182490752158,0.12330456226880394,0.2466091245376079,1.8014796547472256,0.4503699136868064,0.9007398273736128,283.5225
6,0.6165228113440198,0.4932182490752158,0.12330456226880394,0.4932182490752158,2.2518495684340323,0.4503699136868064,1.8014796547472256,402.3025
7,0.6165228113440198,0.7398273736128237,0.2466091245376079,0.6165228113440198,2.2518495684340323,0.9007398273736128,2.2518495684340323,595.5375
8,0.9864364981504316,0.8631319358816275,0.36991368680641185,0.36991368680641185,3.602959309494451,1.3511097410604191,1.3511097410604191,864.0075
9,0.36991368680641185,0.7398273736128237,0.12330456226880394,0.4932182490752158,1.3511097410604191,0.4503699136868064,1.8014796547472256,150.885
10,0.12330456226880394,0.6165228113440198,0.0,0.2466091245376079,0.4503699136868064,0.0,0.9007398273736128,128.9675
11,0.12330456226880394,0.2466091245376079,0.12330456226880394,0.2466091245376079,0.4503699136868064,0.4503699136868064,0.9007398273736128,138.87
12,0.36991368680641185,0.2466091245376079,0.12330456226880394,0.2466091245376079,1.3511097410604191,0.4503699136868064,0.9007398273736128,1206.46
13,0.36991368680641185,0.36991368680641185,0.2466091245376079,0.36991368680641185,1.3511097410604191,0.9007398273736128,1.3511097410604191,512.665
14,0.36991368680641185,0.2466091245376079,0.2466091245376079,0.2466091245376079,1.3511097410604191,0.9007398273736128,0.9007398273736128,304.19
15,0.6165228113440198,0.2466091245376079,0.12330456226880394,0.2466091245376079,2.2518495684340323,0.4503699136868064,0.9007398273736128,818.7275
16,0.8631319358816275,0.36991368680641185,0.2466091245376079,0.12330456226880394,3.1525893958076447,0.9007398273736128,0.4503699136868064,274.1275
17,1.2330456226880395,0.4932182490752158,0.4932182490752158,0.2466091245376079,4.503699136868065,1.8014796547472256,0.9007398273736128,830.1275
18,3.082614056720099,2.219482120838471,0.7398273736128237,0.2466091245376079,11.25924784217016,2.7022194821208383,0.9007398273736128,2001.06
19,4.562268803945746,4.192355117139334,0.6165228113440198,0.4932182490752158,16.66368680641184,2.2518495684340323,1.8014796547472256,2406.0225
20,5.30209617755857,4.192355117139334,1.3563501849568433,0.7398273736128237,19.365906288532678,4.954069050554871,2.7022194821208383,3068.2175
21,5.055487053020962,3.2059186189889024,1.6029593094944512,0.9864364981504316,18.465166461159065,5.854808877928483,3.602959309494451,1494.245
22,3.5758323057953145,1.972872996300863,1.1097410604192355,0.6165228113440198,13.060727496917385,4.053329223181258,2.2518495684340323,504.8175
23,2.096177558569667,0.8631319358816275,0.4932182490752158,0.4932182490752158,7.656288532675709,1.8014796547472256,1.8014796547472256,520.9825
24,0.4932182490752158,0.4932182490752158,0.12330456226880394,0.36991368680641185,1.8014796547472256,0.4503699136868064,1.3511097410604191,256.2825
