,HE9-16 SHORT,HE17-22 LONG,HE17-22 LONG DA<=40,HE17-22 SHORT
nodes,882.0,882.0,882.0,882.0
EV>0 %,98.1859410430839,16.3265306122449,55.78231292517006,83.6734693877551
EV median,1.4724066041530333,-1.3600372390777937,0.12080707189771844,1.3600372390777937
EV p10,0.9287895539662951,-2.0195808577913583,-0.9058484162648467,-0.3335234672014869
EV p90,2.0324591001407293,0.3335234672014869,0.9332241743109947,2.0195808577913583
ex-best5 >0 %,97.84580498866214,1.0204081632653061,43.65079365079365,78.45804988662131
all 3 yrs >0 %,26.87074829931973,1.0204081632653061,11.45124716553288,3.061224489795918
2024>0 %,27.66439909297052,94.89795918367348,68.82086167800453,5.1020408163265305
2025>0 %,98.86621315192744,1.7006802721088436,14.512471655328799,98.29931972789116
2026>0 %,98.07256235827666,19.160997732426306,91.83673469387756,80.8390022675737
>=4 of 5 halves >0 %,62.698412698412696,2.0408163265306123,25.510204081632654,65.5328798185941
payoff median,1.0068468704474602,1.4781809249233522,1.5389751390859567,0.6765071829056434
win median,0.5850030826140566,0.3706329634196465,0.4031770045385779,0.6291615289765722
HUBAVG EV,1.3728013156273582,-0.9752804765571942,0.0011907548114284156,0.9752804765571942
GKS EV,0.8562670762520903,1.2711190142555095,1.1149631008206742,-1.2711190142555095
