hour_start_CT,HE,DA_energy_fcst_$MWh,RT_energy_fcst_$MWh,DA_NonSpin_fcst_$MWh,DA_RRS_fcst_$MWh,DA_ECRS_fcst_$MWh,P_DA_lt_RT,P_DA_gt_RT
2026-09-22 00:00-0500,1,47.0062,43.7277,8.9353,1.3968,0.8377,0.5493,0.5727
2026-09-22 01:00-0500,2,44.6735,44.8993,6.5475,0.266,0.5087,0.5525,0.5685
2026-09-22 02:00-0500,3,42.5583,44.4329,5.4408,0.1948,0.468,0.5605,0.5438
2026-09-22 03:00-0500,4,42.3093,43.6408,4.6225,0.1979,0.4681,0.5454,0.5424
2026-09-22 04:00-0500,5,43.505,43.9426,4.6161,0.1469,0.5464,0.5381,0.5482
2026-09-22 05:00-0500,6,49.2711,46.512,5.1727,0.1893,0.5434,0.5336,0.5791
2026-09-22 06:00-0500,7,58.7157,49.7411,8.7697,0.4422,1.1171,0.4993,0.6043
2026-09-22 07:00-0500,8,52.8821,48.8187,8.2542,0.7217,1.2528,0.521,0.5889
2026-09-22 08:00-0500,9,40.1053,35.7315,2.6086,0.2809,0.5958,0.5455,0.5706
2026-09-22 09:00-0500,10,34.0835,32.5722,0.4275,0.1,0.1972,0.5535,0.5767
2026-09-22 10:00-0500,11,38.2087,34.4918,0.3812,0.1,0.1798,0.5456,0.5578
2026-09-22 11:00-0500,12,43.6618,37.6532,0.3662,0.1,0.1847,0.5328,0.565
2026-09-22 12:00-0500,13,47.778,42.6931,0.4245,0.1,0.1859,0.4806,0.6273
2026-09-22 13:00-0500,14,54.0759,48.9866,0.7297,0.1,0.14,0.4807,0.6593
2026-09-22 14:00-0500,15,62.1853,50.2383,0.7297,0.1028,0.14,0.5055,0.6747
2026-09-22 15:00-0500,16,61.0699,56.0976,0.9329,0.1075,0.1501,0.5095,0.7037
2026-09-22 16:00-0500,17,61.427,55.3277,1.4719,0.1107,0.1725,0.4862,0.7007
2026-09-22 17:00-0500,18,60.4056,54.3151,0.9536,0.1307,0.2351,0.477,0.7098
2026-09-22 18:00-0500,19,76.0361,68.414,1.6584,0.3204,0.5372,0.4589,0.7179
2026-09-22 19:00-0500,20,86.4664,91.6839,28.9991,6.3708,8.1092,0.4572,0.6989
2026-09-22 20:00-0500,21,92.2724,83.6096,41.4878,13.1011,12.9337,0.4594,0.6813
2026-09-22 21:00-0500,22,84.709,71.6067,39.6152,12.3264,23.8316,0.4577,0.6817
2026-09-22 22:00-0500,23,70.1966,51.1809,39.9613,11.072,23.8316,0.4644,0.6811
2026-09-22 23:00-0500,24,50.8188,44.6012,27.263,6.5127,13.5958,0.4772,0.6686
