L_hi,n,cum,ev,win,pl,mdd,rate
0.5,2632,1605.3250000000003,0.6099259118541035,0.4764437689969605,1.2810551468640956,1263.4850000000004,0.438812937645882
0.51,2536,1480.7099999999996,0.5838761829652995,0.472397476340694,1.2922773386360131,1246.9199999999996,0.42280760253417804
0.52,2431,1426.0249999999999,0.586600164541341,0.469765528589058,1.3054939849731033,1229.2699999999998,0.4053017672557519
0.53,2343,1203.3249999999998,0.5135830132309005,0.4664959453691848,1.2988528478021197,1189.6174999999998,0.39063021007002335
0.54,2258,1038.6599999999996,0.45999114260407425,0.4645704162976085,1.291856003961509,1168.9899999999993,0.3764588196065355
0.55,2165,921.04,0.42542263279445724,0.4623556581986143,1.292138470490132,1130.5175000000004,0.36095365121707235
0.56,2076,796.0874999999999,0.38347182080924846,0.46001926782273606,1.2903739567943655,1195.1750000000002,0.34611537179059687
0.57,1994,716.9125000000001,0.35953485456369116,0.46038114343029085,1.279908283504438,1176.1450000000002,0.3324441480493498
0.58,1913,575.69,0.300935703084161,0.46001045478306324,1.263334894436037,1181.8250000000003,0.3189396465488496
0.59,1823,545.8875000000002,0.2994445968184312,0.4574876577070762,1.275074472046281,1171.8125000000002,0.3039346448816272
0.6,1725,295.25750000000005,0.17116376811594206,0.4544927536231884,1.2508317781243068,1126.7350000000001,0.28759586528842945
0.61,1651,347.6675,0.21057995154451847,0.45487583282858873,1.2604257422522163,1078.3625000000002,0.2752584194731577
0.62,1569,407.99499999999995,0.2600350541746335,0.4576163161249203,1.2616661308505936,960.6424999999999,0.26158719573191064
0.63,1487,366.01,0.24613987895090786,0.4546065904505716,1.2720531862113964,938.4275,0.24791597199066356
0.64,1417,387.4649999999997,0.27344036697247687,0.4580098800282287,1.262525445337934,931.7650000000001,0.23624541513837946
0.65,1335,173.43749999999994,0.12991573033707862,0.45617977528089887,1.2297554992424067,895.67,0.2225741913971324
0.66,1247,-77.84249999999997,-0.06242381716118683,0.4458700882117081,1.2242742173045509,926.0150000000004,0.20790263421140381
0.67,1168,-470.7425,-0.4030329623287671,0.4409246575342466,1.1489918741529974,1234.1275000000005,0.19473157719239748
0.68,1099,-444.7649999999999,-0.4046997270245677,0.44040036396724297,1.1535217297606972,1149.9174999999996,0.18322774258086028
0.69,1030,-485.7800000000001,-0.4716310679611651,0.43786407766990293,1.147619229039602,1185.3874999999998,0.1717239079693231
0.7,969,-563.8974999999999,-0.581937564499484,0.43550051599587203,1.127018620923721,1275.2275000000004,0.16155385128376126
0.71,906,-781.3325000000001,-0.8623979028697573,0.4315673289183223,1.067780172455529,1307.1575,0.15105035011670556
0.72,834,-845.6975,-1.0140257793764988,0.42685851318944845,1.0491073687785295,1324.1799999999994,0.13904634878292765
0.73,779,-697.6225,-0.8955359435173298,0.4287548138639281,1.0752030154092975,1229.9399999999998,0.12987662554184728
0.74,718,-781.2225,-1.0880536211699163,0.4192200557103064,1.071326830220506,1288.479999999999,0.11970656885628543
0.75,664,-762.6674999999998,-1.14859563253012,0.42168674698795183,1.0503349527384487,1308.3399999999988,0.11070356785595198
0.76,602,-960.6900000000003,-1.5958305647840536,0.4069767441860465,1.0014194851331812,1477.264999999999,0.10036678892964321
0.77,551,-878.5125000000002,-1.5943965517241383,0.40834845735027225,0.9888107975630622,1373.997499999999,0.09186395465155052
0.78,492,-868.0675,-1.764364837398374,0.41260162601626016,0.9402998034328999,1355.0499999999993,0.0820273424474825
0.79,440,-829.5375,-1.8853125,0.4090909090909091,0.9444023646305136,1317.1474999999994,0.07335778592864288
0.8,392,-838.1349999999999,-2.138099489795918,0.39540816326530615,0.9443201510658892,1251.8449999999993,0.06535511837279093
0.81,364,-794.5874999999999,-2.1829326923076917,0.3983516483516483,0.9262694586753037,1247.7524999999994,0.06068689563187729
0.82,332,-824.0975,-2.4822213855421684,0.39156626506024095,0.8717775402024827,1183.5674999999994,0.05535178392797599
0.83,301,-648.7475,-2.1553073089700994,0.4019933554817276,0.8991611776159378,1023.7549999999995,0.050183394464821604
0.84,272,-578.16,-2.1255882352941176,0.40808823529411764,0.8823301506484869,943.3899999999999,0.04534844948316105
0.85,239,-405.215,-1.695460251046025,0.4225941422594142,0.899556067525817,676.75,0.03984661553851284
0.86,211,-312.7625,-1.48228672985782,0.43601895734597157,0.8963695758336339,529.095,0.0351783927975992
0.87,186,-257.3775,-1.38375,0.44086021505376344,0.8974390538315824,478.20499999999987,0.03101033677892631
0.88,147,-258.615,-1.7592857142857143,0.42857142857142855,0.8637288581859944,445.5849999999999,0.024508169389796598
0.89,121,-187.12249999999997,-1.54646694214876,0.39669421487603307,1.0482075956742452,381.615,0.02017339113037679
0.9,100,-208.18499999999995,-2.0818499999999993,0.39,0.950142947031882,350.4325,0.016672224074691565
0.91,93,-217.0725,-2.3341129032258063,0.3655913978494624,1.0006652357191577,350.6975,0.015505168389463154
0.92,80,-213.795,-2.6724375,0.3375,1.0582836927336703,337.37,0.013337779259753251
0.93,70,-220.3,-3.1471428571428572,0.32857142857142857,0.9568785484158719,301.46000000000004,0.011670556852284094
0.94,61,-202.59500000000003,-3.321229508196722,0.29508196721311475,1.0788692120935974,282.895,0.010170056685561854
0.95,51,-129.78,-2.5447058823529414,0.3333333333333333,1.0711173539226828,210.07999999999998,0.008502834278092697
0.96,44,-120.44000000000001,-2.7372727272727277,0.3181818181818182,1.0727280266199504,178.69500000000002,0.007335778592864288
0.97,35,-75.4475,-2.1556428571428574,0.34285714285714286,1.1177400864628944,130.90000000000003,0.005835278426142047
0.98,21,-56.732499999999995,-2.7015476190476186,0.3333333333333333,0.874550549259801,70.1725,0.0035011670556852285
0.99,11,-0.4349999999999987,-0.03954545454545443,0.45454545454545453,1.1848156497709257,22.255,0.001833944648216072
