S_hi,n,cum,ev,win,pl,mdd,rate
0.5,3366,6421.743300000002,1.9078262923351164,0.5591206179441474,1.0572737128463254,6029.425000000034,0.5611870623541181
0.51,3273,6684.300799999999,2.042255056523067,0.5609532538955087,1.0682880928968632,5859.6225000000295,0.5456818939646549
0.52,3155,6580.738299999998,2.085812456418383,0.5606973058637084,1.0716421377077832,5875.707500000023,0.5260086695565188
0.53,3045,6667.313299999998,2.1895938587848924,0.5628899835796387,1.0737330546980643,5949.370000000022,0.5076692230743581
0.54,2938,6511.833300000001,2.2164170524166105,0.5619469026548672,1.0751844547363802,5951.410000000017,0.48982994331443813
0.55,2820,6528.6833000000015,2.3151359219858163,0.5641843971631205,1.0736103169439783,5861.175000000016,0.4701567189063021
0.56,2695,6824.848300000001,2.532411243042672,0.5662337662337662,1.0925394694775017,5591.852500000007,0.44931643881293765
0.57,2603,6498.9858,2.4967290818286596,0.5647330003841721,1.0879780599992983,5601.297500000009,0.43397799266422143
0.58,2486,6343.415800000002,2.551655591311344,0.5635559131134352,1.09466897331197,5484.5500000000075,0.4144714904968323
0.59,2372,6475.1075,2.7298092327150085,0.5661888701517707,1.1007091429033231,5412.930000000001,0.3954651550516839
0.6,2256,6349.67,2.814570035460993,0.5656028368794326,1.1047666532805611,5395.56,0.3761253751250417
0.61,2148,6805.935000000001,3.168498603351956,0.5651769087523277,1.1539468200169052,4756.594999999992,0.3581193731243748
0.62,2036,6835.212500000001,3.3571770628683697,0.5667976424361493,1.1593478446285714,4682.382499999997,0.33944648216072026
0.63,1934,6888.3225,3.5616972595656673,0.5682523267838676,1.1703077277393483,4560.360000000001,0.32244081360453486
0.64,1818,6947.3575,3.8214287678767875,0.5731573157315731,1.1644103901176315,4618.7775,0.30310103367789265
0.65,1717,7236.295,4.2144991263832265,0.5730926033779848,1.2072251370868845,4243.417500000002,0.2862620873624542
0.66,1604,7284.950000000001,4.54173940149626,0.5785536159600998,1.2004192309589037,4131.700000000006,0.2674224741580527
0.67,1529,7281.672499999999,4.762375735775016,0.5807717462393721,1.2018807411194705,4088.895000000006,0.25491830610203403
0.68,1433,6965.477499999997,4.860765875785065,0.5799023028611305,1.1961162919227588,4251.407500000028,0.2389129709903301
0.69,1342,6832.0525,5.090948211624441,0.5856929955290611,1.1725567689522238,4347.975000000006,0.2237412470823608
0.7,1246,7324.405000000001,5.878334670947031,0.5882825040128411,1.2335609177834888,3870.8050000000267,0.20773591197065688
0.71,1159,7295.200000000001,6.294391716997413,0.5867126833477135,1.2573450073204615,3869.732500000023,0.1932310770256752
0.72,1086,7324.6775,6.744638581952118,0.5939226519337016,1.2410549951678054,3885.6075000000155,0.18106035345115037
0.73,988,7401.142499999999,7.491034919028339,0.597165991902834,1.2553980504155118,3875.32500000001,0.16472157385795266
0.74,909,7276.3575,8.004793729372937,0.592959295929593,1.280767286150354,3955.832500000015,0.15155051683894633
0.75,836,7160.379999999999,8.565047846889952,0.5933014354066986,1.2899998283686926,3970.1625000000213,0.1393797932644215
0.76,780,7284.215,9.338737179487179,0.5961538461538461,1.3128847498975722,3832.622500000013,0.1300433477825942
0.77,722,7139.6875,9.888763850415513,0.5872576177285319,1.363337490933584,3920.3250000000053,0.1203734578192731
0.78,660,7327.905,11.102886363636363,0.593939393939394,1.3838759152834135,3727.4649999999992,0.11003667889296433
0.79,604,7088.1224999999995,11.73530215231788,0.5927152317880795,1.3851676242160356,3853.6024999999945,0.10070023341113704
0.8,557,7293.245000000001,13.093797127468584,0.5942549371633752,1.442348815804437,3620.137499999996,0.092864288096032
0.81,504,7211.392499999999,14.30831845238095,0.5873015873015873,1.516554908209232,3581.7499999999964,0.08402800933644548
0.82,459,7064.180000000001,15.390370370370373,0.5904139433551199,1.5172356724245712,3700.319999999998,0.07652550850283428
0.83,424,6976.834999999999,16.454799528301884,0.5966981132075472,1.4823533147916412,3777.0924999999997,0.07069023007669223
0.84,386,7158.1399999999985,18.544404145077717,0.6062176165803109,1.4914121234038675,3602.4074999999993,0.06435478492830944
0.85,344,7004.674999999999,20.362427325581393,0.6046511627906976,1.497563390842822,3720.829999999998,0.05735245081693898
0.86,303,6770.575000000001,22.345132013201322,0.6171617161716172,1.4226156250430797,3669.715,0.05051683894631544
0.87,264,7311.335,27.69445075757576,0.6401515151515151,1.4781198588223692,3253.9925000000003,0.044014671557185726
0.88,244,7143.897500000001,29.278268442622956,0.6434426229508197,1.4450605523105569,3248.5825000000004,0.040680226742247416
0.89,215,7091.132500000001,32.98201162790698,0.6325581395348837,1.5677452043828028,3207.3150000000005,0.035845281760586864
0.9,194,6838.662500000001,35.25083762886599,0.6237113402061856,1.596530819566586,3232.137499999999,0.03234411470490164
0.91,178,6720.49,37.755561797752804,0.6404494382022472,1.4923814154921176,3262.467499999999,0.029676558852950983
0.92,162,7047.1275000000005,43.50078703703704,0.6666666666666666,1.46700781880355,3110.0324999999984,0.027009003001000332
0.93,145,6896.84,47.56441379310345,0.6758620689655173,1.4068380801459193,3088.4124999999985,0.024174724908302768
0.94,131,6662.742499999999,50.86062977099236,0.6641221374045801,1.4659154928654863,3088.4124999999985,0.02184061353784595
0.95,120,6372.3225,53.1026875,0.6666666666666666,1.4245373013495208,3112.9100000000008,0.020006668889629875
0.96,109,6375.760000000001,58.493211009174324,0.6880733944954128,1.3336241093765424,3087.3499999999985,0.018172724241413803
0.97,100,6689.389999999999,66.89389999999999,0.71,1.3773387383945925,2638.654999999999,0.016672224074691565
0.98,88,6917.4925,78.60786931818183,0.75,1.2904789676790902,2268.8949999999977,0.014671557185728577
0.99,77,6410.64,83.25506493506494,0.7402597402597403,1.309318770063965,2229.8824999999997,0.012837612537512505
