OBJECTID,FACILITYNAME,FACILITYTYPE,VOLTAGE,ISO,FROMSTATIONID,FROMSTATION,FROMZONE,TOSTATIONID,TOSTATION,TOZONE,FROMKV,TOKV,FROMBUSNAME,TOBUSNAME,EQUIPMENTID,SEGMENTID,STATUS
10016797967,5747 RNGRVILL 8314 LA_PALMA 1,LINE,138.0,ERCOT,10000702211.0,MVEC (RANGERVILLE),SOUTH,10000701336.0,LA PALMA,SOUTH,,,,,,,Active
10017293863,5756 LAURELES 8314 LA_PALMA 1,LINE,138.0,ERCOT,10000701331.0,LAURELES,SOUTH,10000701336.0,LA PALMA,SOUTH,,,,,,,Active
10018829477,8278 EHARRIS2 8289 LAPALMA2 1,LINE,69.0,ERCOT,10000700599.0,EAST HARRISON,SOUTH,10000701336.0,LA PALMA,SOUTH,,,,,,,Active
10016797982,8310 LAPALMA2 8748 RANGERVL 1,LINE,138.0,ERCOT,10000701336.0,LA PALMA,SOUTH,10000702211.0,MVEC (RANGERVILLE),SOUTH,,,,,,,Active
10017317388,8314 LA_PALMA 138 8315 LP3DUM 1 2,XFMR,138.0,ERCOT,10000701336.0,LA PALMA,SOUTH,,,,,,,,,,Active
10018874618,8314 LA_PALMA 80103 RANGERV 1,LINE,138.0,ERCOT,10000701336.0,LA PALMA,SOUTH,10000702211.0,MVEC (RANGERVILLE),SOUTH,,,,,,,Active
10016797455,8314 LA_PALMA 80229 CAVAZOS 1,LINE,138.0,ERCOT,10000701336.0,LA PALMA,SOUTH,10000702971.0,VILLA CAVAZOS,SOUTH,,,,,,,Active
10016796865,8314 LA_PALMA 8322 HAINE_DR 1,LINE,138.0,ERCOT,10000701336.0,LA PALMA,SOUTH,10000700917.0,HAINE DRIVE,SOUTH,,,,,,,Active
10017165045,8314 LA_PALMA 8333 L_FRESNO 1,LINE,138.0,ERCOT,10000701336.0,LA PALMA,SOUTH,10000701502.0,LOS FRESNOS,SOUTH,,,,,,,Active
10018275315,8314 LA_PALMA 8640 KELVIN4A 1,LINE,138.0,ERCOT,10000701336.0,LA PALMA,SOUTH,10016235691.0,KELVIN,SOUTH,,,,,,,Active
10017040578,8315 LP3DUM 1 8317 LA_PALMA 345 1,XFMR,138.0,ERCOT,10000701336.0,LA PALMA,SOUTH,,,,,,,,,,Active
10017178007,8322 HAINE_DR 80022 OLEANDE 1,LINE,138.0,ERCOT,10000700917.0,HAINE DRIVE,SOUTH,10000792412.0,OLEANDER,SOUTH,,,,,,,Active
10015889920,AZTECA-SE_EDINB 138KV LA_PAL_PALMAS1,LINE,138.0,ERCOT,10000699637.0,AZTECA,SOUTH,10000702508.0,SE EDINBURG,SOUTH,,,,,,,Active
10015889606,BMRTN-SMOUR 69KV LA_PAL_MVRANG1,LINE,69.0,ERCOT,10000699773.0,BOMARTON TU,WEST,10000702596.0,SEYMOUR TU,WEST,,,,,,,Active
10000797810,BROWNSVL-LA_PALMA 69KV BROWNS_LA_PAL11,LINE,69.0,ERCOT,10000699849.0,BROWNSVILLE,SOUTH,10000701336.0,LA PALMA,SOUTH,,,,,BROWNS_LA_PAL11,,Active
10001822653,BROWN_SW-LA_PALMA 69KV BROWN_LA_PAL11,LINE,69.0,ERCOT,10000699850.0,BROWNSVILLE SWITCH,SOUTH,10000701336.0,LA PALMA,SOUTH,,,,,BROWN__LA_PAL11,,Active
10004201852,BROWN_SW-LA_PALMA 69KV BROWN__LA_PAL1,LINE,69.0,ERCOT,10000699850.0,BROWNSVILLE SWITCH,SOUTH,10000701336.0,LA PALMA,SOUTH,,,,,BROWN__LA_PAL1,,Active
10002917879,CALRTNSW-CARLTON 69KV LA_PAL_RIOHON1,LINE,69.0,ERCOT,10000699937.0,CARLTON SWITCH,NORTH,10000699964.0,CARLTON,NORTH,,,,,,,Active
10015887343,CITGO_NO-CCEC 138KV LA_PAL_S_BENI1,LINE,138.0,ERCOT,10000700072.0,CITGO N OAK PARK,SOUTH,10000699984.0,CORPUS CHRISTI ENERGY CTR,SOUTH,,,,,,,Active
10002916088,CRSTMBRS-IBM_ 138KV LA_PAL_MVRANG1,LINE,138.0,ERCOT,10000700264.0,CROSS TIMBERS,NORTH,10000701082.0,IBM B,NORTH,,,,,,,Active
10001776379,E_HARRIS-LA_PALMA 69KV E_HARR_LA_PAL11,LINE,69.0,ERCOT,10000700599.0,EAST HARRISON,SOUTH,10000701336.0,LA PALMA,SOUTH,,,,,E_HARR_LA_PAL11,,Active
10004293302,E_HARRIS-LA_PALMA 69KV E_HARR_LA_PAL1_1,LINE,69.0,ERCOT,10000700599.0,EAST HARRISON,SOUTH,10000701336.0,LA PALMA,SOUTH,,,,,,,Active
10002918136,FSHSW-RILEY 345KV LA_PAL_L_FRES1,LINE,345.0,ERCOT,10000700722.0,FISHER ROAD SWITCH,WEST,10000804009.0,RILEY,WEST,,,,,,,Active
10017318927,GULCH-LA_PALMA 345KV GULCH_LA_PAL1,LINE,345.0,ERCOT,10017160266.0,GULCH,SOUTH,10000701336.0,LA PALMA,SOUTH,,,,,,,Active
10017160271,GULCH-LA_PALMA 345KV GULCH_LA_PAL11,LINE,345.0,ERCOT,10017160266.0,GULCH,SOUTH,10000701336.0,LA PALMA,SOUTH,,,,,,,Active
10017125558,HAINE_DR 138KV 138_12_1 LOAD,LOAD,138.0,ERCOT,10000700917.0,HAINE DRIVE,SOUTH,,,,,,,,,,Active
10015884670,HAINE_DR 138KV 138_12_2 LOAD,LOAD,138.0,ERCOT,10000700917.0,HAINE DRIVE,SOUTH,,,,,,,,,,Active
10017125561,HAINE_DR 138KV 1418 DSC,DSC,138.0,ERCOT,10000700917.0,HAINE DRIVE,SOUTH,,,,,,,,,,Active
10002738686,HAINE_DR 138KV 313 BRKR,BRKR,138.0,ERCOT,10000700917.0,HAINE DRIVE,SOUTH,,,,,,,,313,,Active
10000754791,HAINE_DR 138KV 313_CS BRKR,BRKR,138.0,ERCOT,10000700917.0,HAINE DRIVE,SOUTH,,,,,,,,313_CS,,Active
10000754792,HAINE_DR 138KV 3602 DSC,DSC,138.0,ERCOT,10000700917.0,HAINE DRIVE,SOUTH,,,,,,,,3602,,Active
10001823020,HAINE_DR 138KV 4637 DSC,DSC,138.0,ERCOT,10000700917.0,HAINE DRIVE,SOUTH,,,,,,,,4637,,Active
10001823019,HAINE_DR 138KV 868 DSC,DSC,138.0,ERCOT,10000700917.0,HAINE DRIVE,SOUTH,,,,,,,,868,,Active
10000746776,HAINE_DR-HARLNSW 138KV S63,LINE,138.0,ERCOT,10000700917.0,HAINE DRIVE,SOUTH,10000700940.0,HARLINGEN SWITCH,SOUTH,,,,,S63,,Active
10000746777,HAINE_DR-LA PALMA 138KV HAINE_LA_PAL1,LINE,138.0,ERCOT,10000700917.0,HAINE DRIVE,SOUTH,10000701336.0,LA PALMA,SOUTH,,,,,HAINE_LA_PAL1,,Active
10019975783,HAINE_DR-LA_PALMA 138KV HAINE__LA_PAL1,LINE,138.0,ERCOT,10000700917.0,HAINE DRIVE,SOUTH,10000701336.0,LA PALMA,SOUTH,,,,,,,Active
10000819183,HAINE_DR-LA_PALMA 138KV HAINE__LA_PAL1_1,LINE,138.0,ERCOT,10000700917.0,HAINE DRIVE,SOUTH,10000701336.0,LA PALMA,SOUTH,,,,,,,Active
10016687560,HAINE_DR-OLEANDER 138KV HAINE__OLEAND1_1,LINE,138.0,ERCOT,10000700917.0,HAINE DRIVE,SOUTH,10000792412.0,OLEANDER,SOUTH,,,,,,,Active
10000757535,HARLINGEN SWITCH-HAINE DRIVE 138KV S63,LINE,138.0,ERCOT,10000700940.0,HARLINGEN SWITCH,SOUTH,10000700917.0,HAINE DRIVE,SOUTH,,,,,S63,,Active
10015887410,KAL-SMS_SW_9 69KV LA_PAL_PALMAS2,LINE,69.0,ERCOT,10000701196.0,KALGARY,WEST,10000702602.0,SWENSON,WEST,,,,,,,Active
10018296547,KELVIN-LA_PALMA 138KV KELVIN_LA_PAL1_1,LINE,138.0,ERCOT,10016235691.0,KELVIN,SOUTH,10000701336.0,LA PALMA,SOUTH,,,,,,,Active
10000747693,LA PALMA 13.8KV 345_138T XFMR,XFMR,13.8,ERCOT,10000701336.0,LA PALMA,SOUTH,,,,,,,,345_138T,,Active
10000747694,LA PALMA 138KV 138_69A1 XFMR,XFMR,138.0,ERCOT,10000701336.0,LA PALMA,SOUTH,,,,,,,,138_69A1,,Active
10000747695,LA PALMA 138KV 138_69A2 XFMR,XFMR,138.0,ERCOT,10000701336.0,LA PALMA,SOUTH,,,,,,,,138_69A2,,Active
10000747696,LA PALMA 138KV 345_138L XFMR,XFMR,138.0,ERCOT,10000701336.0,LA PALMA,SOUTH,,,,,,,,345_138L,,Active
10000747697,LA PALMA 138KV 3875_CB BRKR,BRKR,138.0,ERCOT,10000701336.0,LA PALMA,SOUTH,,,,,,,,3875_CB,,Active
10000747698,LA PALMA 138KV 3895_CB BRKR,BRKR,138.0,ERCOT,10000701336.0,LA PALMA,SOUTH,,,,,,,,3895_CB,,Active
10000747699,LA PALMA 138KV 4920_CB BRKR,BRKR,138.0,ERCOT,10000701336.0,LA PALMA,SOUTH,,,,,,,,4920_CB,,Active
10000747700,LA PALMA 138KV 4940_CB BRKR,BRKR,138.0,ERCOT,10000701336.0,LA PALMA,SOUTH,,,,,,,,4940_CB,,Active
10000747701,LA PALMA 138KV 4950_CB BRKR,BRKR,138.0,ERCOT,10000701336.0,LA PALMA,SOUTH,,,,,,,,4950_CB,,Active
10000747702,LA PALMA 138KV 4960_CB BRKR,BRKR,138.0,ERCOT,10000701336.0,LA PALMA,SOUTH,,,,,,,,4960_CB,,Active
10000747703,LA PALMA 138KV 4980_CB BRKR,BRKR,138.0,ERCOT,10000701336.0,LA PALMA,SOUTH,,,,,,,,4980_CB,,Active
10000747704,LA PALMA 138KV 4990_CB BRKR,BRKR,138.0,ERCOT,10000701336.0,LA PALMA,SOUTH,,,,,,,,4990_CB,,Active
10000747705,LA PALMA 138KV 5875_CB BRKR,BRKR,138.0,ERCOT,10000701336.0,LA PALMA,SOUTH,,,,,,,,5875_CB,,Active
10000747706,LA PALMA 138KV 5945_CB BRKR,BRKR,138.0,ERCOT,10000701336.0,LA PALMA,SOUTH,,,,,,,,5945_CB,,Active
10000747707,LA PALMA 138KV 6515_CB BRKR,BRKR,138.0,ERCOT,10000701336.0,LA PALMA,SOUTH,,,,,,,,6515_CB,,Active
10000747708,LA PALMA 138KV 7340 BRKR,BRKR,138.0,ERCOT,10000701336.0,LA PALMA,SOUTH,,,,,,,,7340,,Active
10000747709,LA PALMA 138KV 7510 BRKR,BRKR,138.0,ERCOT,10000701336.0,LA PALMA,SOUTH,,,,,,,,7510,,Active
10000747710,LA PALMA 138KV 925_CB BRKR,BRKR,138.0,ERCOT,10000701336.0,LA PALMA,SOUTH,,,,,,,,925_CB,,Active
10000747711,LA PALMA 14KV LA_PALG4 UN,,14.0,ERCOT,10000701336.0,LA PALMA,SOUTH,,,,,,,,LA_PALG4,,Active
10000747712,LA PALMA 14KV LA_PALG5 UN,,14.0,ERCOT,10000701336.0,LA PALMA,SOUTH,,,,,,,,LA_PALG5,,Active
10000747713,LA PALMA 18KV LA_PALG6 UN,,18.0,ERCOT,10000701336.0,LA PALMA,SOUTH,,,,,,,,LA_PALG6,,Active
10000747714,LA PALMA 22KV LA_PALG7 UN,,22.0,ERCOT,10000701336.0,LA PALMA,SOUTH,,,,,,,,LA_PALG7,,Active
10000747715,LA PALMA 345KV 345_138H XFMR,XFMR,345.0,ERCOT,10000701336.0,LA PALMA,SOUTH,,,,,,,,345_138H,,Active
10000747716,LA PALMA 69KV 110_CB BRKR,BRKR,69.0,ERCOT,10000701336.0,LA PALMA,SOUTH,,,,,,,,110_CB,,Active
10000747717,LA PALMA 69KV 4690_CB BRKR,BRKR,69.0,ERCOT,10000701336.0,LA PALMA,SOUTH,,,,,,,,4690_CB,,Active
10000747718,LA PALMA 69KV 4800_CB BRKR,BRKR,69.0,ERCOT,10000701336.0,LA PALMA,SOUTH,,,,,,,,4800_CB,,Active
10000747719,LA PALMA 69KV 4805_CB BRKR,BRKR,69.0,ERCOT,10000701336.0,LA PALMA,SOUTH,,,,,,,,4805_CB,,Active
10000747720,LA PALMA 69KV 4865_CB BRKR,BRKR,69.0,ERCOT,10000701336.0,LA PALMA,SOUTH,,,,,,,,4865_CB,,Active
10000747721,LA PALMA 69KV 80_CB BRKR,BRKR,69.0,ERCOT,10000701336.0,LA PALMA,SOUTH,,,,,,,,80_CB,,Active
10000757985,LA PALMA-HAINE DRIVE 138KV HAINE_LA_PAL1,LINE,138.0,ERCOT,10000701336.0,LA PALMA,SOUTH,10000700917.0,HAINE DRIVE,SOUTH,,,,,HAINE__LA_PAL1,,Active
10000747722,LA PALMA-L_FRESNO 138KV LA_PAL_L_FRES1,LINE,138.0,ERCOT,10000701336.0,LA PALMA,SOUTH,10000701502.0,LOS FRESNOS,SOUTH,,,,,LA_PAL_L_FRES1,,Active
10000747723,LA PALMA-MVRANGER 138KV LA_PAL_MVRANG1,LINE,138.0,ERCOT,10000701336.0,LA PALMA,SOUTH,10000702211.0,MVEC (RANGERVILLE),SOUTH,,,,,LA_PAL_MVRANG1,,Active
10000747724,LA PALMA-RIOHONDO 138KV LA_PAL_RIOHON2,LINE,138.0,ERCOT,10000701336.0,LA PALMA,SOUTH,10000702284.0,RIO HONDO,SOUTH,,,,,LA_PAL_RIOHON2,,Active
10000747725,LA PALMA-RIOHONDO 345KV LA_PAL_RIOHON1,LINE,345.0,ERCOT,10000701336.0,LA PALMA,SOUTH,10000702284.0,RIO HONDO,SOUTH,,,,,LA_PAL_RIOHON1,,Active
10000757732,LA PALMA-SAN BENITO 69KV LA_PAL_S_BENI1,LINE,69.0,ERCOT,10000701336.0,LA PALMA,SOUTH,10000702754.0,SAN BENITO,SOUTH,,,,,LA_PAL_S_BENI1,,Active
10000747726,LA PALMA-VCAVAZOS 138KV LA_PAL_VCAVAS1,LINE,138.0,ERCOT,10000701336.0,LA PALMA,SOUTH,10000702971.0,VILLA CAVAZOS,SOUTH,,,,,LA_PAL_VCAVAS1,,Active
10017165586,LAURELES-LA_PALMA 138KV LAUREL_LA_PAL1,LINE,138.0,ERCOT,10000701331.0,LAURELES,SOUTH,10000701336.0,LA PALMA,SOUTH,,,,,,,Active
10002543746,LAURELES-LA_PALMA 138KV LAUREL_LA_PAL11,LINE,138.0,ERCOT,10000701331.0,LAURELES,SOUTH,10000701336.0,LA PALMA,SOUTH,,,,,LAUREL_LA_PAL11,,Active
10002883833,LAURELES-LA_PALMA 138KV LAUREL_LA_PAL1_1,LINE,138.0,ERCOT,10000701331.0,LAURELES,SOUTH,10000701336.0,LA PALMA,SOUTH,,,,,,,Active
10001768038,LA_PALMA 13.8KV 1 SVC,CAP,13.8,ERCOT,10000701336.0,LA PALMA,SOUTH,,,,,,,,1,,Active
10000807789,LA_PALMA 13.8KV 2775_CB BRKR,BRKR,13.8,ERCOT,10000701336.0,LA PALMA,SOUTH,,,,,,,,2775_CB,,Active
10000807790,LA_PALMA 13.8KV 2776 DSC,DSC,13.8,ERCOT,10000701336.0,LA PALMA,SOUTH,,,,,,,,2776,,Active
10000811079,LA_PALMA 13.8KV XF1C XFMR,XFMR,13.8,ERCOT,10000701336.0,LA PALMA,SOUTH,,,,,,,,XF1C,,Active
10016735760,LA_PALMA 138KV 2 CP,CAP,138.0,ERCOT,10000701336.0,LA PALMA,SOUTH,,,,,,,,,,Active
10001774955,LA_PALMA 138KV 2 SVC,CAP,138.0,ERCOT,10000701336.0,LA PALMA,SOUTH,,,,,,,,2,,Active
10000797644,LA_PALMA 138KV 2015 BRKR,BRKR,138.0,ERCOT,10000701336.0,LA PALMA,SOUTH,,,,,,,,2015,,Active
10000797645,LA_PALMA 138KV 2016 DSC,DSC,138.0,ERCOT,10000701336.0,LA PALMA,SOUTH,,,,,,,,2016,,Active
10016777331,LA_PALMA 138KV 3 CP,CAP,138.0,ERCOT,10000701336.0,LA PALMA,SOUTH,,,,,,,,,,Active
10000825666,LA_PALMA 138KV 3 SVC,CAP,138.0,ERCOT,10000701336.0,LA PALMA,SOUTH,,,,,,,,3,,Active
10018476831,LA_PALMA 138KV 345_138L_XF1B,XFMR,138.0,ERCOT,10000701336.0,LA PALMA,SOUTH,,,,,,,,,,Active
10000797629,LA_PALMA 138KV 3874 DSC,DSC,138.0,ERCOT,10000701336.0,LA PALMA,SOUTH,,,,,,,,3874,,Active
10000797630,LA_PALMA 138KV 3876 DSC,DSC,138.0,ERCOT,10000701336.0,LA PALMA,SOUTH,,,,,,,,3876,,Active
10000797608,LA_PALMA 138KV 3894 DSC,DSC,138.0,ERCOT,10000701336.0,LA PALMA,SOUTH,,,,,,,,3894,,Active
10000797609,LA_PALMA 138KV 3896 DSC,DSC,138.0,ERCOT,10000701336.0,LA PALMA,SOUTH,,,,,,,,3896,,Active
10000756939,LA_PALMA 138KV 3984 DSC,DSC,138.0,ERCOT,10000701336.0,LA PALMA,SOUTH,,,,,,,,3984,,Active
10002703629,LA_PALMA 138KV 3985 BRKR,BRKR,138.0,ERCOT,10000701336.0,LA PALMA,SOUTH,,,,,,,,3985,,Active
10000756938,LA_PALMA 138KV 3985_CB BRKR,BRKR,138.0,ERCOT,10000701336.0,LA PALMA,SOUTH,,,,,,,,3985_CB,,Active
10000756940,LA_PALMA 138KV 3986 DSC,DSC,138.0,ERCOT,10000701336.0,LA PALMA,SOUTH,,,,,,,,3986,,Active
10000797808,LA_PALMA 138KV 4919 DSC,DSC,138.0,ERCOT,10000701336.0,LA PALMA,SOUTH,,,,,,,,4919,,Active
10001823018,LA_PALMA 138KV 4921 DSC,DSC,138.0,ERCOT,10000701336.0,LA PALMA,SOUTH,,,,,,,,4921,,Active
10000797638,LA_PALMA 138KV 4939 DSC,DSC,138.0,ERCOT,10000701336.0,LA PALMA,SOUTH,,,,,,,,4939,,Active
10000797639,LA_PALMA 138KV 4941 DSC,DSC,138.0,ERCOT,10000701336.0,LA PALMA,SOUTH,,,,,,,,4941,,Active
10000797646,LA_PALMA 138KV 4949 DSC,DSC,138.0,ERCOT,10000701336.0,LA PALMA,SOUTH,,,,,,,,4949,,Active
10000797647,LA_PALMA 138KV 4951 DSC,DSC,138.0,ERCOT,10000701336.0,LA PALMA,SOUTH,,,,,,,,4951,,Active
10000754794,LA_PALMA 138KV 4959 DSC,DSC,138.0,ERCOT,10000701336.0,LA PALMA,SOUTH,,,,,,,,4959,,Active
10000754793,LA_PALMA 138KV 4961 DSC,DSC,138.0,ERCOT,10000701336.0,LA PALMA,SOUTH,,,,,,,,4961,,Active
10002369193,LA_PALMA 138KV 4969 DSC,DSC,138.0,ERCOT,10000701336.0,LA PALMA,SOUTH,,,,,,,,4969,,Active
10002703630,LA_PALMA 138KV 4970 BRKR,BRKR,138.0,ERCOT,10000701336.0,LA PALMA,SOUTH,,,,,,,,4970,,Active
10000756198,LA_PALMA 138KV 4970_CB BRKR,BRKR,138.0,ERCOT,10000701336.0,LA PALMA,SOUTH,,,,,,,,4970_CB,,Active
10002369194,LA_PALMA 138KV 4971 DSC,DSC,138.0,ERCOT,10000701336.0,LA PALMA,SOUTH,,,,,,,,4971,,Active
10000797575,LA_PALMA 138KV 4979 DSC,DSC,138.0,ERCOT,10000701336.0,LA PALMA,SOUTH,,,,,,,,4979,,Active
10000797576,LA_PALMA 138KV 4981 DSC,DSC,138.0,ERCOT,10000701336.0,LA PALMA,SOUTH,,,,,,,,4981,,Active
10001823013,LA_PALMA 138KV 4989 DSC,DSC,138.0,ERCOT,10000701336.0,LA PALMA,SOUTH,,,,,,,,4989,,Active
10000797555,LA_PALMA 138KV 4991 DSC,DSC,138.0,ERCOT,10000701336.0,LA PALMA,SOUTH,,,,,,,,4991,,Active
10000794320,LA_PALMA 138KV 54 DSC,DSC,138.0,ERCOT,10000701336.0,LA PALMA,SOUTH,,,,,,,,54,,Active
10002703681,LA_PALMA 138KV 55 BRKR,BRKR,138.0,ERCOT,10000701336.0,LA PALMA,SOUTH,,,,,,,,55,,Active
10000794319,LA_PALMA 138KV 55_CB BRKR,BRKR,138.0,ERCOT,10000701336.0,LA PALMA,SOUTH,,,,,,,,55_CB,,Active
10000794321,LA_PALMA 138KV 56 DSC,DSC,138.0,ERCOT,10000701336.0,LA PALMA,SOUTH,,,,,,,,56,,Active
10000797585,LA_PALMA 138KV 5874 DSC,DSC,138.0,ERCOT,10000701336.0,LA PALMA,SOUTH,,,,,,,,5874,,Active
10000797586,LA_PALMA 138KV 5876 DSC,DSC,138.0,ERCOT,10000701336.0,LA PALMA,SOUTH,,,,,,,,5876,,Active
10000797640,LA_PALMA 138KV 5944 DSC,DSC,138.0,ERCOT,10000701336.0,LA PALMA,SOUTH,,,,,,,,5944,,Active
10000797641,LA_PALMA 138KV 5946 DSC,DSC,138.0,ERCOT,10000701336.0,LA PALMA,SOUTH,,,,,,,,5946,,Active
10000797809,LA_PALMA 138KV 6514 DSC,DSC,138.0,ERCOT,10000701336.0,LA PALMA,SOUTH,,,,,,,,6514,,Active
10000811076,LA_PALMA 138KV 6516 DSC,DSC,138.0,ERCOT,10000701336.0,LA PALMA,SOUTH,,,,,,,,6516,,Active
10002485618,LA_PALMA 138KV 69A1 XFMR,XFMR,138.0,ERCOT,10000701336.0,LA PALMA,SOUTH,,,,,,,,69A1,,Active
10000797560,LA_PALMA 138KV 69A2 XFMR,XFMR,138.0,ERCOT,10000701336.0,LA PALMA,SOUTH,,,,,,,,69A2,,Active
10000797612,LA_PALMA 138KV 7339 DSC,DSC,138.0,ERCOT,10000701336.0,LA PALMA,SOUTH,,,,,,,,7339,,Active
10000797613,LA_PALMA 138KV 7341 DSC,DSC,138.0,ERCOT,10000701336.0,LA PALMA,SOUTH,,,,,,,,7341,,Active
10000797610,LA_PALMA 138KV 7509 DSC,DSC,138.0,ERCOT,10000701336.0,LA PALMA,SOUTH,,,,,,,,7509,,Active
10000797611,LA_PALMA 138KV 7511 DSC,DSC,138.0,ERCOT,10000701336.0,LA PALMA,SOUTH,,,,,,,,7511,,Active
10000797561,LA_PALMA 138KV 924 DSC,DSC,138.0,ERCOT,10000701336.0,LA PALMA,SOUTH,,,,,,,,924,,Active
10000797554,LA_PALMA 138KV 926 DSC,DSC,138.0,ERCOT,10000701336.0,LA PALMA,SOUTH,,,,,,,,926,,Active
10004262021,LA_PALMA 138KV 9434 DSC,DSC,138.0,ERCOT,10000701336.0,LA PALMA,SOUTH,,,,,,,,,,Active
10004262020,LA_PALMA 138KV 9435 BRKR,BRKR,138.0,ERCOT,10000701336.0,LA PALMA,SOUTH,,,,,,,,,,Active
10004262025,LA_PALMA 138KV 9436 DSC,DSC,138.0,ERCOT,10000701336.0,LA PALMA,SOUTH,,,,,,,,,,Active
10004262026,LA_PALMA 138KV 9504 DSC,DSC,138.0,ERCOT,10000701336.0,LA PALMA,SOUTH,,,,,,,,,,Active
10004262029,LA_PALMA 138KV 9505 BRKR,BRKR,138.0,ERCOT,10000701336.0,LA PALMA,SOUTH,,,,,,,,,,Active
10004262027,LA_PALMA 138KV 9506 DSC,DSC,138.0,ERCOT,10000701336.0,LA PALMA,SOUTH,,,,,,,,,,Active
10004262024,LA_PALMA 138KV 9634 DSC,DSC,138.0,ERCOT,10000701336.0,LA PALMA,SOUTH,,,,,,,,,,Active
10004262023,LA_PALMA 138KV 9635 BRKR,BRKR,138.0,ERCOT,10000701336.0,LA PALMA,SOUTH,,,,,,,,,,Active
10004262019,LA_PALMA 138KV 9636 DSC,DSC,138.0,ERCOT,10000701336.0,LA PALMA,SOUTH,,,,,,,,,,Active
10004262022,LA_PALMA 138KV 9759 DSC,DSC,138.0,ERCOT,10000701336.0,LA PALMA,SOUTH,,,,,,,,,,Active
10004262030,LA_PALMA 138KV 9760 BRKR,BRKR,138.0,ERCOT,10000701336.0,LA PALMA,SOUTH,,,,,,,,,,Active
10004262028,LA_PALMA 138KV 9761 DSC,DSC,138.0,ERCOT,10000701336.0,LA PALMA,SOUTH,,,,,,,,,,Active
10018358423,LA_PALMA 138KV C1 CP,CAP,138.0,ERCOT,10000701336.0,LA PALMA,SOUTH,,,,,,,,,,Active
10004188826,LA_PALMA 138KV LA_PALMA_69A1,XFMR,138.0,ERCOT,10000701336.0,LA PALMA,SOUTH,,,,,,,,,,Active
10018869736,LA_PALMA 138KV LA_PALMA_69A2,XFMR,138.0,ERCOT,10000701336.0,LA PALMA,SOUTH,,,,,,,,,,Active
10002560834,LA_PALMA 138KV OLD4919 DSC,DSC,138.0,ERCOT,10000701336.0,LA PALMA,SOUTH,,,,,,,,OLD4919,,Active
10002703618,LA_PALMA 138KV OLD4920 BRKR,BRKR,138.0,ERCOT,10000701336.0,LA PALMA,SOUTH,,,,,,,,OLD4920,,Active
10002560996,LA_PALMA 138KV OLD4920_CB BRKR,BRKR,138.0,ERCOT,10000701336.0,LA PALMA,SOUTH,,,,,,,,OLD4920_CB,,Active
10002560835,LA_PALMA 138KV OLD4921 DSC,DSC,138.0,ERCOT,10000701336.0,LA PALMA,SOUTH,,,,,,,,OLD4921,,Active
10016235696,LA_PALMA 138KV PS10 DSC,DSC,138.0,ERCOT,10000701336.0,LA PALMA,SOUTH,,,,,,,,,,Active
10016235705,LA_PALMA 138KV PS11 DSC,DSC,138.0,ERCOT,10000701336.0,LA PALMA,SOUTH,,,,,,,,,,Active
10019067337,LA_PALMA 138KV PS20 DSC,DSC,138.0,ERCOT,10000701336.0,LA PALMA,SOUTH,,,,,,,,,,Active
10019067334,LA_PALMA 138KV PS21 DSC,DSC,138.0,ERCOT,10000701336.0,LA PALMA,SOUTH,,,,,,,,,,Active
10019067339,LA_PALMA 138KV PS22 DSC,DSC,138.0,ERCOT,10000701336.0,LA PALMA,SOUTH,,,,,,,,,,Active
10019067330,LA_PALMA 138KV T01614 DSC,DSC,138.0,ERCOT,10000701336.0,LA PALMA,SOUTH,,,,,,,,,,Active
10000811078,LA_PALMA 138KV XF1B XFMR,XFMR,138.0,ERCOT,10000701336.0,LA PALMA,SOUTH,,,,,,,,XF1B,,Active
10016231759,LA_PALMA 13KV 1 SR,SR,13.0,ERCOT,10000701336.0,LA PALMA,SOUTH,,,,,,,,,,Active
10001768167,LA_PALMA 13KV 1 SVC,CAP,13.0,ERCOT,10000701336.0,LA PALMA,SOUTH,,,,,,,,1,,Active
10002703603,LA_PALMA 13KV 2775 BRKR,BRKR,13.0,ERCOT,10000701336.0,LA PALMA,SOUTH,,,,,,,,2775,,Active
10000804560,LA_PALMA 13KV 2775_CB BRKR,BRKR,13.0,ERCOT,10000701336.0,LA PALMA,SOUTH,,,,,,,,2775_CB,,Active
10000804561,LA_PALMA 13KV 2776 DSC,DSC,13.0,ERCOT,10000701336.0,LA PALMA,SOUTH,,,,,,,,2776,,Active
10017467834,LA_PALMA 13KV R1 SR,SR,13.0,ERCOT,10000701336.0,LA PALMA,SOUTH,,,,,,,,,,Active
10000818715,LA_PALMA 13KV XF1C XFMR,XFMR,13.0,ERCOT,10000701336.0,LA PALMA,SOUTH,,,,,,,,XF1C,,Active
10016229963,LA_PALMA 14KV 1 SR,SR,14.0,ERCOT,10000701336.0,LA PALMA,SOUTH,,,,,,,,,,Active
10002735642,LA_PALMA 14KV 1 SVC,CAP,14.0,ERCOT,10000701336.0,LA PALMA,SOUTH,,,,,,,,1,,Active
10002735639,LA_PALMA 14KV 2775 BRKR,BRKR,14.0,ERCOT,10000701336.0,LA PALMA,SOUTH,,,,,,,,2775,,Active
10002735640,LA_PALMA 14KV 2776 DSC,DSC,14.0,ERCOT,10000701336.0,LA PALMA,SOUTH,,,,,,,,2776,,Active
10018715023,LA_PALMA 14KV R1 SR,SR,14.0,ERCOT,10000701336.0,LA PALMA,SOUTH,,,,,,,,,,Active
10002735641,LA_PALMA 14KV XF1C XFMR,XFMR,14.0,ERCOT,10000701336.0,LA PALMA,SOUTH,,,,,,,,XF1C,,Active
10002209689,LA_PALMA 1KV LA_PALMA_XF1B,XFMR,1.0,ERCOT,10000701336.0,LA PALMA,SOUTH,,,,,,,,,,Active
10016433312,LA_PALMA 345KV 345_138H_XF1A,XFMR,345.0,ERCOT,10000701336.0,LA PALMA,SOUTH,,,,,,,,,,Active
10001783338,LA_PALMA 345KV 737 DSC,DSC,345.0,ERCOT,10000701336.0,LA PALMA,SOUTH,,,,,,,,737,,Active
10002209688,LA_PALMA 345KV LA_PALMA_XF1A,XFMR,345.0,ERCOT,10000701336.0,LA PALMA,SOUTH,,,,,,,,,,Active
10002494719,LA_PALMA 345KV OLD737 DSC,DSC,345.0,ERCOT,10000701336.0,LA PALMA,SOUTH,,,,,,,,OLD737,,Active
10019214558,LA_PALMA 345KV PS1 DSC,DSC,345.0,ERCOT,10000701336.0,LA PALMA,SOUTH,,,,,,,,,,Active
10017160412,LA_PALMA 345KV PS10 DSC,DSC,345.0,ERCOT,10000701336.0,LA PALMA,SOUTH,,,,,,,,,,Active
10017160411,LA_PALMA 345KV PS11 DSC,DSC,345.0,ERCOT,10000701336.0,LA PALMA,SOUTH,,,,,,,,,,Active
10020171450,LA_PALMA 345KV PS12 DSC,DSC,345.0,ERCOT,10000701336.0,LA PALMA,SOUTH,,,,,,,,,,Active
10019067343,LA_PALMA 345KV PS23 DSC,DSC,345.0,ERCOT,10000701336.0,LA PALMA,SOUTH,,,,,,,,,,Active
10019067335,LA_PALMA 345KV PS24 DSC,DSC,345.0,ERCOT,10000701336.0,LA PALMA,SOUTH,,,,,,,,,,Active
10019067329,LA_PALMA 345KV T011N1 DSC,DSC,345.0,ERCOT,10000701336.0,LA PALMA,SOUTH,,,,,,,,,,Active
10019067331,LA_PALMA 345KV T011N2 BRKR,BRKR,345.0,ERCOT,10000701336.0,LA PALMA,SOUTH,,,,,,,,,,Active
10019067345,LA_PALMA 345KV T011N3 DSC,DSC,345.0,ERCOT,10000701336.0,LA PALMA,SOUTH,,,,,,,,,,Active
10019067328,LA_PALMA 345KV T011N4 DSC,DSC,345.0,ERCOT,10000701336.0,LA PALMA,SOUTH,,,,,,,,,,Active
10019067344,LA_PALMA 345KV T011N5 BRKR,BRKR,345.0,ERCOT,10000701336.0,LA PALMA,SOUTH,,,,,,,,,,Active
10019067336,LA_PALMA 345KV T011N6 DSC,DSC,345.0,ERCOT,10000701336.0,LA PALMA,SOUTH,,,,,,,,,,Active
10019067332,LA_PALMA 345KV T011N7 DSC,DSC,345.0,ERCOT,10000701336.0,LA PALMA,SOUTH,,,,,,,,,,Active
10019067340,LA_PALMA 345KV T011N8 BRKR,BRKR,345.0,ERCOT,10000701336.0,LA PALMA,SOUTH,,,,,,,,,,Active
10019067333,LA_PALMA 345KV T011N9 DSC,DSC,345.0,ERCOT,10000701336.0,LA PALMA,SOUTH,,,,,,,,,,Active
10019067338,LA_PALMA 345KV T014W1 DSC,DSC,345.0,ERCOT,10000701336.0,LA PALMA,SOUTH,,,,,,,,,,Active
10019067341,LA_PALMA 345KV T014W9 DSC,DSC,345.0,ERCOT,10000701336.0,LA PALMA,SOUTH,,,,,,,,,,Active
10019067342,LA_PALMA 345KV T01597 DSC,DSC,345.0,ERCOT,10000701336.0,LA PALMA,SOUTH,,,,,,,,,,Active
10000811077,LA_PALMA 345KV XF1A XFMR,XFMR,345.0,ERCOT,10000701336.0,LA PALMA,SOUTH,,,,,,,,XF1A,,Active
10000794295,LA_PALMA 69KV 07 DSC,DSC,69.0,ERCOT,10000701336.0,LA PALMA,SOUTH,,,,,,,,07,,Active
10000797811,LA_PALMA 69KV 09 DSC,DSC,69.0,ERCOT,10000701336.0,LA PALMA,SOUTH,,,,,,,,09,,Active
10002703664,LA_PALMA 69KV 10 BRKR,BRKR,69.0,ERCOT,10000701336.0,LA PALMA,SOUTH,,,,,,,,10,,Active
10000794303,LA_PALMA 69KV 107 DSC,DSC,69.0,ERCOT,10000701336.0,LA PALMA,SOUTH,,,,,,,,107,,Active
10016221918,LA_PALMA 69KV 109 DSC,DSC,69.0,ERCOT,10000701336.0,LA PALMA,SOUTH,,,,,,,,,,Active
10000794293,LA_PALMA 69KV 10_CB BRKR,BRKR,69.0,ERCOT,10000701336.0,LA PALMA,SOUTH,,,,,,,,10_CB,,Active
10015851890,LA_PALMA 69KV 138_69A1_69A1,XFMR,69.0,ERCOT,10000701336.0,LA PALMA,SOUTH,,,,,,,,,,Active
10016777788,LA_PALMA 69KV 138_69A1_L_69A1,XFMR,69.0,ERCOT,10000701336.0,LA PALMA,SOUTH,,,,,,,,,,Active
10017430311,LA_PALMA 69KV 138_69A2_L_69A2,XFMR,69.0,ERCOT,10000701336.0,LA PALMA,SOUTH,,,,,,,,,,Active
10000794296,LA_PALMA 69KV 17 DSC,DSC,69.0,ERCOT,10000701336.0,LA PALMA,SOUTH,,,,,,,,17,,Active
10000797637,LA_PALMA 69KV 19 DSC,DSC,69.0,ERCOT,10000701336.0,LA PALMA,SOUTH,,,,,,,,19,,Active
10002849951,LA_PALMA 69KV 20 BRKR,BRKR,69.0,ERCOT,10000701336.0,LA PALMA,SOUTH,,,,,,,,20,,Active
10000794294,LA_PALMA 69KV 20_CB BRKR,BRKR,69.0,ERCOT,10000701336.0,LA PALMA,SOUTH,,,,,,,,20_CB,,Active
10000794299,LA_PALMA 69KV 27 DSC,DSC,69.0,ERCOT,10000701336.0,LA PALMA,SOUTH,,,,,,,,27,,Active
10000805791,LA_PALMA 69KV 29 DSC,DSC,69.0,ERCOT,10000701336.0,LA PALMA,SOUTH,,,,,,,,29,,Active
10002873035,LA_PALMA 69KV 30 BRKR,BRKR,69.0,ERCOT,10000701336.0,LA PALMA,SOUTH,,,,,,,,30,,Active
10000794311,LA_PALMA 69KV 30_CB BRKR,BRKR,69.0,ERCOT,10000701336.0,LA PALMA,SOUTH,,,,,,,,30_CB,,Active
10000794300,LA_PALMA 69KV 3599 DSC,DSC,69.0,ERCOT,10000701336.0,LA PALMA,SOUTH,,,,,,,,3599,,Active
10002873038,LA_PALMA 69KV 3600 BRKR,BRKR,69.0,ERCOT,10000701336.0,LA PALMA,SOUTH,,,,,,,,3600,,Active
10000794312,LA_PALMA 69KV 3600_CB BRKR,BRKR,69.0,ERCOT,10000701336.0,LA PALMA,SOUTH,,,,,,,,3600_CB,,Active
10000797623,LA_PALMA 69KV 3601 DSC,DSC,69.0,ERCOT,10000701336.0,LA PALMA,SOUTH,,,,,,,,3601,,Active
10000794301,LA_PALMA 69KV 37 DSC,DSC,69.0,ERCOT,10000701336.0,LA PALMA,SOUTH,,,,,,,,37,,Active
10000753279,LA_PALMA 69KV 3899 DSC,DSC,69.0,ERCOT,10000701336.0,LA PALMA,SOUTH,,,,,,,,3899,,Active
10002740190,LA_PALMA 69KV 3900 BRKR,BRKR,69.0,ERCOT,10000701336.0,LA PALMA,SOUTH,,,,,,,,3900,,Active
10000753278,LA_PALMA 69KV 3900_CB BRKR,BRKR,69.0,ERCOT,10000701336.0,LA PALMA,SOUTH,,,,,,,,3900_CB,,Active
10000753280,LA_PALMA 69KV 3901 DSC,DSC,69.0,ERCOT,10000701336.0,LA PALMA,SOUTH,,,,,,,,3901,,Active
10000794297,LA_PALMA 69KV 4689 DSC,DSC,69.0,ERCOT,10000701336.0,LA PALMA,SOUTH,,,,,,,,4689,,Active
10000819387,LA_PALMA 69KV 4691 DSC,DSC,69.0,ERCOT,10000701336.0,LA PALMA,SOUTH,,,,,,,,4691,,Active
10000794298,LA_PALMA 69KV 4799 DSC,DSC,69.0,ERCOT,10000701336.0,LA PALMA,SOUTH,,,,,,,,4799,,Active
10000797580,LA_PALMA 69KV 4801 DSC,DSC,69.0,ERCOT,10000701336.0,LA PALMA,SOUTH,,,,,,,,4801,,Active
10000797621,LA_PALMA 69KV 4804 DSC,DSC,69.0,ERCOT,10000701336.0,LA PALMA,SOUTH,,,,,,,,4804,,Active
10000797622,LA_PALMA 69KV 4806 DSC,DSC,69.0,ERCOT,10000701336.0,LA PALMA,SOUTH,,,,,,,,4806,,Active
10000797619,LA_PALMA 69KV 4864 DSC,DSC,69.0,ERCOT,10000701336.0,LA PALMA,SOUTH,,,,,,,,4864,,Active
10000797620,LA_PALMA 69KV 4866 DSC,DSC,69.0,ERCOT,10000701336.0,LA PALMA,SOUTH,,,,,,,,4866,,Active
10000797596,LA_PALMA 69KV 69A1 XFMR,XFMR,69.0,ERCOT,10000701336.0,LA PALMA,SOUTH,,,,,,,,69A1,,Active
10000794302,LA_PALMA 69KV 77 DSC,DSC,69.0,ERCOT,10000701336.0,LA PALMA,SOUTH,,,,,,,,77,,Active
10000797626,LA_PALMA 69KV 79 DSC,DSC,69.0,ERCOT,10000701336.0,LA PALMA,SOUTH,,,,,,,,79,,Active
10002369191,LA_PALMA 69KV 87 DSC,DSC,69.0,ERCOT,10000701336.0,LA PALMA,SOUTH,,,,,,,,87,,Active
10002369192,LA_PALMA 69KV 89 DSC,DSC,69.0,ERCOT,10000701336.0,LA PALMA,SOUTH,,,,,,,,89,,Active
10002872797,LA_PALMA 69KV 90 BRKR,BRKR,69.0,ERCOT,10000701336.0,LA PALMA,SOUTH,,,,,,,,90,,Active
10000794292,LA_PALMA 69KV 90_CB BRKR,BRKR,69.0,ERCOT,10000701336.0,LA PALMA,SOUTH,,,,,,,,90_CB,,Active
10017400628,LA_PALMA 69KV PS21 DSC,DSC,69.0,ERCOT,10000701336.0,LA PALMA,SOUTH,,,,,,,,,,Active
10017400627,LA_PALMA 69KV PS22 DSC,DSC,69.0,ERCOT,10000701336.0,LA PALMA,SOUTH,,,,,,,,,,Active
10016239026,LA_PALMA 69KV PS30 DSC,DSC,69.0,ERCOT,10000701336.0,LA PALMA,SOUTH,,,,,,,,,,Active
10016239005,LA_PALMA 69KV PS31 DSC,DSC,69.0,ERCOT,10000701336.0,LA PALMA,SOUTH,,,,,,,,,,Active
10017400631,LA_PALMA 69KV T012V7 DSC,DSC,69.0,ERCOT,10000701336.0,LA PALMA,SOUTH,,,,,,,,,,Active
10017400623,LA_PALMA 69KV T012V8 BRKR,BRKR,69.0,ERCOT,10000701336.0,LA PALMA,SOUTH,,,,,,,,,,Active
10017400630,LA_PALMA 69KV T012V9 DSC,DSC,69.0,ERCOT,10000701336.0,LA PALMA,SOUTH,,,,,,,,,,Active
10017279397,LA_PALMA-BROWNSVL 69KV 1,LINE,69.0,ERCOT,10000701336.0,LA PALMA,SOUTH,10000699849.0,BROWNSVILLE,SOUTH,,,,,,,Active
10004190611,LA_PALMA-E_HARRIS 69KV E_HARR_LA_PAL1_1,LINE,69.0,ERCOT,10000701336.0,LA PALMA,SOUTH,10000700599.0,EAST HARRISON,SOUTH,,,,,,,Active
10002540916,LA_PALMA-HAINE_DR 138KV HAINE__LA_PAL1_1,LINE,138.0,ERCOT,10000701336.0,LA PALMA,SOUTH,10000700917.0,HAINE DRIVE,SOUTH,,,,,,,Active
10016239639,LA_PALMA-KELVIN 138KV KELVIN_LA_PAL1,LINE,138.0,ERCOT,10000701336.0,LA PALMA,SOUTH,10016235691.0,KELVIN,SOUTH,,,,,,,Active
10016235701,LA_PALMA-KELVIN 138KV KELVIN_LA_PAL11,LINE,138.0,ERCOT,10000701336.0,LA PALMA,SOUTH,10016235691.0,KELVIN,SOUTH,,,,,,,Active
10018296050,LA_PALMA-KELVIN 138KV KELVIN_LA_PAL1_1,LINE,138.0,ERCOT,10000701336.0,LA PALMA,SOUTH,10016235691.0,KELVIN,SOUTH,,,,,,,Active
10019965883,LA_PALMA-KNGFSHER 345KV KNG_LAPALMA1,LINE,345.0,ERCOT,10000701336.0,LA PALMA,SOUTH,10019211939.0,KNGFSHER,SOUTH,,,,,,,Active
10019214549,LA_PALMA-KNGFSHER 345KV KNG_LAPALMA11,LINE,345.0,ERCOT,10000701336.0,LA PALMA,SOUTH,10019211939.0,KNGFSHER,SOUTH,,,,,,,Active
10002883697,LA_PALMA-LAURELES 138KV LAUREL_LA_PAL1_1,LINE,138.0,ERCOT,10000701336.0,LA PALMA,SOUTH,10000701331.0,LAURELES,SOUTH,,,,,,,Active
10017279399,LA_PALMA-L_FRESNO 138KV 1,LINE,138.0,ERCOT,10000701336.0,LA PALMA,SOUTH,10000701502.0,LOS FRESNOS,SOUTH,,,,,,,Active
10002916239,LA_PALMA-L_FRESNO 138KV ARCADI_WESTSI1,LINE,138.0,ERCOT,10000701336.0,LA PALMA,SOUTH,10000701502.0,LOS FRESNOS,SOUTH,,,,,,,Active
10000804295,LA_PALMA-L_FRESNO 138KV LA_PAL_L_FRES1_1,LINE,138.0,ERCOT,10000701336.0,LA PALMA,SOUTH,10000701502.0,LOS FRESNOS,SOUTH,,,,,,,Active
10017279033,LA_PALMA-MVRANGER 138KV 1,LINE,138.0,ERCOT,10000701336.0,LA PALMA,SOUTH,10000702211.0,MVEC (RANGERVILLE),SOUTH,,,,,,,Active
10015890578,LA_PALMA-MVRANGER 138KV GATEET_GATE_W1,LINE,138.0,ERCOT,10000701336.0,LA PALMA,SOUTH,10000702211.0,MVEC (RANGERVILLE),SOUTH,,,,,,,Active
10002878537,LA_PALMA-MVRANGER 138KV LA_PAL_MVRANG0,LINE,138.0,ERCOT,10000701336.0,LA PALMA,SOUTH,10000702211.0,MVEC (RANGERVILLE),SOUTH,,,,,,,Active
10002560833,LA_PALMA-MVRANGER 138KV LA_PAL_MVRANG01,LINE,138.0,ERCOT,10000701336.0,LA PALMA,SOUTH,10000702211.0,MVEC (RANGERVILLE),SOUTH,,,,,LA_PAL_MVRANG01,,Active
10016922863,LA_PALMA-MVRANGER 138KV LA_PAL_MVRANG1_1,LINE,138.0,ERCOT,10000701336.0,LA PALMA,SOUTH,10000702211.0,MVEC (RANGERVILLE),SOUTH,,,,,,,Active
10002917287,LA_PALMA-MVRANGER 138KV S3_V0,LINE,138.0,ERCOT,10000701336.0,LA PALMA,SOUTH,10000702211.0,MVEC (RANGERVILLE),SOUTH,,,,,,,Active
10017278938,LA_PALMA-PALMASVC 138KV 1,LINE,138.0,ERCOT,10000701336.0,LA PALMA,SOUTH,10015859829.0,PALMASVC,SOUTH,,,,,,,Active
10015887411,LA_PALMA-PALMASVC 138KV 2005_B,LINE,138.0,ERCOT,10000701336.0,LA PALMA,SOUTH,10015859829.0,PALMASVC,SOUTH,,,,,,,Active
10015860685,LA_PALMA-PALMASVC 138KV LA_PAL_PALMAS1,LINE,138.0,ERCOT,10000701336.0,LA PALMA,SOUTH,10015859829.0,PALMASVC,SOUTH,,,,,,,Active
10015859839,LA_PALMA-PALMASVC 138KV LA_PAL_PALMAS11,LINE,138.0,ERCOT,10000701336.0,LA PALMA,SOUTH,10015859829.0,PALMASVC,SOUTH,,,,,,,Active
10015860684,LA_PALMA-PALMASVC 138KV LA_PAL_PALMAS2,LINE,138.0,ERCOT,10000701336.0,LA PALMA,SOUTH,10015859829.0,PALMASVC,SOUTH,,,,,,,Active
10015859832,LA_PALMA-PALMASVC 138KV LA_PAL_PALMAS21,LINE,138.0,ERCOT,10000701336.0,LA PALMA,SOUTH,10015859829.0,PALMASVC,SOUTH,,,,,,,Active
10015889001,LA_PALMA-PALMASVC 138KV SIN_SINC,LINE,138.0,ERCOT,10000701336.0,LA PALMA,SOUTH,10015859829.0,PALMASVC,SOUTH,,,,,,,Active
10002207490,LA_PALMA-RANGERVL 69KV LA_PAL_RANGER1,LINE,69.0,ERCOT,10000701336.0,LA PALMA,SOUTH,10016484235.0,RANGERVILLE (AEP),SOUTH,,,,,LA_PAL_RANGER1,,Active
10000805793,LA_PALMA-RANGERVL 69KV LA_PAL_RANGER11,LINE,69.0,ERCOT,10000701336.0,LA PALMA,SOUTH,10016484235.0,RANGERVILLE (AEP),SOUTH,,,,,LA_PAL_RANGER11,,Active
10002545502,LA_PALMA-RANGERVL 69KV LA_PAL_RANGER1_1,LINE,69.0,ERCOT,10000701336.0,LA PALMA,SOUTH,10016484235.0,RANGERVILLE (AEP),SOUTH,,,,,,,Active
10016239006,LA_PALMA-RESACA 69KV LA_PAL_RESACA11,LINE,69.0,ERCOT,10000701336.0,LA PALMA,SOUTH,10016239002.0,RESACA,SOUTH,,,,,,,Active
10002916975,LA_PALMA-RIOHONDO 138KV 6510_J,LINE,138.0,ERCOT,10000701336.0,LA PALMA,SOUTH,10000702284.0,RIO HONDO,SOUTH,,,,,,,Active
10002487906,LA_PALMA-RIOHONDO 345KV LA_PAL_RIOHON01,LINE,345.0,ERCOT,10000701336.0,LA PALMA,SOUTH,10000702284.0,RIO HONDO,SOUTH,,,,,LA_PAL_RIOHON01,,Active
10015888932,LA_PALMA-S_BENITO 69KV 6651_A,LINE,69.0,ERCOT,10000701336.0,LA PALMA,SOUTH,10000702754.0,SAN BENITO,SOUTH,,,,,,,Active
10002917026,LA_PALMA-S_BENITO 69KV 6730_C,LINE,69.0,ERCOT,10000701336.0,LA PALMA,SOUTH,10000702754.0,SAN BENITO,SOUTH,,,,,,,Active
10000753277,LA_PALMA-S_BENITO 69KV LA_PAL_S_BENI11,LINE,69.0,ERCOT,10000701336.0,LA PALMA,SOUTH,10000702754.0,SAN BENITO,SOUTH,,,,,LA_PAL_S_BENI11,,Active
10017430312,LA_PALMA-S_BENITO 69KV LA_PAL_S_BENI1_1,LINE,69.0,ERCOT,10000701336.0,LA PALMA,SOUTH,10000702754.0,SAN BENITO,SOUTH,,,,,,,Active
10000756313,LA_PALMA-VCAVAZOS 138KV LA_PAL_VCAVAZ1,LINE,138.0,ERCOT,10000701336.0,LA PALMA,SOUTH,10000702971.0,VILLA CAVAZOS,SOUTH,,,,,LA_PAL_VCAVAZ1,,Active
10000754694,LA_PALMA-VCAVAZOS 138KV LA_PAL_VCAVAZ11,LINE,138.0,ERCOT,10000701336.0,LA PALMA,SOUTH,10000702971.0,VILLA CAVAZOS,SOUTH,,,,,LA_PAL_VCAVAZ11,,Active
10000798147,LA_PALMA-VCAVAZOS 138KV LA_PAL_VCAVAZ1_1,LINE,138.0,ERCOT,10000701336.0,LA PALMA,SOUTH,10000702971.0,VILLA CAVAZOS,SOUTH,,,,,,,Active
10002918898,LENSW-CISC 138KV LA_PAL_RIOHON2,LINE,138.0,ERCOT,10000701356.0,LEON SWITCH,WEST,10000700070.0,CISCO,NORTH,,,,,,,Active
10015887717,LOFTIN-CRDSW 69KV LA_PAL_RIOHON1,LINE,69.0,ERCOT,10002553015.0,LOFTIN,WEST,10000808128.0,CRDSW,WEST,,,,,,,Active
10018874804,L_FRESNO-LA_PALMA 138KV LA_PAL_L_FRES1_1,LINE,138.0,ERCOT,10000701502.0,LOS FRESNOS,SOUTH,10000701336.0,LA PALMA,SOUTH,,,,,,,Active
10004176668,MILITARY-MILITARY 138KV MILITA_VCAVAZ1,LINE,138.0,ERCOT,10000702971.0,VILLA CAVAZOS,SOUTH,10000701654.0,MILITARY HIGHWAY CSW,SOUTH,,,,,,,Active
10000792413,OLEANDER-HAINE_DR 138KV HAINE_OLEAND11,LINE,138.0,ERCOT,10000792412.0,OLEANDER,SOUTH,10000700917.0,HAINE DRIVE,SOUTH,,,,,HAINE__OLEAND11,,Active
10020167044,OLEANDER-HAINE_DR 138KV HAINE__OLEAND1,LINE,138.0,ERCOT,10000792412.0,OLEANDER,SOUTH,10000700917.0,HAINE DRIVE,SOUTH,,,,,,,Active
10003792117,OLEANDER-HAINE_DR 138KV HAINE__OLEAND1_1,LINE,138.0,ERCOT,10000792412.0,OLEANDER,SOUTH,10000700917.0,HAINE DRIVE,SOUTH,,,,,,,Active
10015887404,RIOHONDO-LA_PALMA 345KV ALPHA__HECKER1,LINE,345.0,ERCOT,10000702284.0,RIO HONDO,SOUTH,10000701336.0,LA PALMA,SOUTH,,,,,,,Active
10002916162,RIOHONDO-LA_PALMA 345KV LAM_LMPSTSW,LINE,345.0,ERCOT,10000702284.0,RIO HONDO,SOUTH,10000701336.0,LA PALMA,SOUTH,,,,,,,Active
10002878923,RIOHONDO-LA_PALMA 345KV LA_PAL_RIOHON1,LINE,345.0,ERCOT,10000702284.0,RIO HONDO,SOUTH,10000701336.0,LA PALMA,SOUTH,,,,,,,Active
10002500427,RIOHONDO-LA_PALMA 345KV LA_PAL_RIOHON11,LINE,345.0,ERCOT,10000702284.0,RIO HONDO,SOUTH,10000701336.0,LA PALMA,SOUTH,,,,,LA_PAL_RIOHON11,,Active
10003798215,RIOHONDO-RIOHONDO 138KV LA_PAL_RIOHON2,LINE,138.0,ERCOT,10000702284.0,RIO HONDO,SOUTH,10000701336.0,LA PALMA,SOUTH,,,,,,,Active
10002917242,ROSTP-ROSSN 69KV LA_PAL_S_BENI1,LINE,69.0,ERCOT,10000702351.0,ROSS SINCLAIR TAP,NORTH,10000702349.0,ROSS SINCLAIR,NORTH,,,,,,,Active
10017320150,VCAVAZOS 138KV 2618 DSC,DSC,138.0,ERCOT,10000702971.0,VILLA CAVAZOS,SOUTH,,,,,,,,,,Active
10000815863,VCAVAZOS 138KV 279 DSC,DSC,138.0,ERCOT,10000702971.0,VILLA CAVAZOS,SOUTH,,,,,,,,279,,Active
10017169183,VCAVAZOS 138KV 280 BRKR,BRKR,138.0,ERCOT,10000702971.0,VILLA CAVAZOS,SOUTH,,,,,,,,,,Active
10017169192,VCAVAZOS 138KV 281 DSC,DSC,138.0,ERCOT,10000702971.0,VILLA CAVAZOS,SOUTH,,,,,,,,,,Active
10016475326,VCAVAZOS 138KV 3358 DSC,DSC,138.0,ERCOT,10000702971.0,VILLA CAVAZOS,SOUTH,,,,,,,,,,Active
10002561741,VCAVAZOS 138KV 4264 DSC,DSC,138.0,ERCOT,10000702971.0,VILLA CAVAZOS,SOUTH,,,,,,,,4264,,Active
10017169190,VCAVAZOS 138KV 4265 BRKR,BRKR,138.0,ERCOT,10000702971.0,VILLA CAVAZOS,SOUTH,,,,,,,,,,Active
10017169188,VCAVAZOS 138KV 4266 DSC,DSC,138.0,ERCOT,10000702971.0,VILLA CAVAZOS,SOUTH,,,,,,,,,,Active
10000809707,VCAVAZOS 138KV 4677 DSC,DSC,138.0,ERCOT,10000702971.0,VILLA CAVAZOS,SOUTH,,,,,,,,4677,,Active
10016235841,VCAVAZOS 138KV 5565 BRKR,BRKR,138.0,ERCOT,10000702971.0,VILLA CAVAZOS,SOUTH,,,,,,,,,,Active
10016475327,VCAVAZOS 138KV 6051 DSC,DSC,138.0,ERCOT,10000702971.0,VILLA CAVAZOS,SOUTH,,,,,,,,,,Active
10016475328,VCAVAZOS 138KV 6323 DSC,DSC,138.0,ERCOT,10000702971.0,VILLA CAVAZOS,SOUTH,,,,,,,,,,Active
10000815862,VCAVAZOS 138KV 8243 DSC,DSC,138.0,ERCOT,10000702971.0,VILLA CAVAZOS,SOUTH,,,,,,,,8243,,Active
10016235842,VCAVAZOS 138KV 8473 DSC,DSC,138.0,ERCOT,10000702971.0,VILLA CAVAZOS,SOUTH,,,,,,,,,,Active
10002410116,VCAVAZOS 138KV 8914 DSC,DSC,138.0,ERCOT,10000702971.0,VILLA CAVAZOS,SOUTH,,,,,,,,8914,,Active
10017169186,VCAVAZOS 138KV 8915 BRKR,BRKR,138.0,ERCOT,10000702971.0,VILLA CAVAZOS,SOUTH,,,,,,,,,,Active
10017169184,VCAVAZOS 138KV 8916 DSC,DSC,138.0,ERCOT,10000702971.0,VILLA CAVAZOS,SOUTH,,,,,,,,,,Active
10002561742,VCAVAZOS 138KV LOAD1 LD,LOAD,138.0,ERCOT,10000702971.0,VILLA CAVAZOS,SOUTH,,,,,,,,LOAD1,,Active
10016235840,VCAVAZOS 138KV MOBILE LOAD,LOAD,138.0,ERCOT,10000702971.0,VILLA CAVAZOS,SOUTH,,,,,,,,,,Active
10017169197,VCAVAZOS 138KV PS10 DSC,DSC,138.0,ERCOT,10000702971.0,VILLA CAVAZOS,SOUTH,,,,,,,,,,Active
10018270082,VCAVAZOS 138KV PS11 DSC,DSC,138.0,ERCOT,10000702971.0,VILLA CAVAZOS,SOUTH,,,,,,,,,,Active
10018270079,VCAVAZOS 138KV PS12 DSC,DSC,138.0,ERCOT,10000702971.0,VILLA CAVAZOS,SOUTH,,,,,,,,,,Active
10017169189,VCAVAZOS 138KV PS20 DSC,DSC,138.0,ERCOT,10000702971.0,VILLA CAVAZOS,SOUTH,,,,,,,,,,Active
10018270080,VCAVAZOS 138KV PS21 DSC,DSC,138.0,ERCOT,10000702971.0,VILLA CAVAZOS,SOUTH,,,,,,,,,,Active
10018270084,VCAVAZOS 138KV PS22 DSC,DSC,138.0,ERCOT,10000702971.0,VILLA CAVAZOS,SOUTH,,,,,,,,,,Active
10017169193,VCAVAZOS 138KV PS30 DSC,DSC,138.0,ERCOT,10000702971.0,VILLA CAVAZOS,SOUTH,,,,,,,,,,Active
10017320229,VCAVAZOS 138KV PS31 DSC,DSC,138.0,ERCOT,10000702971.0,VILLA CAVAZOS,SOUTH,,,,,,,,,,Active
10017169182,VCAVAZOS 138KV PS40 DSC,DSC,138.0,ERCOT,10000702971.0,VILLA CAVAZOS,SOUTH,,,,,,,,,,Active
10017169194,VCAVAZOS 138KV PS41 DSC,DSC,138.0,ERCOT,10000702971.0,VILLA CAVAZOS,SOUTH,,,,,,,,,,Active
10017169195,VCAVAZOS 138KV PS42 DSC,DSC,138.0,ERCOT,10000702971.0,VILLA CAVAZOS,SOUTH,,,,,,,,,,Active
10017197120,VCAVAZOS 138KV PS50 DSC,DSC,138.0,ERCOT,10000702971.0,VILLA CAVAZOS,SOUTH,,,,,,,,,,Active
10018270083,VCAVAZOS 138KV PS60 DSC,DSC,138.0,ERCOT,10000702971.0,VILLA CAVAZOS,SOUTH,,,,,,,,,,Active
10018270081,VCAVAZOS 138KV PS61 DSC,DSC,138.0,ERCOT,10000702971.0,VILLA CAVAZOS,SOUTH,,,,,,,,,,Active
10017169191,VCAVAZOS 138KV T005N4 DSC,DSC,138.0,ERCOT,10000702971.0,VILLA CAVAZOS,SOUTH,,,,,,,,,,Active
10017169185,VCAVAZOS 138KV T005N5 BRKR,BRKR,138.0,ERCOT,10000702971.0,VILLA CAVAZOS,SOUTH,,,,,,,,,,Active
10017169181,VCAVAZOS 138KV T005N6 DSC,DSC,138.0,ERCOT,10000702971.0,VILLA CAVAZOS,SOUTH,,,,,,,,,,Active
10017169198,VCAVAZOS 138KV T01276 DSC,DSC,138.0,ERCOT,10000702971.0,VILLA CAVAZOS,SOUTH,,,,,,,,,,Active
10017169196,VCAVAZOS 138KV T01279 DSC,DSC,138.0,ERCOT,10000702971.0,VILLA CAVAZOS,SOUTH,,,,,,,,,,Active
10017320218,VCAVAZOS 138KV T01704 DSC,DSC,138.0,ERCOT,10000702971.0,VILLA CAVAZOS,SOUTH,,,,,,,,,,Active
10000751677,VCAVAZOS-MILITARY 138KV MILHW_VCAVA_1A,LINE,138.0,ERCOT,10000702971.0,VILLA CAVAZOS,SOUTH,10000701654.0,MILITARY HIGHWAY CSW,SOUTH,,,,,MILHW_VCAVA_1A,,Active
10000817706,VCAVAZOS-MILITARY 138KV MILITA_VCAVAZ1,LINE,138.0,ERCOT,10000702971.0,VILLA CAVAZOS,SOUTH,10000701654.0,MILITARY HIGHWAY CSW,SOUTH,,,,,MILITA_VCAVAZ1,,Active
10000815864,VCAVAZOS-MILITARY 138KV MILITA_VCAVAZ11,LINE,138.0,ERCOT,10000702971.0,VILLA CAVAZOS,SOUTH,10000701654.0,MILITARY HIGHWAY CSW,SOUTH,,,,,MILITA_VCAVAZ11,,Active
10003623999,VCAVAZOS-MILITARY 138KV MILITA_VCAVAZ1_1,LINE,138.0,ERCOT,10000702971.0,VILLA CAVAZOS,SOUTH,10000701654.0,MILITARY HIGHWAY CSW,SOUTH,,,,,,,Active
