OBJECTNAME,SUBTYPE,sf_xf1a
LAUR_BESS_RN,GENERATOR,-0.537088673553719
VANCOURT_RN,GENERATOR,-0.5032663553719008
NEBULA_RN,GENERATOR,-0.5032663553719008
L_FRE_ESR_RN,GENERATOR,-0.5021808512396694
MESQUITE_RN2,GENERATOR,-0.49544233471074384
MESQUITE_RN,GENERATOR,-0.49544233471074384
RN_SR_WIND1,GENERATOR,-0.4952702107438016
E_HARRIS_RN,GENERATOR,-0.4893542768595041
W_HRL_ESR_RN,GENERATOR,-0.4797407603305785
CFLAT_ES_RN,GENERATOR,-0.46305957024793387
HARLIN_1_RN,GENERATOR,-0.46026680578512397
SILASRAY_CC1,GENERATOR,-0.4369762024793388
SIL_SILAS_10,GENERATOR,-0.4369762024793388
SIL_SILAS_6,GENERATOR,-0.4369762024793388
SIL_SILAS_9,GENERATOR,-0.4369762024793388
OLMITO_RN,GENERATOR,-0.42603233057851236
GKS_BESS_RN,GENERATOR,-0.3130452231404959
N_MRD_ESR_RN,GENERATOR,-0.29609803305785126
SROSA_ESR_RN,GENERATOR,-0.2726321900826446
DC_R,INTERTIE,-0.26045545454545455
MADERO_RN,GENERATOR,-0.26045545454545455
MYRY_BES2_RN,GENERATOR,-0.2567911652892562
MYRY_ESR_RN,GENERATOR,-0.2567911652892562
LOWR_ESS_RN,GENERATOR,-0.25254222314049585
MV_VALV4_RN,GENERATOR,-0.25075202479338843
ELSA_ESR_RN,GENERATOR,-0.24939404545454544
FRONT_EC_RN1,GENERATOR,-0.24884736363636362
FRONT_EC_RN3,GENERATOR,-0.24884736363636362
FRONT_EC_RN2,GENERATOR,-0.24884736363636362
FRONT_EC_CC1,GENERATOR,-0.24884736363636362
N_AL_BESS_RN,GENERATOR,-0.24868072314049586
GOODWIN_ESR,GENERATOR,-0.2475460950413223
PALMVIEW_RN,GENERATOR,-0.24421773966942148
LV5_UNIT1,GENERATOR,-0.2434573388429752
CARA_ESS_RN,GENERATOR,-0.2419370082644628
RIOG_ESR2_RN,GENERATOR,-0.24139663223140498
RIOG_ESR_RN,GENERATOR,-0.24139663223140498
CONTINEN_RN,GENERATOR,-0.2411746652892562
GARC_BESS_RN,GENERATOR,-0.2400545578512397
STAR_SLR_RN,GENERATOR,-0.2370855
FAL_FALCONG3,GENERATOR,-0.2350022520661157
FAL_FALCONG2,GENERATOR,-0.2350022520661157
FAL_FALCONG1,GENERATOR,-0.2350022520661157
CITRUSCY_RN,GENERATOR,-0.23488154958677687
SE_EDINB_RN,GENERATOR,-0.2346015702479339
VENADO_ALL,GENERATOR,-0.23076071487603306
BRP_LOP1_RN,GENERATOR,-0.23069694214876033
MOORE_FL_RN,GENERATOR,-0.22751295041322314
GUNR_RN,GENERATOR,-0.22683535537190083
DUKE_GT2_CCU,GENERATOR,-0.21795778512396694
DUKE_CC1,GENERATOR,-0.21795778512396694
DUKE_GST1CCU,GENERATOR,-0.21795778512396694
NED_NEDIN_G1,GENERATOR,-0.2151664132231405
NEDIN_RN,GENERATOR,-0.2151664132231405
NED_NEDIN_G2,GENERATOR,-0.2151664132231405
NED_NEDIN_G3,GENERATOR,-0.2151664132231405
NEDIN_CC1,GENERATOR,-0.2151664132231405
REDGATE_RN,GENERATOR,-0.2151664132231405
REDFISH_ALL,GENERATOR,-0.15478668595041323
CAMWIND_RN,GENERATOR,-0.1336697438016529
FALFUR_RN2,GENERATOR,-0.1005784173553719
FALFUR_RN,GENERATOR,-0.1005784173553719
PALMWI_UNIT1,GENERATOR,-0.07530368181818181
LZ_SOUTH,ZONE,-0.06268876446280992
EXGNSND_RN,GENERATOR,-0.030061962809917353
BRP_ZPT1_RN,GENERATOR,-0.030061962809917353
BRP_ZPT2_RN,GENERATOR,-0.030061962809917353
CEDROHI_CHW1,GENERATOR,-0.025894876033057852
EXGNWTL_1,GENERATOR,-0.025894876033057852
STADIUM_RN,GENERATOR,-0.017702809917355372
CHALUP_ALL,GENERATOR,-0.012295661157024794
SEVNF_ES_RN,GENERATOR,-0.010259847107438018
DC_L,INTERTIE,-0.005036710743801653
LARDVFTN_G5,GENERATOR,-0.005036706611570248
LARDVFTN_G4,GENERATOR,-0.005036706611570248
WFTANK_ESS1,GENERATOR,-0.003414206611570248
TORR_ALL,GENERATOR,-6.3140495867768945e-06
CORAZON_RN,GENERATOR,-6.31404958677688e-06
LV1A_LV1B,GENERATOR,0.000747987603305785
BORDAS_345,GENERATOR,0.0010520702479338841
OUTP_SLR_RN,GENERATOR,0.0014091859504132232
RELOJ_ALL,GENERATOR,0.0016834710743801652
CATARINA_B1,GENERATOR,0.002158880165289256
CABEZON_ALL,GENERATOR,0.0033020991735537193
MCLNSLR_RN,GENERATOR,0.003304747933884298
CARRIZO_ESR1,GENERATOR,0.0036845454545454547
HOLCOMB_RN1,GENERATOR,0.003861318181818182
COTULLA_RN,GENERATOR,0.004155764462809917
LYNX_ESS_RN,GENERATOR,0.004325057851239669
LV4_UNIT_1,GENERATOR,0.004349264462809917
MESTENO_RN,GENERATOR,0.004349264462809917
BRP_PBL1_RN,GENERATOR,0.004700144628099173
BRP_PBL2_RN,GENERATOR,0.004700144628099173
LV3_RN,GENERATOR,0.004795459574468085
FTDUNCAN_RN,GENERATOR,0.00485490909090909
ESCONDID_ESR,GENERATOR,0.005020359504132232
ANEM_ESS_RN,GENERATOR,0.005119020661157024
MIRASOLE_GEN,GENERATOR,0.005119020661157024
ERSL_RN,GENERATOR,0.0054790743801652894
ECLIPSE_UN1,GENERATOR,0.005651297520661158
MONTECR1_RN,GENERATOR,0.005659246861924686
ZIER_SLR_ALL,GENERATOR,0.005714074380165289
ANACACHO_ANA,GENERATOR,0.005754165289256198
TSECA_ES_RN,GENERATOR,0.005826256198347107
AMISTAD_ALL,GENERATOR,0.005826256198347107
HAMI_BESS_RN,GENERATOR,0.005826256198347107
HELIOS_RN,GENERATOR,0.006080954545454546
PEARSA_1_24,GENERATOR,0.006093144628099174
PEARSALL_RN,GENERATOR,0.006093144628099174
HRZN_SLR_UN1,GENERATOR,0.006093144628099174
MROW_SLR_RN,GENERATOR,0.006093144628099174
NFAL_RN,GENERATOR,0.006219078512396695
DRYFRIO_RN,GENERATOR,0.006432462809917355
SAN_SANMIGG1,GENERATOR,0.006860780991735537
LEAKEY_RN,GENERATOR,0.007044210743801653
POTEETS_RN,GENERATOR,0.007224442148760331
BIRD_ESR1,GENERATOR,0.007274636363636363
UTOPIA_RN,GENERATOR,0.0074481198347107445
HNY_COMB_RN,GENERATOR,0.007624272727272728
TYNAN_RN,GENERATOR,0.007624272727272728
BRIGHTSD_U1,GENERATOR,0.007775855371900826
OGS_SLR_RN,GENERATOR,0.008080619834710744
MEDINA1_RN,GENERATOR,0.008103260330578513
LBRA_BES1,GENERATOR,0.008160462809917356
V4_DGR1_RN,GENERATOR,0.008214586776859503
MEDILA_RN,GENERATOR,0.00821755785123967
LEONLCPCT3_4,GENERATOR,0.008219706611570248
FERD_ESS_RN,GENERATOR,0.008219706611570248
LEONLCPCT1_2,GENERATOR,0.008219706611570248
A4_DGR1_RN,GENERATOR,0.008228636363636363
A4_DGR2_RN,GENERATOR,0.008228636363636363
X443ESRN,GENERATOR,0.00824759917355372
X1_DGR_RN,GENERATOR,0.008249702479338844
V2_DGR1_RN,GENERATOR,0.008251285123966941
V2_DGR3_RN,GENERATOR,0.008251285123966941
V2_DGR2_RN,GENERATOR,0.008251285123966943
LYSSY_RN,GENERATOR,0.008259117154811715
LZ_CPS,ZONE,0.00826257438016529
Z5_DGR1_RN,GENERATOR,0.00826340909090909
RN_OCI_ALAMO,GENERATOR,0.00826345867768595
BEXAR_ES_RN,GENERATOR,0.00826345867768595
Q1_DGR1_RN,GENERATOR,0.008263814049586777
BRAUNIG_VHB3,GENERATOR,0.008268962809917355
SHAW_SLR_RN,GENERATOR,0.008270909090909091
BRP_RN_UNIT1,GENERATOR,0.008275235537190081
GUADG_CC1,GENERATOR,0.008277566115702479
GUADG_CCU2,GENERATOR,0.008277566115702479
GUADG_CCU1,GENERATOR,0.008277566115702479
GUADG_CC2,GENERATOR,0.008277566115702479
CALAVER_OWS2,GENERATOR,0.008281380165289256
RN_PAD3_ESS,GENERATOR,0.008281380165289256
CALAVER_OWS1,GENERATOR,0.008281380165289256
PAD1_ESS_RN,GENERATOR,0.008281380165289256
PAD2_ESS_RN,GENERATOR,0.008281380165289256
CALAVER_JTD1,GENERATOR,0.008281595041322315
CALAVER_JTD2,GENERATOR,0.008281595041322315
BRAUNIG_VHB1,GENERATOR,0.008282115702479338
BRAUNIG_VHB2,GENERATOR,0.008282115702479338
BR_VHB6CT7_8,GENERATOR,0.008284396694214876
BR_VHB6CT5_6,GENERATOR,0.008284396694214876
Z0_DGR2_RN,GENERATOR,0.008284826446280992
Z0_DGR1_RN,GENERATOR,0.008284826446280992
P2_DGR2_RN,GENERATOR,0.008287677685950413
P2_DGR1_RN,GENERATOR,0.008287677685950413
C5_RN,GENERATOR,0.008288888429752067
K2_DGR2_RN,GENERATOR,0.008297078512396696
K2_DGR1_RN,GENERATOR,0.008297078512396696
EBNY_ESS_RN,GENERATOR,0.008300078512396693
RIONOG_CT3,GENERATOR,0.008328280991735538
RIONOG_ST1,GENERATOR,0.008328280991735538
RIONOG_CC1,GENERATOR,0.008328280991735538
RIONOG_CT1,GENERATOR,0.008328280991735538
RIONOG_CT2,GENERATOR,0.008328280991735538
CACH_ESS_RN,GENERATOR,0.008336144628099174
HAYSEN3_4,GENERATOR,0.008356673553719008
HAYSEN1_2,GENERATOR,0.008356673553719008
HHGT_KENDAL,GENERATOR,0.00836198347107438
BRA_AVR1_CT2,GENERATOR,0.00838022314049587
BRAUNIG_CC1,GENERATOR,0.00838022314049587
BRA_AVR_CST1,GENERATOR,0.00838022314049587
TIMPP_RN2,GENERATOR,0.008395909090909091
TIMPP_RN3,LOAD,0.008395909090909091
TIMPP_RN4,LOAD,0.008395909090909091
TMPP_RN4,GENERATOR,0.008395909090909091
TIMPP_RN1,GENERATOR,0.008395909090909091
TMPP_RN3,GENERATOR,0.008395909090909091
INDNENR_1_RN,GENERATOR,0.008409413223140495
FERMI_ALL,GENERATOR,0.008417495867768594
ANTL_ESS_ES1,GENERATOR,0.008417495867768594
CALAVER_JKS2,GENERATOR,0.00843350826446281
CALAVER_JKS1,GENERATOR,0.00843350826446281
INDNNWP_RN,GENERATOR,0.008440628099173553
RUSSEKST_RN,GENERATOR,0.008442859504132233
JC_BAT_RN,GENERATOR,0.008458561983471074
FORTMA_RN,GENERATOR,0.008462305785123966
BATCAVE_RN,GENERATOR,0.008462305785123966
INDNENR_2_RN,GENERATOR,0.00846951652892562
SIRIUS_UNIT1,GENERATOR,0.008470954545454547
FERGCC_ST1_5,GENERATOR,0.008488446280991735
FERGCC_GT1_1,GENERATOR,0.008488446280991735
FERGCC_GT2_3,GENERATOR,0.008488446280991735
FERGCC_CC1,GENERATOR,0.008488446280991735
GIGA_ESS_RN,GENERATOR,0.008488524793388429
APPALOSA_ALL,GENERATOR,0.00848994214876033
WIR_WIRTZ_G2,GENERATOR,0.00849236776859504
WIR_WIRTZ_G1,GENERATOR,0.00849236776859504
BKBN_RN,GENERATOR,0.008494400826446282
INKS_INKS_G1,GENERATOR,0.008500243801652893
JUNORTH_RN,GENERATOR,0.008502665289256198
JUNCTION_RN,GENERATOR,0.008502665289256198
BUDA_RN,GENERATOR,0.00850802479338843
HORSCR_RN,GENERATOR,0.008517946280991735
KEO_KEO_SM1,GENERATOR,0.008518037190082645
PAVO_ESS_ALL,GENERATOR,0.008518037190082645
WOODWRD1_RN,GENERATOR,0.008519061983471073
WOODWRD2_RN,GENERATOR,0.008519061983471073
LGD_LANGFORD,GENERATOR,0.008519719008264462
CROSSETT_ALL,GENERATOR,0.00852505785123967
SLK_BESS_RN,GENERATOR,0.00852505785123967
BUCHAN_ALL,GENERATOR,0.008525909090909091
FWLR_SLR_1,GENERATOR,0.008528086776859505
LZ_LCRA,ZONE,0.00852859917355372
KINGE_ALL,GENERATOR,0.008529330578512396
BASTEN_CC1,GENERATOR,0.008529425619834712
BASTEN_CCU,GENERATOR,0.008529425619834712
CFLATS_UNIT,GENERATOR,0.008531962809917356
TBWF_ES_BES1,GENERATOR,0.008532376033057851
KINGW_ALL,GENERATOR,0.008532376033057851
HEADCAMP_RN,GENERATOR,0.008532640495867768
DGFS_ESR_RN,GENERATOR,0.008532640495867768
SPTX12B_RN,GENERATOR,0.008532818181818181
CASL_GAP_UN1,GENERATOR,0.008532818181818181
ALAMO_ST_RN,GENERATOR,0.008533347107438017
TNFS_RN,GENERATOR,0.008533347107438017
AVIL_ESS_RN,GENERATOR,0.008536309917355371
RIGGIN_UNIT1,GENERATOR,0.008538830578512397
SG_BES_BESS1,GENERATOR,0.008538830578512397
TRIPBUT1_RN,GENERATOR,0.008542685950413223
HOUSEMTN_RN,GENERATOR,0.00854839256198347
LASSO_GEN,GENERATOR,0.00854839256198347
GOMZ_RN,GENERATOR,0.008549933884297522
LZ_AEN,ZONE,0.008557053719008265
LZ_WEST,ZONE,0.008594491735537191
MILTON_RN,GENERATOR,0.008615879166666666
DC_N,INTERTIE,0.008679553719008266
WL_RANCH_RN,GENERATOR,0.008689836134453783
HICK_G1_G2,GENERATOR,0.008694697478991598
WHMESA_U1,GENERATOR,0.008694697478991598
SHAMROCK_RN,GENERATOR,0.008695394957983193
RANCHERO_ALL,GENERATOR,0.008696113445378151
BIGSAMWD_RN,GENERATOR,0.00869646218487395
HI_LONE_ALL,GENERATOR,0.008697243697478992
HI_LONEB_RN1,GENERATOR,0.008697243697478992
WAYMARK_RN,GENERATOR,0.008698810924369749
HYDR_ESS_RN,GENERATOR,0.008698810924369749
BOOTLEG_UN1,GENERATOR,0.008698810924369749
REDBARN_RN,GENERATOR,0.008698810924369749
TRBT_SLR_RN,GENERATOR,0.008699134453781511
GREASWOD_ALL,GENERATOR,0.008699134453781511
HRBESS_BESS,GENERATOR,0.008700945378151262
HOVEY_GEN,GENERATOR,0.008700945378151262
SGSA_DGR,GENERATOR,0.008700945378151262
REROCK_ALL,GENERATOR,0.008700945378151262
TOYAH_RN,GENERATOR,0.008700945378151262
DC_E,INTERTIE,0.008731971074380165
LZ_RAYBN,ZONE,0.008736644628099173
MARBFA,GENERATOR,0.008761444915254237
MAR_MARSFOG1,GENERATOR,0.00876260593220339
MAR_MARSFOG2,GENERATOR,0.00876260593220339
MAR_MARSFOG3,GENERATOR,0.00876260593220339
LZ_NORTH,ZONE,0.008766070539419088
SLCN_ESS_ALL,GENERATOR,0.008767466101694916
NF_BRP_RN,GENERATOR,0.008769961864406779
TAYGETE2_ALL,GENERATOR,0.008776555084745764
TAYGETE_ALL,GENERATOR,0.008776555084745764
FLTBES1,GENERATOR,0.008780004237288135
FLOWERII_RN,GENERATOR,0.008780004237288135
FLVABES1_ESR,GENERATOR,0.008780004237288135
QUEEN_BA_RN,GENERATOR,0.008780694915254237
GRND_SLR_RN,GENERATOR,0.008780694915254237
QUEEN_SL_RN,GENERATOR,0.008780694915254237
COYANOSA_RN,GENERATOR,0.008783097457627119
RAT_RN_1,GENERATOR,0.008783771186440678
SADLBCK_AGR1,GENERATOR,0.008783919491525422
SADLBACK_RN2,GENERATOR,0.008783919491525424
SADLBACK_RN,GENERATOR,0.008783919491525424
CNTYRDS_RN,GENERATOR,0.008786169491525423
ELM_ST_RN2,GENERATOR,0.008786305084745762
ELM_ST_RN,GENERATOR,0.008786305084745762
COYOTSPR_AGR,GENERATOR,0.008786305084745762
COYOTSPR_RN,GENERATOR,0.008786305084745762
FAULKNER_RN,GENERATOR,0.008786305084745762
CEDRVALE_RN,GENERATOR,0.00878677966101695
CDRVLE_U1_RN,GENERATOR,0.00878677966101695
SANDLAKE_RN,GENERATOR,0.008786906779661017
WRSBES_BESS1,GENERATOR,0.008788580508474576
RRANCHES_ALL,GENERATOR,0.008788580508474576
TI_SOLAR_ALL,GENERATOR,0.008789152542372882
ARAGORN_RN,GENERATOR,0.008789152542372882
RTLSNAKE_BT,GENERATOR,0.008789627118644068
CHAL_SLR_RN,GENERATOR,0.008789838983050849
SBEAN_BESS,GENERATOR,0.00878985593220339
W_PECO_UNIT1,GENERATOR,0.008790088983050847
LONESTAR_RN,GENERATOR,0.00879032627118644
SWOOSE1_U1,GENERATOR,0.008791881355932204
SWOOSEII_RN,GENERATOR,0.008791881355932204
PYOTE_RN,GENERATOR,0.008791881355932204
STAGHORN_RN,GENERATOR,0.00879214406779661
RSK_RN,GENERATOR,0.008794813559322033
NBOHR_RN,GENERATOR,0.008794813559322033
PB2SES_CT5,GENERATOR,0.008795029661016949
PB2SES_CT2,GENERATOR,0.008795029661016949
PB2SES_CT1,GENERATOR,0.008795029661016949
PB2SES_CT4,GENERATOR,0.008795029661016949
PB2SES_CT3,GENERATOR,0.008795029661016949
AUSTPL_ALL,GENERATOR,0.008815936170212766
SANDHSYD1_2,GENERATOR,0.008819817021276596
SANDHSYD3_4,GENERATOR,0.008819817021276596
SANDHSYD6_7,GENERATOR,0.008819817021276596
SANDHSYD_5AC,GENERATOR,0.008819817021276596
SANDHSYD_CC1,GENERATOR,0.008819817021276596
E_BLACK_RN,GENERATOR,0.008826719148936171
RHESS2_ESS1,GENERATOR,0.008830204255319149
GRAN_SLR_RN,GENERATOR,0.008831208510638297
DECKER_GT,GENERATOR,0.008833557446808511
LACY_CRK_ALL,GENERATOR,0.008835268085106382
PHOEBE_ALL,GENERATOR,0.008836293617021276
MIDWY_RN,GENERATOR,0.008837523404255318
JDKNS_RN,GENERATOR,0.008838068085106383
OBERON_U1,GENERATOR,0.00883867234042553
SWFT_SLR_RN,GENERATOR,0.00883871914893617
NWF_NWF1,GENERATOR,0.00883955319148936
GRYH_SLR_RN,GENERATOR,0.008840646808510638
APPLE_ESR_RN,GENERATOR,0.008840782978723405
RN_ECEC_HOLT,GENERATOR,0.008841029787234042
ODESW_RN,GENERATOR,0.00884107659574468
WOV_BESS_RN,GENERATOR,0.008841263829787234
PROSPERO_ALL,GENERATOR,0.00884163829787234
PRSPERO2_ALL,GENERATOR,0.00884163829787234
BARROW_ALL,GENERATOR,0.008841948936170213
LAPETUS_U1,GENERATOR,0.00884276170212766
PIONR_DJ_RN,GENERATOR,0.008843174468085106
OECCS_CC2,GENERATOR,0.008843889361702129
OECCS_1,GENERATOR,0.008843889361702129
OECCS_CC1,GENERATOR,0.008843889361702129
OECCS_2,GENERATOR,0.008843889361702129
QALSW_CC2,GENERATOR,0.008844076595744682
QALSW_CC1,GENERATOR,0.008844076595744682
QALSW_ALL,GENERATOR,0.008844076595744682
RVRVLYS_ALL,GENERATOR,0.008844612765957447
ANG_ALL,GENERATOR,0.00884628085106383
RAMBLER_UNIT,GENERATOR,0.00884628085106383
HOLZ_SLR_RN,GENERATOR,0.00884656595744681
EUNICE_ALL,GENERATOR,0.008847476595744681
HONEY_WD_RN,GENERATOR,0.008848310638297873
BLUEJAY_RN,GENERATOR,0.008877714876033059
GRIM_SLR_RN,GENERATOR,0.008884285123966941
GRDNE_ESR_RN,GENERATOR,0.00888917094017094
AVIAT_ALL,GENERATOR,0.008891465811965812
CAPRIDGE_ALL,GENERATOR,0.008891465811965812
CAPRIDG4_CR4,GENERATOR,0.008891465811965812
OWF_OWF,GENERATOR,0.008894034188034187
GOA_GOATWIND,GENERATOR,0.008895418803418804
MCDLD_FCSBW1,GENERATOR,0.008895799145299145
SWEC_G1,GENERATOR,0.008897162393162393
RN_TOSBATT,GENERATOR,0.00889815811965812
PC_NORTH_1,GENERATOR,0.008899623931623931
ELB_ELBCREEK,GENERATOR,0.008899623931623931
PC_SOUTH_ALL,GENERATOR,0.008899623931623931
ATK_ATKINSG7,GENERATOR,0.008900439834024896
FLCNS_UNIT1,GENERATOR,0.00890263247863248
FLCNS_UNIT2,GENERATOR,0.00890263247863248
FLCNS_UNIT3,GENERATOR,0.00890263247863248
LMO_ESR_RN,GENERATOR,0.00890811570247934
FTR_FTR_G1_4,GENERATOR,0.008908413223140496
FTR_CC1,GENERATOR,0.008908413223140496
HWY6_RN,GENERATOR,0.008910639004149377
PAR_RN,GENERATOR,0.008964446280991734
WAL_RN,GENERATOR,0.008970202479338843
GWEC_G1,GENERATOR,0.008974237068965517
ULYS_SLR_RN,GENERATOR,0.008978137931034483
SGM_SIGNALMT,GENERATOR,0.00898171551724138
CARBN_BSP_1,GENERATOR,0.00898328448275862
ALP_BESS_RN,GENERATOR,0.008984538793103448
LAMESASLR_G,GENERATOR,0.008984538793103448
GUNMTN_NODE,GENERATOR,0.008987612068965516
MGSES_CT456,GENERATOR,0.008989668103448275
GALO_RN1,GENERATOR,0.008990262931034483
MAVCRK_W_ALL,GENERATOR,0.008990262931034483
MGSES_CT123,GENERATOR,0.008990314655172414
NRTN_SLR_RN,GENERATOR,0.008993060344827587
TTWEC_G1,GENERATOR,0.00899365948275862
LONEWOLF_ALL,GENERATOR,0.008994030172413793
RN_RTS1,GENERATOR,0.008995961206896552
BULLCRK_1_2,GENERATOR,0.00899628448275862
BOCO_ESS_RN,GENERATOR,0.008997418103448274
MESQCRK_ALL,GENERATOR,0.008997418103448274
LGDRAW_S_ALL,GENERATOR,0.008997418103448274
JUNO_ALL,GENERATOR,0.008997418103448274
SRWE1_UNIT1,GENERATOR,0.008997418103448274
BUFF_GAP_ALL,GENERATOR,0.009000633620689657
HHOLLW2_WND1,GENERATOR,0.009000633620689657
H_HOLLO_WND1,GENERATOR,0.009000633620689657
HHOLLW3_WND1,GENERATOR,0.009000633620689657
HHOLLW4_WND1,GENERATOR,0.009000633620689657
SWEETWND_1,GENERATOR,0.00900205172413793
SWTWN4_WND45,GENERATOR,0.00900205172413793
SWEETWN2_2_4,GENERATOR,0.00900205172413793
SWEETWN3_3,GENERATOR,0.00900205172413793
HOLSTEIN_ALL,GENERATOR,0.009002629310344828
SWT_BESS_RN,GENERATOR,0.009002655172413793
CROSSTRL_RN,GENERATOR,0.009003064655172414
TRENT_TRENT,GENERATOR,0.009004974137931035
STWF_T1,GENERATOR,0.009004974137931035
TAHOKA_ALL,GENERATOR,0.00900546551724138
SNY_BESS_RN,GENERATOR,0.009005586206896551
CALLAHA_WND1,GENERATOR,0.009005896551724138
HB_WEST,HUB,0.009006780172413794
KNAPP_RN,GENERATOR,0.009007797413793102
BRAZ_WND_ALL,GENERATOR,0.009010767241379312
MOZART_WIND1,GENERATOR,0.00901085775862069
RDCAN_RDCNY1,GENERATOR,0.00901201724137931
CSC_CSECG1_2,GENERATOR,0.009013056034482757
THW_THWGT5X,GENERATOR,0.009025409090909091
KLEIMA_RN,GENERATOR,0.009026929752066115
CVC_CVCG1_5,GENERATOR,0.009030400826446282
CVC_CC1,GENERATOR,0.009030400826446282
CVC_CVC_G2,GENERATOR,0.009030400826446282
CVC_CVC_G3,GENERATOR,0.009030400826446282
CHEDPW_GT2,GENERATOR,0.009031004132231405
HV_BESS1_RN,GENERATOR,0.009031429752066115
GZ_RN,GENERATOR,0.009031454545454546
THW_THWGT_1,GENERATOR,0.009032561983471075
THW_1_CCU,GENERATOR,0.009033797520661158
THW_2_CCU,GENERATOR,0.009033797520661158
THW_CC1,GENERATOR,0.009033797520661158
THW_CC2,GENERATOR,0.009033797520661158
CHE_CC1,GENERATOR,0.009035157024793388
CHE_PUN2,GENERATOR,0.009035301652892562
CHE_PUN1,GENERATOR,0.009035301652892562
CHE_LYD2,GENERATOR,0.009035301652892562
CHE_LYD,GENERATOR,0.009035301652892562
ADL_RN,GENERATOR,0.009037537190082644
RN_RHN_ESR,GENERATOR,0.00904064049586777
CHAMON_UN1,GENERATOR,0.0090409173553719
CHAMON_UN2,GENERATOR,0.0090409173553719
LIG_RN,GENERATOR,0.0090409173553719
JAD_RN,GENERATOR,0.00904097520661157
LHM_CVC_G4,GENERATOR,0.00904098347107438
LHM_PUN1,GENERATOR,0.00904098347107438
LHM_PUN2,GENERATOR,0.00904098347107438
PSA_PUN2,GENERATOR,0.009041086776859504
PSA_PUN5,GENERATOR,0.009041086776859504
PSA_PSA_G7,GENERATOR,0.009041086776859504
PSA_PUN1,GENERATOR,0.009041086776859504
PSA_PSA_G5,GENERATOR,0.009041086776859504
PSA_PSA_G6,GENERATOR,0.009041086776859504
HLY_RN,GENERATOR,0.009041198347107439
CS_RN,GENERATOR,0.009041198347107439
RN_BY_ESR1,GENERATOR,0.00904156611570248
PSA_CC1,GENERATOR,0.009042227272727273
GBY_GT,GENERATOR,0.00904235123966942
PSA_PSA_G2,GENERATOR,0.009042392561983472
PSA_PSA_G1,GENERATOR,0.009042392561983472
PSA_PUN4,GENERATOR,0.009042392561983472
PSA_PSA_G4,GENERATOR,0.009042392561983472
PSA_PUN3,GENERATOR,0.009042392561983472
PSA_PSA_G3,GENERATOR,0.009042392561983472
BTE_BTE_G3,GENERATOR,0.009043904958677686
BTE_BTE_G4,GENERATOR,0.009043904958677686
BTE_BTE_G2,GENERATOR,0.009043904958677686
BTE_PUN2,GENERATOR,0.009043904958677686
BTE_PUN1,GENERATOR,0.009043904958677686
BTE_BTE_G1,GENERATOR,0.009043904958677686
CBY4_CC1,GENERATOR,0.00904549173553719
CBY4_ALL,GENERATOR,0.00904549173553719
TKWSW_CHAMP,GENERATOR,0.009046528138528138
IND_INADALE1,GENERATOR,0.009046528138528138
TKWSW_ROSCOE,GENERATOR,0.009046528138528138
PYR_PYRON1,GENERATOR,0.009046528138528138
CBY_CBY_G1,GENERATOR,0.009046590909090909
EXN_1_3,GENERATOR,0.00904710743801653
EXN_PUN1,GENERATOR,0.00904710743801653
EXN_PUN3,GENERATOR,0.00904710743801653
EXN_4,GENERATOR,0.00904710743801653
EXN_14,GENERATOR,0.00904710743801653
EXN_8,GENERATOR,0.00904710743801653
EXN_9_13,GENERATOR,0.00904710743801653
EXN_PUN2,GENERATOR,0.00904710743801653
LK_RN,GENERATOR,0.009047615702479339
PR_PR_ALL,GENERATOR,0.009047830578512397
HB_HOUSTON,HUB,0.00904795041322314
CBY_CBY_G2,GENERATOR,0.009048355371900827
AZ_ALL,GENERATOR,0.009049570247933883
RBN_BESS1,GENERATOR,0.00905002479338843
CAL_CALGT1,GENERATOR,0.00905007438016529
CAL_PUN2,GENERATOR,0.00905007438016529
CAL_PUN1,GENERATOR,0.00905007438016529
CAL_CALSTG1,GENERATOR,0.00905007438016529
CAL_CC1,GENERATOR,0.00905007438016529
CST2_SLR_RN,GENERATOR,0.009050138528138529
CST1_SLR_RN,GENERATOR,0.009050138528138529
CANYONWD_ALL,GENERATOR,0.009050138528138529
ANSON1_ALL,GENERATOR,0.009050138528138529
WH_WIND_ALL,GENERATOR,0.009050138528138529
PSG_PSG_ST1,GENERATOR,0.00905049173553719
PSG_PSG_GT2,GENERATOR,0.00905049173553719
PSG_CC1,GENERATOR,0.00905049173553719
PSG_PSG_GT3,GENERATOR,0.00905049173553719
KEG_RN,GENERATOR,0.009052012396694214
CR_RN,GENERATOR,0.00905339256198347
DIB_DIB_G1,GENERATOR,0.009055280991735536
DIB_DIB_G3,GENERATOR,0.009055280991735536
DIB_DIB_G4,GENERATOR,0.009055280991735536
DIB_CC1,GENERATOR,0.009055280991735536
DIB_PUN2,GENERATOR,0.009055280991735536
DIB_PUN1,GENERATOR,0.009055280991735536
DIB_DIB_G2,GENERATOR,0.009055280991735536
SP_RN,GENERATOR,0.00905552479338843
RVN_RN,GENERATOR,0.009056520661157025
LZ_HOUSTON,ZONE,0.009057107438016528
DDPEC_GT2,GENERATOR,0.00905990909090909
DDPEC_GT1,GENERATOR,0.00905990909090909
DDPEC_CC1,GENERATOR,0.00905990909090909
DDPEC_ST1,GENERATOR,0.00905990909090909
DDPEC_GT4,GENERATOR,0.00905990909090909
DDPEC_GT6,GENERATOR,0.00905990909090909
DDPEC_GT3,GENERATOR,0.00905990909090909
SJS_SJS_G1,GENERATOR,0.00906202479338843
SJS_SJS_G2,GENERATOR,0.00906202479338843
OR_BESS_RN,GENERATOR,0.009063607438016529
TAV_RN,GENERATOR,0.00906389256198347
TC_GTG2_RN,GENERATOR,0.0090641652892562
TC_PUN2,GENERATOR,0.0090641652892562
TC_TCHP1,GENERATOR,0.0090641652892562
TC_PUN1,GENERATOR,0.0090641652892562
MIRAGE_G1,GENERATOR,0.00906459917355372
BYU_BYU_1,GENERATOR,0.00906539256198347
BYU_CC1,GENERATOR,0.00906539256198347
BYU_BYU_34,GENERATOR,0.00906539256198347
BYU_BYU_12,GENERATOR,0.00906539256198347
BYU_PUN1,GENERATOR,0.00906539256198347
BYU_PUN3,GENERATOR,0.00906539256198347
BYU_PUN4,GENERATOR,0.00906539256198347
BYU_G4_RN,GENERATOR,0.00906539256198347
BYU_PUN2,GENERATOR,0.00906539256198347
RN_BYU_G8,GENERATOR,0.009065438016528926
WAP_WAP_G3,GENERATOR,0.00906690909090909
WAP_WAP_G4,GENERATOR,0.00906690909090909
TV_RN,GENERATOR,0.0090679173553719
CLO_RN,GENERATOR,0.009068454545454546
CLT_RN,GENERATOR,0.009069983471074381
PRO_RN,GENERATOR,0.00907005785123967
FEGC_RN,GENERATOR,0.00907005785123967
EB_RN,GENERATOR,0.009070925619834712
WAP_WAPGT_1,GENERATOR,0.009075479338842975
WAP_WAP_G5,GENERATOR,0.009075479338842975
WAP_WAP_G1,GENERATOR,0.009075479338842975
PNPI_GT2_RN,GENERATOR,0.009075479338842975
WAP_WAP_G2,GENERATOR,0.009075479338842975
SKY1,GENERATOR,0.009076004132231405
BAC_RN_ALL,GENERATOR,0.009078165289256198
HDNLAKES_RN,GENERATOR,0.009080706611570248
EVLN_ESS_RN,GENERATOR,0.009080706611570248
AMOCO_PUN1,GENERATOR,0.00908084297520661
AMO_AMOCO_1,GENERATOR,0.00908084297520661
AMOCOOIL_CC2,GENERATOR,0.00908084297520661
AMOCOOIL_CC1,GENERATOR,0.00908084297520661
AMO_AMOCO_S2,GENERATOR,0.00908084297520661
AMO_AMOCO_G2,GENERATOR,0.00908084297520661
AMO_AMOCO_G1,GENERATOR,0.00908084297520661
AMO_AMOCO_5,GENERATOR,0.00908084297520661
AMO_AMOCO_2,GENERATOR,0.00908084297520661
AMOCO_PUN2,GENERATOR,0.00908084297520661
AMO_AMOCO_G3,GENERATOR,0.00908084297520661
AMO_AMOCO_S1,GENERATOR,0.00908084297520661
UCC_COG_PUN2,GENERATOR,0.00908097520661157
UCC_UCC_C_2,GENERATOR,0.00908097520661157
TXCTY_CTB,GENERATOR,0.00908097520661157
TXCTY_CTA,GENERATOR,0.00908097520661157
TXCTY_CC1,GENERATOR,0.00908097520661157
TXCTY_CTC,GENERATOR,0.00908097520661157
TXCTY_ST,GENERATOR,0.00908097520661157
BRHEIGHT_RN,GENERATOR,0.009081297520661157
TOPAZ_ALL,GENERATOR,0.00908192561983471
BRP_DIKN_RN,GENERATOR,0.009082479338842975
WZRD_ESS_RN,GENERATOR,0.009082479338842975
BRPMAGNO_RN,GENERATOR,0.009085537190082645
VERT_ESS_RN,GENERATOR,0.009085814049586777
MAINLAND_RN,GENERATOR,0.009085814049586777
MU_RN,GENERATOR,0.009092272727272728
BVE_UNIT2,GENERATOR,0.009093144628099173
RAB_G1-8,GENERATOR,0.009093144628099173
BVE_UNIT3,GENERATOR,0.009093144628099173
BVE_CC1,GENERATOR,0.009093144628099173
BVE_UNIT1,GENERATOR,0.009093144628099173
WAP_WAP_G8,GENERATOR,0.009093595041322315
HEN_RN,GENERATOR,0.009093760330578512
WAP_WAP_G7,GENERATOR,0.009093760330578512
BYP_RN,GENERATOR,0.009093760330578512
WAP_WAP_G6,GENERATOR,0.009093760330578512
BCNV_RN,GENERATOR,0.009096119834710745
TORT_ESS_RN,GENERATOR,0.009096119834710745
BCNV2_ES_RN,GENERATOR,0.009096119834710745
ALVIN_RN,GENERATOR,0.009096119834710745
SBE_RN_1,GENERATOR,0.00909756611570248
SAH_RN,GENERATOR,0.0091054173553719
JAR_RN,GENERATOR,0.0091054173553719
BTM_ALL,GENERATOR,0.009109185950413223
CTW_RN,GENERATOR,0.009110669421487602
ROW_ALL,GENERATOR,0.009112702479338843
LON_RN1,GENERATOR,0.009114487603305787
DANSBY_ALL,GENERATOR,0.009117910638297873
WGU_RN,GENERATOR,0.009118822314049585
JAY_RN_1,GENERATOR,0.009120367768595043
RN_LNP_SLR,GENERATOR,0.009121161157024793
RADN_SLR_ALL,GENERATOR,0.009122183406113536
BCH_RN,GENERATOR,0.00912596694214876
MYR_ALL,GENERATOR,0.00912596694214876
AE_RN,GENERATOR,0.00912596694214876
BCK_RN,GENERATOR,0.009127239669421488
WES_ALL,GENERATOR,0.009131169421487603
ABINDUST_RN,GENERATOR,0.009132602620087336
ELMCRK_RN,GENERATOR,0.009132602620087336
DA_BESS2,GENERATOR,0.009135611570247934
DA_BESS,GENERATOR,0.009135611570247934
NCO_RN,GENERATOR,0.009135611570247934
CAST_ESS_RN,GENERATOR,0.009135619834710744
BSS_U1,GENERATOR,0.009135619834710744
SCLP_SCLPC_3,GENERATOR,0.009135768595041322
SCLP_PUN1,GENERATOR,0.009135768595041322
SCLP_PUN3,GENERATOR,0.009135768595041322
SCLP_SCLPC_2,GENERATOR,0.009135768595041322
SCLP_SCLPC_1,GENERATOR,0.009135768595041322
SCLP_SCLPC_4,GENERATOR,0.009135768595041322
DESN_ESS_RN,GENERATOR,0.009135768595041322
SCLP_PUN4,GENERATOR,0.009135768595041322
SCLP_PUN2,GENERATOR,0.009135768595041322
BYRDR_ES_ALL,GENERATOR,0.00913595041322314
BRP_SWNY_RN,GENERATOR,0.00913595041322314
BRP_BRAZ_RN,GENERATOR,0.009136128099173553
BRPANGLE_RN,GENERATOR,0.009136260330578513
GAMBIT_RN,GENERATOR,0.009136260330578513
MWEC_G1,GENERATOR,0.009136742358078603
TNG_RN,GENERATOR,0.009137987603305786
WR_RN,GENERATOR,0.009145921487603305
DMA_RN,GENERATOR,0.009146314049586777
DAG_ALL,GENERATOR,0.00914854132231405
TUL_SLR_ALL,GENERATOR,0.0091520826446281
DOW_G37_G35,GENERATOR,0.009153471074380165
DOW_G66_ST65,GENERATOR,0.009153471074380165
DOW_G67,GENERATOR,0.009153471074380165
DOW_G96_ST95,GENERATOR,0.009153471074380165
DOWGEN_PUN6,GENERATOR,0.009153471074380165
DOW_61_2_63,GENERATOR,0.009153471074380165
DOW_64,GENERATOR,0.009153471074380165
DOW_81_2_84,GENERATOR,0.009153471074380165
DOWGEN_PUN2,GENERATOR,0.009153471074380165
DOWGEN_PUN3,GENERATOR,0.009153471074380165
DOWGEN_PUN4,GENERATOR,0.009153471074380165
DOWGEN_PUN5,GENERATOR,0.009153471074380165
DOWGEN_PUN1,GENERATOR,0.009153471074380165
7RNCHSLR_ALL,GENERATOR,0.009158147186147186
CBECII_89,GENERATOR,0.00915909917355372
CBECII_CT7,GENERATOR,0.00915909917355372
CBECII_CC3,GENERATOR,0.00915909917355372
MAG_RN,GENERATOR,0.00915909917355372
PHO_ALL,GENERATOR,0.009159111570247935
CBEC_ALL,GENERATOR,0.009165574380165289
CBEC_CC1,GENERATOR,0.009165574380165289
CBEC_CC2,GENERATOR,0.009165574380165289
PG_RN,GENERATOR,0.009166169421487604
HOL_ALL,GENERATOR,0.009177938016528926
TGS_GT01,GENERATOR,0.009189384297520661
RPUBRDS_RN,GENERATOR,0.009192577586206896
NHKY_SLR_RN,GENERATOR,0.009194870689655172
LEG_LEG_G1,GENERATOR,0.009196620689655172
LEG_LEG_G2,GENERATOR,0.009196620689655172
DAN_ALL,GENERATOR,0.00920009090909091
PLN_ALL,GENERATOR,0.00920009090909091
OGSES_1,GENERATOR,0.009200262931034483
OGSES_2,GENERATOR,0.009200262931034483
PDRA_SLR_RN,GENERATOR,0.009215766233766234
BIGSTAR_ALL,GENERATOR,0.00928248888888889
AGUAYO_UNIT1,GENERATOR,0.009284577777777778
PRID_RN,GENERATOR,0.009284897777777778
WEBBER_WS_T1,GENERATOR,0.00928535111111111
GID_GIDEONG3,GENERATOR,0.009299466666666666
GID_GIDEONG1,GENERATOR,0.009299466666666666
GID_GIDEONG2,GENERATOR,0.009299466666666666
SOLARA_UNIT1,GENERATOR,0.009305484444444444
T_CK_GT2_RN,GENERATOR,0.009305653333333334
T_CK_GT3_RN,GENERATOR,0.009305653333333334
ENDPARK_ESS1,GENERATOR,0.009306568888888889
FLUVANNA_1_2,GENERATOR,0.009306568888888889
BRANDON_RN,GENERATOR,0.0093068
MASSENGL_G7,GENERATOR,0.00930688888888889
MASSENGL_G6,GENERATOR,0.00930688888888889
WEC_WECG1,GENERATOR,0.009307217777777778
LNCRK_ALL,GENERATOR,0.009307297777777779
PEY_RN,GENERATOR,0.009307954545454545
PCT_RN,GENERATOR,0.009307954545454545
MASSENGL_G8,GENERATOR,0.00930839111111111
STP_STP_G1,GENERATOR,0.00930888429752066
STP_STP_G2,GENERATOR,0.00930888429752066
RN_APOGEE,GENERATOR,0.009309208888888889
DERMOTT_ALL,GENERATOR,0.009310773333333333
LGW_UNIT_ALL,GENERATOR,0.009310986666666667
JUNG_SLR_RN,GENERATOR,0.009311137777777779
JADE_SLR_ALL,GENERATOR,0.00931136
PALE_ESS_EN,GENERATOR,0.009312933333333332
AEEC,GENERATOR,0.009312933333333334
FTWIND_UNIT1,GENERATOR,0.009314302222222223
HWF_HWFG1,GENERATOR,0.009314542222222224
VERTIGO_UN1,GENERATOR,0.009315404444444444
GPASTURE_ALL,GENERATOR,0.009315404444444444
NOVA1SLR_ALL,GENERATOR,0.00931592
NOVA2S_UNIT1,GENERATOR,0.00931592
ANDMDSLR_ALL,GENERATOR,0.009316888888888888
RN_SOLC_SLR,GENERATOR,0.009317022222222223
HART_WND_RN,GENERATOR,0.009319537777777779
CISC_RN,GENERATOR,0.009320559999999999
SPLAIN2_RN,GENERATOR,0.009320817777777778
COTPLNS_RN,GENERATOR,0.009320817777777778
SPLAIN1_RN,GENERATOR,0.009320817777777778
AMADEUS_ALL,GENERATOR,0.00932104888888889
BUZI_SLR_RN,GENERATOR,0.009321137777777776
BKSL_RN,GENERATOR,0.009321226666666666
WAKEWE_ALL,GENERATOR,0.009321226666666666
DKNS_ESS_RN,GENERATOR,0.009321226666666666
HRNT_SLR_RN,GENERATOR,0.009321537777777777
MARIAH_ALL,GENERATOR,0.009322044444444445
HRFDWIND_ALL,GENERATOR,0.009322044444444445
ASTRA_RN,GENERATOR,0.009322044444444445
FRYE_SLR_ALL,GENERATOR,0.00932272
CN_BRKS_UNT1,GENERATOR,0.009322773333333334
SSPURT_WIND1,GENERATOR,0.009323137777777778
BRISCOE_WIND,GENERATOR,0.00932336
LHORN_N_U1_2,GENERATOR,0.00932336
HB_PAN,HUB,0.009323746666666667
GOODNIT1_ALL,GENERATOR,0.00932391111111111
GRANDVW1_A_B,GENERATOR,0.009324364444444445
ROUTE66_RN,GENERATOR,0.009324364444444445
STRG_SLR_ALL,GENERATOR,0.009324693333333333
PH2_U1_U2,GENERATOR,0.009325368888888888
PH1_UNIT1_2,GENERATOR,0.009325368888888888
MIAM1_G1_G2,GENERATOR,0.00932655111111111
SLTFRK_UN1_2,GENERATOR,0.00932655111111111
LOS_LOSTPGT2,GENERATOR,0.009328320000000001
LOSTPI_CC1,GENERATOR,0.009328320000000001
LOS_LOSTPST1,GENERATOR,0.009328320000000001
LOS_LOSTPGT1,GENERATOR,0.009328320000000001
PANDA_T2_CT1,GENERATOR,0.00932960888888889
PANDA_T2_CT2,GENERATOR,0.00932960888888889
PANDA_T1_CC1,GENERATOR,0.00932960888888889
PANDA_T1_CT1,GENERATOR,0.00932960888888889
PANDA_T1_CT2,GENERATOR,0.00932960888888889
PANDA_T2_CC1,GENERATOR,0.00932960888888889
PANDA_T2_ST1,GENERATOR,0.00932960888888889
PANDA_T1_ST1,GENERATOR,0.00932960888888889
FAGUSSLR_RN,GENERATOR,0.009331466666666666
MISAE_GEN_RN,GENERATOR,0.009331466666666666
LACASAWD_RN,GENERATOR,0.0093316
LMWD_SLR_RN,GENERATOR,0.00933591111111111
SYBR_SLR_RN,GENERATOR,0.009336693333333333
GRSES_UNIT1,GENERATOR,0.009337066666666666
GRSES_UNIT2,GENERATOR,0.009337946666666666
TRINITY_ALL,GENERATOR,0.009339644444444444
BELM_SLR_RN,GENERATOR,0.009341377777777778
HRMS_SLR_RN,GENERATOR,0.009341564444444445
CHIL_SLR,GENERATOR,0.009341564444444445
STLHS_SL_RN,GENERATOR,0.009341564444444445
FIVEWSLR_ALL,GENERATOR,0.009341564444444445
AURO_SLR_RN,GENERATOR,0.009341564444444445
PINN_SLR_RN,GENERATOR,0.009344168888888888
BLVN_RN,GENERATOR,0.0093464
FPPYD_FPP_G3,GENERATOR,0.009358133333333334
FPPYD_FPP_G1,GENERATOR,0.009358177777777777
FPPYD_FPP_G2,GENERATOR,0.009358177777777777
HALO_RN1,GENERATOR,0.00936655111111111
SCES_UNIT1,GENERATOR,0.009394595555555555
ROSELAND_ALL,GENERATOR,0.009407271111111112
TNS_SLR_ALL,GENERATOR,0.009410657777777779
DRCK_SLR_RN,GENERATOR,0.009411448888888889
MLSES_UNIT3,GENERATOR,0.009411822222222222
MLSES_UNIT1,GENERATOR,0.009411822222222222
MLSES_UNIT2,GENERATOR,0.009411822222222222
AMAD_ESS_RN,GENERATOR,0.009412657777777778
ARMD_SLR_RN,GENERATOR,0.009412666666666666
TGCCS_ALL,GENERATOR,0.009413511111111111
TGCCS_CC1,GENERATOR,0.009413511111111111
STRATEGC_RN,GENERATOR,0.00941559111111111
YCAT_WND_RN,GENERATOR,0.009415742222222223
FENCESLR_ALL,GENERATOR,0.009415777777777778
SCSES_UNIT2,GENERATOR,0.009416044444444443
SC2SES_UNIT1,GENERATOR,0.009416044444444443
NACPW_UNIT1,GENERATOR,0.009416044444444443
GAIA_SLR_RN,GENERATOR,0.009416453333333333
LFSTH_RN,GENERATOR,0.009417093333333333
DIBOL_RN,GENERATOR,0.00941744888888889
PAULN_RN,GENERATOR,0.00941784
KELAMSL_U1,GENERATOR,0.009418115555555556
TANZ_ESS_RN,GENERATOR,0.009418115555555556
TRSES_UNIT6,GENERATOR,0.00941823111111111
FOARDCTY_ALL,GENERATOR,0.009418251121076233
TRUSGILL_RN,GENERATOR,0.009419417040358745
VERAWIND_ALL,GENERATOR,0.009419417040358745
MONT_WND_RN,GENERATOR,0.009419775784753363
BLSMT1_5_A_6,GENERATOR,0.009420538116591928
AZSP_SLR_RN,GENERATOR,0.009421697777777778
GRIF_TRL_RN,GENERATOR,0.009421704035874438
ELECTRAW_1_2,GENERATOR,0.00942273542600897
DIVR_SLR_RN,GENERATOR,0.009423057777777778
SALVTION_GEN,GENERATOR,0.009424349775784754
HORSECRK_RN,GENERATOR,0.009424349775784754
VISION_RN,GENERATOR,0.009424702222222222
AJAXWIND_RN,GENERATOR,0.009424843049327353
BCATWD_WD_1,GENERATOR,0.009425695067264574
INRT_W_ALL,GENERATOR,0.009425784753363229
FLTCK_SSI,GENERATOR,0.009426053811659193
RN_QTUM_SLR,GENERATOR,0.009426188340807176
MLB_SLR_RN,GENERATOR,0.009426412556053811
WFCOGEN_CC1,GENERATOR,0.00942659192825112
WFCOGEN_13,GENERATOR,0.00942659192825112
WFCOGEN_24,GENERATOR,0.00942659192825112
S_HILLS_RN,GENERATOR,0.009426995515695067
AZURE_RN,GENERATOR,0.009427040358744395
OLNEYTN_AGR1,GENERATOR,0.009427668161434978
OLNEYTN_RN,GENERATOR,0.009427668161434978
VORT_ALL_RN,GENERATOR,0.009430762331838566
WNDTS2_UNIT1,GENERATOR,0.009431255605381167
POTSVIL_RN,GENERATOR,0.009431569506726457
SENATEWD_1,GENERATOR,0.009431928251121076
PPEC_RN,GENERATOR,0.009432977777777778
FREC_CC1,GENERATOR,0.009432977777777778
FREC_1_CCU,GENERATOR,0.009432977777777778
SHANNONW_RN,GENERATOR,0.009433991031390134
LUCKYBLU_RN,GENERATOR,0.009434753363228701
BOARDCRK_ALL,GENERATOR,0.009435137777777778
PISG_RN_ALL,GENERATOR,0.009435137777777778
YNG_WND_ALL,GENERATOR,0.009435201793721973
BRTSW_BCW1,GENERATOR,0.00943762331838565
FREC_CC2,GENERATOR,0.009438782222222223
FREC_2_CCU,GENERATOR,0.009438782222222223
BUCKTHRN_RN,GENERATOR,0.009440403587443946
BYNM_SLR_RN,GENERATOR,0.009441255605381166
MRKM_SLR_RN,GENERATOR,0.009442062780269059
BAYC_BESS_RN,GENERATOR,0.009443561983471075
BLACKSPR_RN,GENERATOR,0.009443632286995515
JCKCNTY2_ST2,GENERATOR,0.009445291479820627
JCKCNTY2_CT3,GENERATOR,0.009445291479820627
JCKCNTY2_CC1,GENERATOR,0.009445291479820627
JCKCNTY2_CT4,GENERATOR,0.009445291479820627
MIL_MILG1_2,GENERATOR,0.009445470852017936
MIL_MILG345,GENERATOR,0.009445470852017936
BAIRDWND_ALL,GENERATOR,0.009445470852017936
GOLINDA_UN1,GENERATOR,0.009445829596412556
CRWN_SLR_UN1,GENERATOR,0.009445829596412556
WCPP_CT1,GENERATOR,0.009446367713004484
WCPP_CC1,GENERATOR,0.009446367713004484
WCPP_ST1,GENERATOR,0.009446367713004484
WCPP_CT2,GENERATOR,0.009446367713004484
DILEOS_UNIT1,GENERATOR,0.009447174887892377
WIPOPA_1_2,GENERATOR,0.00944726457399103
WIPOPA_3_4,GENERATOR,0.00944726457399103
LEON_SLR_RN,GENERATOR,0.009450106666666666
MNWL_BESS_RN,GENERATOR,0.009450807174887893
BOSQUESW_CC1,GENERATOR,0.009450896860986546
BOSQ_BSQS_34,GENERATOR,0.009450896860986546
BOSQ_BSQS_12,GENERATOR,0.009451479820627804
BOSQUESW_CC2,GENERATOR,0.009451479820627804
BOSQ_BSQSU_5,GENERATOR,0.009451479820627804
CORALSLR_ALL,GENERATOR,0.009451751111111111
WND_WHITNEY,GENERATOR,0.009452152466367712
PHILLWND_ALL,GENERATOR,0.009452242152466367
APCH_BES_RN,GENERATOR,0.009453318385650224
SHEEPCRK_1,GENERATOR,0.00945340807174888
RRC_WIND_ALL,GENERATOR,0.00945340807174888
SEQ2_SLR_RN,GENERATOR,0.00945340807174888
DORA_SLR_RN,GENERATOR,0.00945340807174888
JACKCNTY_CC1,GENERATOR,0.00945372197309417
JACKCNTY_CT1,GENERATOR,0.00945372197309417
JACKCNTY_STG,GENERATOR,0.00945372197309417
JACKCNTY_CT2,GENERATOR,0.00945372197309417
KEECHI_U1,GENERATOR,0.00945372197309417
CPSES_UNIT1,GENERATOR,0.00945372197309417
CPSES_UNIT2,GENERATOR,0.00945372197309417
DC2SES_ALL,GENERATOR,0.009453991031390134
PORTSL_UNIT1,GENERATOR,0.009454708520179373
HKSN_SLR_ALL,GENERATOR,0.00945493273542601
WHCCS_CC1,GENERATOR,0.009455470852017936
WHCCS_CT2,GENERATOR,0.009455470852017936
WHCCS_CT1_ST,GENERATOR,0.009455470852017936
HMNG_ESS_RN,GENERATOR,0.009455515695067264
NOBLESLR_ALL,GENERATOR,0.009455515695067264
WHCCS2_5_6,GENERATOR,0.009455560538116591
WHCCS2_CC2,GENERATOR,0.009455560538116591
WHCCS2_4,GENERATOR,0.009455560538116591
ANCHOR_ALL,GENERATOR,0.009456367713004484
EBELLS_UNIT1,GENERATOR,0.009456462222222222
TNP_TNP_O_2,GENERATOR,0.009456462222222222
TNP_TNP_O_1,GENERATOR,0.009456462222222222
WHTTAIL_WR1,GENERATOR,0.009457174887892376
WILDWIND_ALL,GENERATOR,0.009458026905829597
TROJ_SLR_RN,GENERATOR,0.009458026905829597
TEN_CC1,GENERATOR,0.00945816143497758
CHISMGRD_RN,GENERATOR,0.00945816143497758
TEN_CT1_STG,GENERATOR,0.00945816143497758
MUENSTER_RN,GENERATOR,0.009458565022421525
TYLRWIND_RN,GENERATOR,0.009458609865470853
BTE_CC1,GENERATOR,0.009458883116883116
CNLY_ESS_RN,GENERATOR,0.009459192825112107
BRAN_ESS_RN,GENERATOR,0.00945952888888889
TDWLPR_1_RN,GENERATOR,0.00945952888888889
MDWPK_RN,GENERATOR,0.00946
THREEW_S_RN,GENERATOR,0.009460627802690582
MIDP_SLR_RN,GENERATOR,0.009460896860986548
RN_DEC_AGR_B,GENERATOR,0.009461300448430493
RN_DEC_AGR_C,GENERATOR,0.009461300448430493
RN_DEC_AGR_A,GENERATOR,0.009461300448430493
RN_DEC_AGR_D,GENERATOR,0.009461300448430493
RIPPEY_ALL,GENERATOR,0.009461928251121077
SPNC_SPNCE_4,GENERATOR,0.009462645739910314
SPNC_SPNCE_5,GENERATOR,0.009462645739910314
CRAWFISH_RN,GENERATOR,0.00946364049586777
HLSES_UNIT5,GENERATOR,0.00946390134529148
HLSES_UNIT3,GENERATOR,0.009464035874439461
HLSES_UNIT4,GENERATOR,0.00946511210762332
MDANP_CT3_4,GENERATOR,0.009466008968609866
MDANP_CT5_6,GENERATOR,0.009466008968609866
CNTRY_RN,GENERATOR,0.009466053811659193
ELS_RN_1,GENERATOR,0.009467533632286996
SUNVASLR_ALL,GENERATOR,0.009469147982062779
PANDA_S_ST1,GENERATOR,0.009469730941704035
PANDA_S_CT2,GENERATOR,0.009469730941704035
PANDA_S_CC1,GENERATOR,0.009469730941704035
PANDA_S_CT1,GENERATOR,0.009469730941704035
LIGSW_RN,GENERATOR,0.00946982062780269
DENISON_G1_2,GENERATOR,0.009470403587443946
MERCURY_ALL,GENERATOR,0.009470672645739909
ASCK_SLR_RN,GENERATOR,0.009470672645739909
AQUI_ALL,GENERATOR,0.009470672645739909
PLATINUM_RN,GENERATOR,0.009471524663677131
KMCHI_CC2,GENERATOR,0.009471524663677131
KMCHI_CC1,GENERATOR,0.009471524663677131
VLSES_UNIT3,GENERATOR,0.009471524663677131
BAKE_RN_ALL,GENERATOR,0.009472466367713003
PITSDD_UNIT1,GENERATOR,0.00947251121076233
LPCCS_UNIT1,GENERATOR,0.00947251121076233
LPCCS_UNIT2,GENERATOR,0.00947251121076233
LPCCS_CT12,GENERATOR,0.00947251121076233
LPCCS_CC2,GENERATOR,0.00947251121076233
LPCCS_CC1,GENERATOR,0.00947251121076233
LPCCS_CT21,GENERATOR,0.00947251121076233
LPCCS_CT11,GENERATOR,0.00947251121076233
LPCCS_CT22,GENERATOR,0.00947251121076233
CMPD_SLR_RN,GENERATOR,0.009472690582959641
PHOENIX_RN,GENERATOR,0.009472735426008969
MDANP_CT1_2,GENERATOR,0.009472780269058295
IMP_RN1,GENERATOR,0.009472959641255605
TYSN_SLR_RN,GENERATOR,0.009472959641255605
TNSKA_CC1,GENERATOR,0.009472959641255605
TNSKA_CCU,GENERATOR,0.009472959641255605
GODY_SLR_RN,GENERATOR,0.009472959641255605
EIFSLR_UNIT1,GENERATOR,0.009472959641255605
FILESSLR_PV1,GENERATOR,0.009473004484304933
PINEFRST_RN,GENERATOR,0.00947322869955157
CONIGLIO_RN,GENERATOR,0.009473273542600897
ESTONIAN_ALL,GENERATOR,0.009473452914798206
TTRSW_RN,GENERATOR,0.009474170403587443
SAMSON_ALL,GENERATOR,0.009474170403587443
STAM_SLR_ALL,GENERATOR,0.009474170403587443
HOPKNSLR_ALL,GENERATOR,0.009474215246636771
JAG_SLR_RN,GENERATOR,0.009474484304932735
EMPCT_RN,GENERATOR,0.009474529147982063
BR_ARROW_ALL,GENERATOR,0.00947457399103139
DSWL_BES1,GENERATOR,0.009475336322869956
MCSES_UNIT7,GENERATOR,0.009475829596412555
MCSES_UNIT8,GENERATOR,0.009475829596412555
MCSES_UNIT6,GENERATOR,0.009475829596412555
BART_SLR_RN,GENERATOR,0.009475874439461882
CARTWHL_RN,GENERATOR,0.00947627802690583
TURQ_BESS1,GENERATOR,0.00947730941704036
OLIN_OLING_2,GENERATOR,0.009477354260089684
OLIN_OLING_1,GENERATOR,0.009477354260089684
DRAK_ESS_RN,GENERATOR,0.009477354260089684
OLIN_OLING_3,GENERATOR,0.009477354260089684
OLIN_OLING_4,GENERATOR,0.009477354260089684
STEA_STEAM_1,GENERATOR,0.009477399103139012
STEAM_ENG123,GENERATOR,0.009477399103139012
STEA_STEAM_2,GENERATOR,0.009477399103139012
STEA_STEAM_3,GENERATOR,0.009477399103139012
SIG_SLR_RN,GENERATOR,0.009477399103139012
WIG_BESS_RN,GENERATOR,0.009477668161434976
SMTH_ESS_RN,GENERATOR,0.009477892376681615
FRMR_BS2_RN1,GENERATOR,0.009478251121076232
FRMRSVLW_RN,GENERATOR,0.009478251121076232
PRCRK_RN,GENERATOR,0.009478520179372198
LHSES_UNIT1,GENERATOR,0.009478789237668163
LHSES_UNIT2,GENERATOR,0.009478789237668163
HB_NORTH,HUB,0.009479170403587443
ELZA_SLR_RN,GENERATOR,0.009480807174887893
AQLA_WND_RN,GENERATOR,0.009481569506726458
PAVLOV_RN,GENERATOR,0.009481776859504132
PAVLOV_BT_RN,GENERATOR,0.009481855371900825
FRNYPP_CC1,GENERATOR,0.009482466367713006
FRNYPP_1_CCU,GENERATOR,0.009482466367713006
FRNYPP_2_CCU,GENERATOR,0.009482466367713006
FRNYPP_CC2,GENERATOR,0.009482466367713006
ETCCS_CCU,GENERATOR,0.00948304932735426
ETCCS_CC1,GENERATOR,0.00948304932735426
LILY_RN,GENERATOR,0.009486905829596413
ANOL_ESS_RN,GENERATOR,0.00948695067264574
MUSTNGCK_ALL,GENERATOR,0.009487814049586776
OYST_SLR_RN,GENERATOR,0.009487847533632287
ERKA_SLR_RN,GENERATOR,0.00948865470852018
MAND_SLR_RN,GENERATOR,0.009491614349775784
YAPN_SLR_RN,GENERATOR,0.009502645739910314
RAYBURN_CC1,GENERATOR,0.009509012396694215
RAYB_G78910,GENERATOR,0.009509012396694215
ORIANA_RN,GENERATOR,0.009518768595041324
BRP_LOOP_RN,GENERATOR,0.00962685950413223
PALACIOS_RN,GENERATOR,0.00973595867768595
FO_FORMOSA12,GENERATOR,0.010188293388429753
FO_FORMOSG1,GENERATOR,0.010188293388429753
FO_FORMOSG7,GENERATOR,0.010188293388429753
FO_FORMOSA11,GENERATOR,0.010188293388429753
FO_FORMOSG14,GENERATOR,0.010188293388429753
FO_FORMOSG2,GENERATOR,0.010188293388429753
FO_FORMOSG8,GENERATOR,0.010188293388429753
FO_FORMOSG15,GENERATOR,0.010188293388429753
FO_FORMOSG13,GENERATOR,0.010188293388429753
FO_FORMOSG6,GENERATOR,0.010188293388429753
FORMOSA_CC1,GENERATOR,0.010188293388429753
FORMOSA_CC2,GENERATOR,0.010188293388429753
FORMOSA_PUN1,GENERATOR,0.010188293388429753
FO_FORMOSG10,GENERATOR,0.010188293388429753
FORMOSA_PUN2,GENERATOR,0.010188293388429753
FO_FORMOSG4,GENERATOR,0.010188293388429753
FO_FORMOSG3,GENERATOR,0.010188293388429753
FO_FORMOSG9,GENERATOR,0.010188293388429753
FO_FORMOSG5,GENERATOR,0.010188293388429753
FOXTROT_ALL,GENERATOR,0.010198900826446282
SPARTA_ALL,GENERATOR,0.010198900826446282
TREB_SOLAR1,GENERATOR,0.01021309090909091
CALHOUN_ALL,GENERATOR,0.01021309090909091
HB_BUSAVG,HUB,0.010307119834710743
PTLBES_BESS1,GENERATOR,0.010336747933884297
VICTORIA_CC1,GENERATOR,0.01050056611570248
VIC_VICTORG6,GENERATOR,0.01050056611570248
VIC_VICTORG5,GENERATOR,0.01050056611570248
CITYVICT_ALL,GENERATOR,0.01050056611570248
DUP_PUN2,GENERATOR,0.010537599173553718
VICTPORT_RN,GENERATOR,0.010537599173553718
DUP_PUN1,GENERATOR,0.010537599173553718
DUP_PUN3,GENERATOR,0.010537599173553718
DUP_PUN4,GENERATOR,0.010537599173553718
HB_HUBAVG,HUB,0.010579235537190083
NCARBID_PUN2,GENERATOR,0.010733037190082645
NCARBID_PUN1,GENERATOR,0.010733037190082645
NCARBIDEG8,GENERATOR,0.010733037190082645
NCARBIDE_1_7,GENERATOR,0.010733037190082645
COL_COLETOG1,GENERATOR,0.010743227272727274
DUF_RN,GENERATOR,0.010785125984251968
SANTACRU_ALL,GENERATOR,0.01088604132231405
HEARN_RD_RN,GENERATOR,0.011044371900826445
PIRATE_RN,GENERATOR,0.011087896694214876
CHAR_SLR_RN,GENERATOR,0.011770433884297521
B_DAVIS_3,GENERATOR,0.011801921487603307
B_D_B_DAVIG1,GENERATOR,0.011801921487603307
B_D_B_DAVIG2,GENERATOR,0.011801921487603307
B_DAVIS_CC1,GENERATOR,0.011801921487603307
B_DAVIS_4,GENERATOR,0.011801921487603307
LANTANA_RN,GENERATOR,0.012061938016528925
WLTC_ESR_RN,GENERATOR,0.012172785123966941
CARN_ESS_RN,GENERATOR,0.012174231404958678
OXY_PUN2,GENERATOR,0.012178454545454544
OXY_PUN1,GENERATOR,0.012178454545454544
OXY_OXY_CCG1,GENERATOR,0.012178454545454544
CCEC_PUN2,GENERATOR,0.012226822314049587
CCEC_ST1,GENERATOR,0.012226822314049587
CCEC_GT2,GENERATOR,0.012226822314049587
CCEC_PUN1,GENERATOR,0.012226822314049587
CCEC_CC1,GENERATOR,0.012226822314049587
CCEC_GT1,GENERATOR,0.012226822314049587
NUE_NUECESG7,GENERATOR,0.01223248347107438
NUECES_B_CC1,GENERATOR,0.01223961570247934
NUE_NUECESG8,GENERATOR,0.012242566115702479
NUE_NUECESG9,GENERATOR,0.012242566115702479
PERE_SLR_RN,GENERATOR,0.012320876033057851
GREGORY_RN,GENERATOR,0.012329764462809917
COTTON_PAP2,GENERATOR,0.012563037190082645
PAP1_PAP1,GENERATOR,0.012563037190082645
WHITE_PT_UN1,GENERATOR,0.012689673553719008
JKLP_SLR_RN,GENERATOR,0.012708235537190082
INGLCOSW_CC1,GENERATOR,0.012712954545454545
INGLCOSW_STG,GENERATOR,0.012712954545454545
INGLCO_PUN3,GENERATOR,0.012712954545454545
LGE_CC1,GENERATOR,0.012712954545454545
LGE_LGE_STG,GENERATOR,0.012712954545454545
LGE_LGE_GT2,GENERATOR,0.012712954545454545
LGE_LGE_GT1,GENERATOR,0.012712954545454545
INGLCO_PUN2,GENERATOR,0.012712954545454545
INGLCOS_CTG1,GENERATOR,0.012712954545454545
INGLCO_PUN1,GENERATOR,0.012712954545454545
INGLCOS_CTG2,GENERATOR,0.012712954545454545
KARAKAW2_1,GENERATOR,0.01277005785123967
KARAKAW1_1,GENERATOR,0.01277005785123967
PIN_BESS_RN,GENERATOR,0.012948396694214876
BLACKJAK_RN,GENERATOR,0.013031723140495869
CRANELL_ALL,GENERATOR,0.013031723140495869
ALGOD_ALL_RN,GENERATOR,0.013516289256198346
HB_SOUTH,HUB,0.015899619834710742
SHAFFER_ALL,GENERATOR,0.018790586776859505
TGW_T1_T2,GENERATOR,0.03290372727272727
STELLA_RN,GENERATOR,0.03290372727272727
BAFFIN_ALL,GENERATOR,0.03290372727272727
PENA_ALL,GENERATOR,0.03290372727272727
TRUENO_ALL,GENERATOR,0.05675955371900826
EL_RAYO_ALL,GENERATOR,0.05675955371900826
LMAJADAS_ALL,GENERATOR,0.0765220950413223
ARY_BESS_RN,GENERATOR,0.08460871074380165
ELSAUZ_ALL,GENERATOR,0.09469894628099174
BBREEZE_1_2,GENERATOR,0.09469894628099174
