resource_name,settlement_point,company,cap_mw,duration_hours,rev_per_mw,opt_rate_pct,as_share_pct,da_share_of_energy_pct,total_rev
WAL_ESR1,WAL_RN,Tesla,200.0,2.0,14693.403768422595,85.46082330019149,39.24076749685475,100.9959417166168,2938680.753684519
TV_ESR1,TV_RN,Agilitas Energy,9.8,2.12,13276.975263416318,65.51414418633898,48.328721078117795,86.7491517141926,130114.35758147993
CLO_ESR2,CLO_RN,Jupiter Power,100.0,2.09,12985.880944513356,60.92043802609432,38.44664302200038,8.125157723632203,1298588.0944513355
CLO_ESR1,CLO_RN,Jupiter Power,100.0,2.09,12681.18069456007,59.49100302872069,36.883851945459554,7.020342103387529,1268118.0694560069
CR_ESR1,CR_RN,Prologis,9.8,2.02,12328.266596445079,64.55670405951304,26.388912138578316,80.53135039240196,120817.01264516178
AE_ESR1,AE_RN,TotalEnergies,9.9,1.64,12323.56904183052,5.770625051635991,38.82764881814112,48.1123744839141,122003.33351412216
LON_ESR1,LON_RN1,Tokyo Gas America,174.0,2.0,11295.245850199324,66.61701391642815,39.36154242917841,54.140916466012996,1965372.7779346826
PHO_ESR1,PHO_ALL,Enel North America,150.0,1.55,11016.173872682715,79.19682977564084,38.79991381667427,45.36258459964145,1652426.0809024074
PHO_ESR2,PHO_ALL,Enel North America,150.0,1.55,10984.888760844988,78.9719166882695,37.82887638563279,31.179872202566237,1647733.3141267481
WR_ESR1,WR_RN,YIEYES,9.9,2.09,10042.710945622684,57.90185653527391,25.101704655227817,46.370670971058864,99422.83836166459
JAR_ESR2,JAR_RN,SMT Energy,156.0,1.43,10002.58434679668,78.56127493155336,33.634228280896394,70.93134007813362,1560403.1581002823
MU_ESR1,MU_RN,On.Energy,9.9,1.97,9977.847538876056,55.92873686877466,38.49134550352753,26.522519225972122,98780.69063487295
JAR_ESR1,JAR_RN,SMT Energy,147.2,1.43,9929.875325768933,73.59076336525636,33.48741221287197,72.21060526725024,1461677.6479531869
CS_ESR1,CS_RN,On.Energy,9.9,2.02,9046.27587470662,52.5255173780664,37.73055947426585,39.753387252194784,89558.13115959555
HLY_ESR1,HLY_RN,UBS Asset Management,102.2,0.98,8602.794455763067,86.86211592530273,40.12072235184629,79.83006348541159,879205.5933789854
HLY_ESR2,HLY_RN,UBS Asset Management,102.2,0.98,8558.742870800832,86.41732860655893,40.35807551149928,80.5950277658458,874703.521395845
MAINLAND_ESR1,MAINLAND_RN,Hunt Energy Network,9.9,1.0,8158.875415979007,75.60302604015652,43.71422254343962,19.128595454979223,80772.86661819217
SP_ESR1,SP_RN,On.Energy,9.9,2.02,7450.5859894251535,38.350212909785164,43.238241996785774,39.969622699109074,73760.80129530902
BYRDR_ES_ESR1,BYRDR_ES_ALL,GlidePath,50.0,1.0,7113.373920435402,73.71901531383664,40.11981976752394,67.00853120583233,355668.6960217701
MYR_ESR2,MYR_ALL,YTOTAL,72.9,1.57,7034.817489252805,51.34125887973619,1.8255691837573271,0.0,512838.19496652955
MYR_ESR1,MYR_ALL,YTOTAL,76.3,1.57,6740.816597070456,49.88635242569031,2.5006694086000474,0.0,514324.30635647575
BYP_ESR1,BYP_RN,YEXELO,200.0,2.13,6670.940496975046,37.130941471788404,4.746847045480479,-0.64000213411131,1334188.0993950092
RBN_ESR1,RBN_BESS1,Cypress Creek Renewables,100.0,1.48,6585.3473969985525,48.567613694143255,69.47427864734395,88.44250987508433,658534.7396998552
HEIGHTTN_ESR1,BRHEIGHT_RN,ENGIE,10.0,1.0,6441.721727913232,59.48656542148862,86.83893072823496,132.92677450579507,64417.21727913232
BRAZORIA_ESR1,BRP_BRAZ_RN,ENGIE,10.0,1.0,6242.197469027795,64.75189106005396,84.09175649777768,160.70150717749343,62421.97469027795
NCO_ESR1,NCO_RN,Key Capture Energy,42.4,1.96,6127.490302063873,31.40739405188522,15.701951537895832,-11.706186301925166,259805.5888075082
SWEENY_ESR1,BRP_SWNY_RN,YSUEZ,10.0,0.9,6120.402583405949,72.09510619714754,69.56004114333824,146.9652785908406,61204.025834059496
ANGLETON_ESR1,BRPANGLE_RN,ENGIE,10.0,1.0,6037.5474036406285,31.483211440510736,85.43160157249804,153.5782712098063,60375.47403640629
WCOLLOCL_ESR1,BSS_U1,YGLIDE,9.9,0.28,5871.402264626242,117.76143615205531,94.00799026056387,-0.253232267586266,58126.8824197998
TORT_ESS_ESR1,TORT_ESS_RN,YSUEZ,50.0,0.81,5693.957263504264,65.27644310046479,77.45285191896771,160.87064141503657,284697.8631752132
CTW_ESR1,CTW_RN,YTOTAL,150.0,1.5,5511.429342214729,40.92258428585565,2.3865349223523604,0.0,826714.4013322094
BCNV_ESS_ESR1,BCNV_RN,Nightpeak Energy,150.0,2.0,5344.877450635769,30.6233389156013,16.199320602964555,80.13598551728712,801731.6175953653
MAGNO_TN_ESR1,BRPMAGNO_RN,YSUEZ,9.9,0.81,5259.363031389355,74.14441474575601,75.21927191757985,70.80466554552429,52067.69401075461
DICKNSON_ESR1,BRP_DIKN_RN,YSUEZ,9.9,0.67,5235.033998574146,82.18617234181671,79.84711213890084,98.53474015247437,51826.83658588405
GZ_ESR1,GZ_RN,YREGGE,9.9,1.33,5132.316420799751,44.708987443431845,19.600122641698604,82.3252170995771,50809.93256591753
ALVIN_ESR1,ALVIN_RN,ENGIE,9.9,1.0,4642.553732600796,42.77460570312995,101.70447602563337,-261.03863845155115,45961.281952747886
EVLN_ESS_ESR1,EVLN_ESS_RN,Excelsior Energy Capital,220.0,1.99,4500.475967664318,29.954325692605586,0.0,42.63772212733049,990104.71288615
GAMBIT_ESR1,GAMBIT_RN,On.Energy,100.0,1.68,4162.870297247449,26.07976098446404,12.025106565365414,0.0,416287.02972474496
ADL_ESR1,ADL_RN,YLIB1S,60.0,1.04,3891.108394802169,37.76966006474989,27.43211043542931,43.21646275032572,233466.50368813015
GZ_ESR2,GZ_RN2,YESTH7,9.9,2.02,3223.5442177330447,24.68116413616442,20.96176689674578,10.733443544664606,31913.087755557142
WZRD_ESS_ESR1,WZRD_ESS_RN,YWIZAR,150.0,2.33,2860.341383367468,13.366162351571274,8.577634468842751,2.966425924164284,429051.2075051202
BCK_ESR1,BCK_RN,YOL300,123.5,2.3,2650.788225080432,15.959719990964148,0.0,0.0,327372.34579743334
BCK_ESR2,BCK_RN,YOL300,126.5,2.29,2609.80512521469,15.695172004298668,0.0,0.0,330140.3483396583
HV_ESR1,HV_BESS1_RN,YREGHI,9.9,1.29,2526.732798717026,26.150351777241568,44.24478439103802,123.00194900777,25014.65470729856
BY_ESR1,RN_BY_ESR1,YESTHB,9.9,1.42,1385.0704616529931,11.354394112313171,1.4058811134543117,0.0,13712.197570364631
HEN_ESR1,HEN_RN,YCROWN,150.0,1.42,-38.72931790077777,-0.4388881691867817,-0.0,-0.0,-5809.397685116665
SAH_ESR1,SAH_RN,YESTH2,200.0,1.66,-103.94136335462501,-0.6645702943455077,-0.0,-0.0,-20788.272670925002
SAH_ESR2,SAH_RN,YESTH2,200.0,1.55,-141.81263173245833,-1.0334976065684707,-0.0,-0.0,-28362.526346491664
DESN_ESS_ESR1,DESN_ESS_RN,YSUEZ,200.0,1.42,-213.35446117333333,-3.1585088432084407,-0.0,-0.0,-42670.892234666666
RHA_ESR1,RN_RHN_ESR,YDESTS,200.0,1.42,-312.43497556604166,-3.398376389612701,-0.0,-0.0,-62486.99511320833
HEN_ESR2,HEN_RN,YEONCR,150.0,1.42,-323.89056160149994,-10.48958818922727,-0.0,-0.0,-48583.58424022499
DA_ESR3,DA_BESS2,Vopak Energy Storage Texas,9.9,1.94,-360.6532755892256,-4.723514111771671,-0.0,-0.0,-3570.4674283333334
CAST_ESS_ESR1,CAST_ESS_RN,YSUEZ,200.0,1.42,-1052.0299528553335,-12.165409999707485,-0.0,-0.0,-210405.99057106668
