month,PEAKTYPE,GKS_BESS_RN,HB_BUSAVG,HB_HOUSTON,HB_SOUTH,RVN_RN
2024-08,OFFPEAK,,20.326824,8.261624,231.461624,
2024-08,WDPEAK,,1177.03168,2023.006656,447.58208,
2024-08,WEPEAK,,450.029088,744.48,153.98424,
2024-09,OFFPEAK,-14.41296,-81.4488,-92.75112,120.48864,
2024-09,WDPEAK,-922.69088,84.66592,598.86016,-105.46176,
2024-09,WEPEAK,-517.16048,39.49408,233.67584,-46.32416,
2024-10,OFFPEAK,-594.317368,10.4284,-47.462736,92.49904,
2024-10,WDPEAK,-858.061184,-226.288352,610.294512,120.887264,
2024-10,WEPEAK,-236.971264,-77.499136,109.84896,57.100416,
2024-11,OFFPEAK,-121.080087,205.181134,98.027232,354.787186,
2024-11,WDPEAK,318.38784,287.6224,581.19104,741.7888,
2024-11,WEPEAK,-23.52832,177.4416,250.74608,349.94608,
2024-12,OFFPEAK,-533.69972,-115.878744,-87.224576,191.022,
2024-12,WDPEAK,-157.490592,-48.653808,119.168784,258.7032,
2024-12,WEPEAK,-272.41232,-39.97056,33.53296,50.07184,
2025-01,OFFPEAK,-895.812208,375.6766,194.563936,245.809664,
2025-01,WDPEAK,-1720.865344,1161.20928,891.656832,426.352256,
2025-01,WEPEAK,-583.492176,305.477568,217.479024,90.059904,
2025-02,OFFPEAK,-904.971872,402.331552,184.412928,173.00864,
2025-02,WDPEAK,-1737.57152,1253.43936,796.87136,389.9472,
2025-02,WEPEAK,-493.499776,318.109824,202.161536,126.088192,
2025-03,OFFPEAK,-647.783682,-99.312525,80.645253,142.380433,
2025-03,WDPEAK,-439.1604,-127.898736,698.122992,145.222224,
2025-03,WEPEAK,-128.19968,-181.64352,122.67456,25.67104,
2025-04,OFFPEAK,-1032.65496,-48.69888,149.73312,156.97488,
2025-04,WDPEAK,-781.495968,-358.000192,1074.2688,-10.183712,
2025-04,WEPEAK,-580.544512,-25.055104,317.476352,22.072192,
2025-05,OFFPEAK,-1391.590496,54.826848,162.771576,26.839056,
2025-05,WDPEAK,-1494.143616,129.32472,1196.46072,-70.431648,
2025-05,WEPEAK,-621.3728,27.24384,441.99232,-84.6184,
2025-06,OFFPEAK,-1134.62112,151.08792,74.57208,90.76032,
2025-06,WDPEAK,-1729.530096,1320.770976,2472.360576,214.440576,
2025-06,WEPEAK,-354.16512,466.196832,793.382688,123.621984,
2025-07,OFFPEAK,-1071.91676,124.434744,37.153624,19.38616,
2025-07,WDPEAK,-2048.594592,2003.242208,3106.998752,695.125376,
2025-07,WEPEAK,-865.187136,803.421072,1194.34896,260.64,
2025-08,OFFPEAK,-1040.747128,133.720112,30.799616,-77.276056,
2025-08,WDPEAK,-2950.279584,1882.295184,2932.890576,280.108416,
2025-08,WEPEAK,-1440.72496,771.55056,1187.824,29.9472,
2025-09,OFFPEAK,-454.2912,231.62328,115.47888,174.24408,
2025-09,WDPEAK,-1571.259312,1017.264864,1855.391664,712.505136,
2025-09,WEPEAK,-747.079344,353.59056,666.328176,173.848176,
2025-10,OFFPEAK,-486.217144,74.04784,26.241624,179.631856,
2025-10,WDPEAK,-416.801952,28.684864,864.997616,778.10288,
2025-10,WEPEAK,-236.534656,-5.201408,166.005504,172.405504,
2025-11,OFFPEAK,-528.713271,84.704511,16.370889,252.039969,
2025-11,WDPEAK,-627.656944,298.381168,776.303824,779.343824,
2025-11,WEPEAK,-130.399808,-5.486096,193.50056,413.178304,
2025-12,OFFPEAK,-835.781328,96.753232,-2.277632,215.70296,
2025-12,WDPEAK,-681.31536,441.564288,655.279328,714.877504,
2025-12,WEPEAK,-281.748096,149.312016,159.467472,243.375552,
2026-01,OFFPEAK,-739.224512,1222.477312,573.20736,1111.303872,
2026-01,WDPEAK,-691.863984,2139.064032,1257.884544,1864.8,
2026-01,WEPEAK,-553.5616,678.83088,429.8768,512.79792,
2026-02,OFFPEAK,-1006.834528,556.403232,196.01232,278.12288,
2026-02,WDPEAK,-1048.89248,1335.00608,933.40032,864.50464,
2026-02,WEPEAK,-520.061568,400.2112,282.436864,214.908416,
2026-03,OFFPEAK,-1608.638382,138.064849,216.397935,107.43512,
2026-03,WDPEAK,-1133.84656,152.96336,1175.860576,712.071712,
2026-03,WEPEAK,-559.98288,-6.181776,367.477056,144.9036,
2026-04,OFFPEAK,-1188.95592,28.79184,192.87216,106.70808,
2026-04,WDPEAK,-790.520192,345.363392,1611.342656,613.467008,
2026-04,WEPEAK,-273.545216,110.347136,436.38848,217.676544,
2026-05,OFFPEAK,-61.0328,1273.430896,1521.535552,1456.870048,
2026-05,WDPEAK,-48.97696,1985.65152,3402.42496,2411.29888,
2026-05,WEPEAK,-59.735632,872.09056,1429.272768,1045.592768,
2026-06,OFFPEAK,336.33624,1167.4692,1212.62712,1310.7216,
2026-06,WDPEAK,456.823488,1900.711648,2828.614272,2283.139936,
2026-06,WEPEAK,323.335296,630.093312,917.955712,762.775936,
2026-07,OFFPEAK,-40.285864,698.782408,694.703552,777.275648,
2026-07,WDPEAK,-431.924912,1535.30888,2471.262784,1523.611632,
2026-07,WEPEAK,-191.892352,445.969408,683.378816,433.778816,
2026-08,OFFPEAK,-589.24924,18.470544,9.87288,67.377384,
2026-08,WDPEAK,-834.888096,1144.569888,1723.593984,942.593568,
2026-08,WEPEAK,-476.19312,435.252,585.24256,337.24256,
2026-09,OFFPEAK,-294.97272,-18.68136,9.15696,96.63216,71.37288
2026-09,WDPEAK,-4.973136,1365.40488,2674.351008,1292.616864,2105.577936
2026-09,WEPEAK,-139.540752,296.724096,653.030496,353.293488,566.825616
