window,constraint,market,n_hours,n_days,share_of_hours,mcc_mean_at_raven,spread_mean,excess_over_he_mean,t_excess,p,basis_hou_mean,basis_sys_mean,sys_spread_mean,p_short_win,top_HEs,bh_expost_bind_excess
REAL,BLESSI_PAVLOV1_1,DA,394,67,0.1609,0.193,0.69,1.14,3.02,0.0026709287598877516,0.5,0.32,0.37,0.589,"[11, 12, 10, 13, 20]",True
REAL,BLESSI_PAVLOV1_1,RT,29,8,0.0118,4.954,-8.48,-7.93,-2.74,0.010543482526094602,-8.35,-8.13,-0.35,0.276,"[10, 14, 13, 8, 12]",True
REAL,E_PASP,DA,723,97,0.2953,-1.016,-0.43,-0.39,-0.31,0.7585700829222736,-0.09,-0.11,-0.31,0.643,"[20, 19, 21, 18, 17]",False
REAL,E_PASP,RT,173,67,0.0707,-0.254,-1.08,-1.84,-1.16,0.24677891535720298,-0.95,1.13,-2.2,0.549,"[18, 19, 17, 16, 20]",False
REAL,HARGRO_TWINBU1_1,DA,775,100,0.3166,-0.002,-1.08,-0.38,-0.42,0.6726814568167857,0.26,-0.39,-0.69,0.564,"[23, 24, 2, 1, 3]",False
REAL,HARGRO_TWINBU1_1,RT,32,11,0.0131,-1.257,-7.73,-6.78,-4.18,0.00022183987479185494,0.03,0.08,-7.81,0.062,"[2, 3, 4, 1, 23]",True
REAL,630__B,DA,46,11,0.0188,0.961,0.24,1.21,1.61,0.11494149770505463,0.12,0.56,-0.32,0.717,"[3, 1, 2, 4, 10]",False
REAL,630__B,RT,15,5,0.0061,1.457,2.99,4.17,4.76,0.00030553415196892246,0.2,-1.26,4.25,0.867,"[3, 23, 1, 24, 7]",True
REAL,STPWAP39_1,DA,786,91,0.3211,1.048,0.74,0.65,2.29,0.022487107441796335,-0.15,-0.23,0.97,0.609,"[17, 16, 15, 18, 14]",True
REAL,STPWAP39_1,RT,525,77,0.2145,2.193,1.41,1.62,6.19,1.1866625360128011e-09,0.61,-0.3,1.71,0.625,"[16, 17, 14, 15, 12]",True
REAL,587__A,DA,139,19,0.0568,0.234,0.04,0.95,1.86,0.06517575291988183,0.07,-0.16,0.2,0.597,"[6, 3, 5, 4, 12]",False
REAL,35055__A,DA,482,79,0.1969,-4.874,0.7,0.22,0.55,0.5821672778809931,-0.7,0.35,0.36,0.624,"[16, 17, 15, 18, 14]",False
REAL,35055__A,RT,235,51,0.096,-3.451,1.08,0.9,1.64,0.1027625617540359,-0.94,1.63,-0.55,0.643,"[16, 17, 15, 14, 13]",False
REAL,1710__A,DA,438,85,0.1789,2.312,1.06,0.94,2.64,0.008474174302400161,0.18,-0.34,1.4,0.63,"[15, 16, 17, 14, 18]",True
REAL,1710__A,RT,142,34,0.058,0.591,2.06,2.09,3.55,0.0005272458308190874,-0.13,-0.36,2.42,0.627,"[14, 15, 16, 17, 13]",True
REAL,TREADW_YELWJC1_1,DA,1140,96,0.4657,0.503,0.53,0.77,2.76,0.005836939035703753,-0.23,-0.05,0.58,0.619,"[16, 14, 17, 15, 13]",True
REAL,TREADW_YELWJC1_1,RT,379,47,0.1548,0.698,1.21,1.37,3.59,0.0003789172215783159,-0.7,-1.06,2.26,0.697,"[18, 15, 14, 16, 17]",True
REAL,SEA_AAT1,DA,578,84,0.2361,1.375,1.24,0.71,1.48,0.13935747960359665,-0.33,0.13,1.11,0.638,"[17, 16, 15, 18, 19]",False
REAL,SEA_AAT1,RT,88,25,0.0359,-0.134,-1.56,-1.61,-1.36,0.17835450764025287,-2.68,-3.33,1.77,0.545,"[14, 16, 17, 12, 15]",False
REAL,FB_RS_60_A,DA,196,50,0.0801,-2.296,-0.18,-0.32,-0.5,0.6191600063680427,-1.98,-0.81,0.62,0.526,"[15, 14, 16, 17, 13]",False
REAL,FB_RS_60_A,RT,109,32,0.0445,-2.715,0.29,0.36,0.56,0.5795940980779666,-0.96,-0.49,0.79,0.587,"[16, 15, 13, 14, 12]",False
REAL,1715__B,DA,127,32,0.0519,3.547,0.8,0.52,0.93,0.35473401163150764,-0.67,0.63,0.17,0.606,"[16, 17, 18, 15, 12]",False
REAL,1715__B,RT,237,54,0.0968,1.075,1.63,1.52,3.6,0.00038317667854157454,-0.83,-1.81,3.43,0.646,"[15, 14, 16, 17, 13]",True
REAL,107__B,DA,233,21,0.0952,2.928,1.77,2.03,3.85,0.0001529730194425622,0.03,-0.55,2.32,0.708,"[18, 17, 20, 21, 19]",True
REAL,107__B,RT,92,16,0.0376,-0.487,-0.68,-1.29,-1.02,0.3118148743184862,-2.37,-2.13,1.44,0.696,"[19, 18, 20, 17, 16]",False
REAL,378T387_1,DA,180,29,0.0735,-1.123,-2.4,-3.02,-0.98,0.3260549578495601,-0.47,0.82,-3.22,0.606,"[19, 18, 20, 17, 15]",False
REAL,378T387_1,RT,29,8,0.0118,-11.162,-1.49,-1.95,-0.41,0.6816898996782415,0.23,0.42,-1.91,0.69,"[17, 18, 13, 14, 15]",False
REAL,THWZEN98_A,DA,233,52,0.0952,1.287,-0.57,-0.13,-0.25,0.7995961327713853,-1.16,-1.32,0.75,0.549,"[11, 12, 10, 13, 14]",False
REAL,THWZEN98_A,RT,182,43,0.0743,1.219,1.28,2.0,6.09,6.675064853292348e-09,0.61,-1.01,2.29,0.61,"[11, 10, 9, 12, 13]",True
REAL,6200__F,DA,542,73,0.2214,0.944,-0.34,-0.07,-0.08,0.9373561099505043,-0.28,-0.26,-0.08,0.607,"[18, 19, 17, 16, 20]",False
REAL,6200__F,RT,127,36,0.0519,-0.085,2.28,2.03,2.6,0.010347542532552493,0.57,0.87,1.4,0.614,"[18, 19, 17, 16, 15]",True
REAL,WESTEX,DA,531,49,0.2169,-0.208,0.5,0.88,2.99,0.0029480792215560254,0.09,-0.46,0.95,0.637,"[11, 10, 12, 18, 13]",True
REAL,WESTEX,RT,249,31,0.1017,1.645,1.18,1.55,4.68,4.741164366426546e-06,0.27,-0.92,2.09,0.659,"[9, 10, 8, 14, 11]",True
REAL,421__A,DA,125,46,0.0511,0.794,0.18,0.84,2.14,0.03471373475087536,0.42,0.02,0.16,0.512,"[11, 10, 12, 13, 14]",True
REAL,421__A,RT,96,34,0.0392,0.437,0.69,1.72,3.53,0.0006531666080185492,0.86,-0.4,1.09,0.604,"[10, 9, 11, 12, 8]",True
REAL,FORTMA_YELWJC1_1,DA,496,87,0.2026,-0.03,-0.34,0.65,0.7,0.4854194693734008,-0.07,-0.3,-0.04,0.565,"[9, 10, 8, 7, 6]",False
REAL,FORTMA_YELWJC1_1,RT,93,31,0.038,0.228,-0.03,1.03,1.6,0.11254249623906996,0.46,-0.93,0.9,0.645,"[9, 8, 10, 7, 11]",False
FULL,WHARTN,DA,1245,140,0.051,-3.203,4.46,2.5,5.56,3.2786822645268525e-08,1.66,2.51,1.94,0.655,"[14, 13, 12, 15, 16]",True
FULL,WHARTN,RT,811,137,0.0332,-11.348,6.76,4.84,9.1,7.118409402717827e-19,4.97,6.02,0.74,0.758,"[15, 13, 12, 14, 11]",True
FULL,BLESSI_PAVLOV1_1,DA,2377,357,0.0974,1.404,0.08,-1.91,-3.76,0.00017468686818112542,1.03,0.97,-0.89,0.607,"[20, 18, 8, 13, 12]",True
FULL,BLESSI_PAVLOV1_1,RT,124,28,0.0051,12.276,-6.83,-8.83,-3.86,0.00018206691012142849,-8.37,-8.67,1.84,0.476,"[12, 19, 10, 21, 13]",True
FULL,E_PASP,DA,5698,704,0.2335,-1.621,5.61,3.28,3.0,0.002691776019928474,-0.07,0.81,4.8,0.647,"[20, 19, 21, 18, 17]",True
FULL,E_PASP,RT,1487,359,0.0609,-0.844,11.97,9.58,3.5,0.00047298906436783164,0.05,1.95,10.02,0.603,"[17, 18, 16, 19, 15]",True
FULL,1710__C,DA,2433,290,0.0997,3.378,3.54,1.52,2.83,0.00463422154294593,0.42,0.53,3.02,0.651,"[16, 17, 15, 14, 18]",True
FULL,1710__C,RT,1127,196,0.0462,0.894,3.33,1.43,1.39,0.16632265143101513,0.26,-0.66,3.99,0.673,"[16, 15, 17, 14, 13]",False
FULL,HARGRO_TWINBU1_1,DA,12279,961,0.5031,-0.054,1.92,-0.0,-0.01,0.994084444437817,0.01,0.39,1.53,0.574,"[23, 24, 1, 2, 3]",False
FULL,HARGRO_TWINBU1_1,RT,2277,389,0.0933,-3.425,-0.05,-1.67,-5.11,3.409452759609719e-07,0.02,-0.05,-0.0,0.536,"[3, 4, 5, 2, 1]",True
FULL,STPELM27_1,DA,542,72,0.0222,-5.579,29.01,27.1,4.56,6.348622527309185e-06,-0.86,1.04,27.97,0.635,"[23, 6, 4, 22, 7]",True
FULL,STPELM27_1,RT,147,20,0.006,-32.801,85.66,83.54,4.16,5.3132169158488004e-05,-3.57,20.85,64.81,0.748,"[6, 20, 19, 18, 9]",True
FULL,630__B,DA,1085,138,0.0445,3.581,-0.38,-2.07,-4.8,1.7891020945952657e-06,0.18,0.01,-0.38,0.559,"[3, 1, 2, 24, 4]",True
FULL,630__B,RT,731,113,0.03,2.89,1.93,0.11,0.32,0.7527338841042444,-0.11,-1.41,3.35,0.613,"[23, 24, 3, 1, 22]",False
FULL,STPWAP39_1,DA,2131,303,0.0873,1.473,2.22,0.3,0.9,0.3657353922636551,-0.12,0.45,1.77,0.646,"[17, 16, 15, 14, 18]",False
FULL,STPWAP39_1,RT,1508,262,0.0618,1.862,2.82,1.04,2.6,0.00931373134641465,1.18,0.17,2.65,0.683,"[15, 14, 16, 13, 12]",True
FULL,587__A,DA,3113,303,0.1276,1.232,0.86,-0.87,-4.93,8.635984844205141e-07,-0.12,-0.06,0.91,0.601,"[2, 3, 1, 4, 24]",True
FULL,587__A,RT,1447,178,0.0593,1.376,1.05,-0.77,-2.91,0.003665365629585884,0.35,0.2,0.85,0.628,"[14, 23, 24, 15, 13]",True
FULL,50__A,DA,441,72,0.0181,-4.847,22.39,20.45,2.54,0.01129914288403316,-0.91,-4.17,26.56,0.615,"[8, 6, 9, 7, 3]",True
FULL,50__A,RT,85,26,0.0035,-42.995,123.92,121.9,3.2,0.0019574137933121385,-6.95,40.53,83.38,0.671,"[8, 7, 21, 22, 6]",True
FULL,35055__A,DA,1386,226,0.0568,-2.425,1.38,-0.39,-1.02,0.3060600004776232,-0.3,0.44,0.95,0.59,"[15, 16, 14, 13, 12]",False
FULL,35055__A,RT,693,142,0.0284,-2.126,4.03,2.27,1.27,0.20366178197970286,-0.57,1.42,2.61,0.631,"[13, 14, 16, 15, 12]",False
FULL,1710__A,DA,561,110,0.023,2.379,0.6,-1.36,-4.34,1.7052815514881105e-05,0.14,-0.34,0.94,0.586,"[15, 16, 17, 14, 18]",True
FULL,1710__A,RT,180,43,0.0074,0.753,1.43,-0.25,-0.41,0.6848910239813734,-0.38,-0.86,2.29,0.622,"[14, 16, 15, 13, 17]",False
FULL,TREADW_YELWJC1_1,DA,4872,534,0.1996,0.366,1.84,-0.09,-0.42,0.6728258863741533,0.23,0.38,1.46,0.639,"[16, 15, 17, 14, 18]",False
FULL,TREADW_YELWJC1_1,RT,1599,240,0.0655,0.643,3.79,1.78,4.01,6.399885655178669e-05,-0.03,-0.67,4.46,0.72,"[17, 16, 15, 14, 18]",True
FULL,SEA_AAT1,DA,1690,254,0.0692,1.031,4.94,2.75,2.29,0.021989184120962076,-0.1,0.16,4.78,0.646,"[17, 16, 15, 18, 14]",True
FULL,SEA_AAT1,RT,455,120,0.0186,-0.037,11.23,9.19,2.1,0.03662916221088153,0.02,-1.28,12.51,0.618,"[16, 17, 15, 14, 13]",True
FULL,FB_RS_60_A,DA,226,56,0.0093,-2.022,-0.53,-2.26,-3.81,0.0001772674484001301,-1.93,-0.77,0.24,0.518,"[15, 14, 16, 17, 13]",True
FULL,FB_RS_60_A,RT,116,35,0.0048,-2.67,0.62,-0.88,-1.42,0.15840565423353778,-0.65,-0.21,0.83,0.612,"[16, 15, 13, 14, 12]",False
FULL,1715__B,DA,172,44,0.007,2.565,5.05,2.98,2.1,0.03690270040832883,-0.35,0.97,4.08,0.599,"[16, 17, 15, 18, 12]",True
FULL,1715__B,RT,243,58,0.01,1.052,1.65,-0.14,-0.33,0.7426740845998754,-0.76,-1.73,3.38,0.646,"[15, 14, 17, 16, 13]",False
FULL,107__B,DA,488,51,0.02,1.983,1.6,-0.53,-1.43,0.15276254819832077,0.17,-0.03,1.63,0.623,"[21, 20, 19, 22, 18]",False
FULL,107__B,RT,166,24,0.0068,-0.188,-0.3,-2.73,-3.2,0.0016317369662485755,-0.72,-0.07,-0.23,0.596,"[19, 18, 20, 16, 22]",True
FULL,378T387_1,DA,180,29,0.0074,-1.123,-2.4,-5.1,-1.65,0.10036648386105192,-0.47,0.82,-3.22,0.606,"[19, 18, 20, 17, 15]",False
FULL,378T387_1,RT,29,8,0.0012,-11.162,-1.49,-3.61,-0.76,0.45368656056734774,0.23,0.42,-1.91,0.69,"[17, 18, 13, 14, 15]",False
FULL,THWZEN98_A,DA,987,178,0.0404,1.695,0.67,-0.98,-1.75,0.08070935391007161,-1.18,-0.47,1.13,0.611,"[12, 11, 13, 14, 15]",False
FULL,THWZEN98_A,RT,306,64,0.0125,2.065,0.56,-1.33,-2.92,0.0038128406181218806,1.54,-0.99,1.55,0.575,"[11, 10, 12, 9, 13]",True
FULL,6200__F,DA,659,85,0.027,1.012,-0.18,-2.3,-2.9,0.003904468055820698,-0.49,-0.23,0.05,0.604,"[18, 17, 19, 16, 20]",True
FULL,6200__F,RT,146,41,0.006,-0.079,1.98,-0.56,-0.79,0.43370505825451083,0.09,0.45,1.54,0.61,"[18, 19, 17, 16, 15]",False
FULL,WESTEX,DA,4372,442,0.1791,-0.194,1.43,-0.34,-2.14,0.0326364677073062,0.07,0.16,1.27,0.606,"[10, 11, 12, 13, 24]",True
FULL,WESTEX,RT,2767,372,0.1134,1.939,1.91,-0.03,-0.17,0.8683149643762936,0.22,0.06,1.86,0.629,"[9, 10, 16, 12, 11]",False
FULL,ARROZ_EL_CAM1_1,DA,697,132,0.0286,-1.849,10.92,8.68,2.11,0.03516307756500286,1.15,3.66,7.25,0.627,"[20, 19, 21, 22, 18]",True
FULL,ARROZ_EL_CAM1_1,RT,204,48,0.0084,-15.996,60.37,58.25,4.68,5.282882136860211e-06,7.11,18.74,41.63,0.691,"[18, 8, 22, 17, 7]",True
FULL,421__A,DA,1079,180,0.0442,2.958,0.03,-1.79,-4.56,5.773556839041724e-06,0.63,0.78,-0.75,0.588,"[14, 13, 11, 12, 15]",True
FULL,421__A,RT,672,134,0.0275,1.467,1.05,-0.84,-1.68,0.09386275951572808,-0.11,-0.35,1.4,0.65,"[14, 10, 11, 15, 13]",False
FULL,FORTMA_YELWJC1_1,DA,6039,531,0.2474,-0.252,-0.62,-2.44,-7.12,1.1753484515488244e-12,0.01,0.44,-1.06,0.556,"[6, 7, 5, 8, 4]",True
FULL,FORTMA_YELWJC1_1,RT,1733,292,0.071,-1.462,-1.56,-3.44,-4.19,2.8941663575610943e-05,0.1,1.11,-2.67,0.507,"[8, 7, 9, 6, 5]",True
