HE,spread_mean,spread_std,spread_mean_trim1pct,t_stat,best_side,tradeable,tail_flag,short_n,short_p_win,short_mean_win,short_mean_loss,short_pl_ratio,short_ev_per_mwh,short_loss_p95,short_loss_p99,short_loss_max,short_kelly_f,long_n,long_p_win,long_mean_win,long_mean_loss,long_pl_ratio,long_ev_per_mwh,long_loss_p95,long_loss_p99,long_loss_max,long_kelly_f
1,-0.79,8.03,-0.1,-1.0,long,False,False,102,0.618,2.7,6.43,0.42,-0.79,30.1,45.9,47.4,-0.293,102,0.382,6.43,2.7,2.38,0.79,9.1,10.0,10.0,0.123
2,-0.77,6.31,-0.19,-1.24,long,False,False,102,0.529,2.33,4.26,0.55,-0.77,12.2,37.2,39.7,-0.332,102,0.471,4.26,2.33,1.83,0.77,6.8,7.2,7.4,0.181
3,-0.85,5.69,-0.48,-1.51,long,True,False,102,0.529,2.06,4.13,0.5,-0.85,11.9,29.4,42.8,-0.413,102,0.471,4.13,2.06,2.0,0.85,6.4,8.7,9.2,0.206
4,-0.64,4.63,-0.52,-1.4,long,False,False,102,0.51,2.29,3.69,0.62,-0.64,15.2,18.2,19.4,-0.281,102,0.49,3.69,2.29,1.61,0.64,5.0,10.9,11.4,0.174
5,-1.04,6.49,-0.53,-1.62,long,True,False,102,0.471,2.51,4.28,0.59,-1.04,14.9,36.3,43.6,-0.416,102,0.52,4.28,2.51,1.71,1.04,6.3,9.4,10.7,0.244
6,-0.71,5.82,-0.43,-1.23,long,False,False,102,0.578,2.56,5.2,0.49,-0.71,22.9,25.9,26.6,-0.277,102,0.422,5.2,2.56,2.03,0.71,7.9,10.4,12.5,0.137
7,-1.42,7.49,-1.16,-1.91,long,True,False,102,0.48,2.87,5.38,0.53,-1.42,19.3,33.9,45.3,-0.493,102,0.52,5.38,2.87,1.87,1.42,8.2,19.1,26.9,0.263
8,-1.12,6.99,-0.7,-1.62,long,True,False,102,0.559,2.33,5.48,0.42,-1.12,17.4,37.9,45.8,-0.481,102,0.441,5.48,2.33,2.36,1.12,5.8,13.3,22.2,0.204
9,-1.34,4.04,-1.04,-3.36,long,True,False,102,0.373,1.78,3.2,0.56,-1.34,8.5,21.5,24.8,-0.753,102,0.627,3.2,1.78,1.79,1.34,3.7,4.7,5.1,0.42
10,-1.4,4.35,-1.35,-3.25,long,True,False,102,0.373,2.54,3.74,0.68,-1.4,8.5,16.3,16.8,-0.553,102,0.627,3.74,2.54,1.47,1.4,5.0,12.8,17.0,0.375
11,-1.39,4.81,-1.28,-2.91,long,True,False,102,0.441,2.8,4.69,0.6,-1.39,11.9,15.1,16.5,-0.495,102,0.559,4.69,2.8,1.68,1.39,6.5,7.0,7.2,0.296
12,-0.35,5.7,-0.15,-0.62,long,False,True,102,0.48,3.91,4.3,0.91,-0.35,15.1,20.2,21.1,-0.09,102,0.52,4.3,3.91,1.1,0.35,9.0,9.5,9.7,0.082
13,-0.52,7.61,-0.34,-0.68,long,False,True,102,0.52,4.57,6.01,0.76,-0.52,15.1,28.3,40.1,-0.113,102,0.48,6.01,4.57,1.32,0.52,12.3,18.3,23.1,0.086
14,0.6,8.16,0.79,0.75,short,False,True,102,0.578,5.42,6.01,0.9,0.6,15.2,32.0,43.5,0.111,102,0.422,6.01,5.42,1.11,-0.6,13.2,21.2,26.4,-0.101
15,0.52,8.4,0.77,0.63,short,False,True,102,0.539,6.47,6.44,1.01,0.52,13.1,30.0,37.9,0.081,102,0.461,6.44,6.47,0.99,-0.52,15.4,17.9,19.0,-0.081
16,1.13,10.17,1.52,1.12,short,False,True,102,0.608,7.12,8.16,0.87,1.13,23.8,38.2,41.1,0.159,102,0.392,8.16,7.12,1.14,-1.13,17.2,19.9,22.4,-0.139
17,1.7,11.45,2.14,1.5,short,False,True,102,0.647,8.31,10.41,0.8,1.7,28.0,40.2,42.7,0.205,102,0.353,10.41,8.31,1.25,-1.7,19.1,21.2,21.9,-0.164
18,0.88,13.19,1.24,0.68,short,False,True,102,0.618,8.9,12.07,0.74,0.88,35.4,44.1,47.6,0.099,102,0.382,12.07,8.9,1.36,-0.88,22.8,26.7,29.6,-0.073
19,2.61,15.44,2.65,1.71,short,False,True,102,0.676,9.56,11.92,0.8,2.61,27.4,56.3,68.0,0.273,102,0.324,11.92,9.56,1.25,-2.61,37.4,49.2,62.6,-0.219
20,1.53,32.77,2.97,0.47,short,False,True,102,0.647,16.24,25.43,0.64,1.53,125.6,142.6,147.7,0.094,102,0.353,25.43,16.24,1.57,-1.53,66.1,72.2,75.6,-0.06
21,-3.3,51.9,0.61,-0.64,long,False,True,102,0.627,17.36,38.08,0.46,-3.3,212.3,279.2,314.6,-0.19,102,0.373,38.08,17.36,2.19,3.3,57.5,68.3,70.4,0.087
22,-1.72,45.39,1.97,-0.38,long,False,True,102,0.657,15.76,35.17,0.45,-1.72,158.0,264.1,276.7,-0.109,102,0.343,35.17,15.76,2.23,1.72,48.9,68.2,92.6,0.049
23,-1.95,46.86,2.47,-0.42,long,False,True,102,0.618,11.52,23.72,0.49,-1.95,89.0,300.6,427.6,-0.17,102,0.382,23.72,11.52,2.06,1.95,36.4,39.8,40.7,0.082
24,-1.86,19.74,-0.08,-0.95,long,False,False,102,0.559,5.04,10.61,0.48,-1.86,28.5,118.0,181.0,-0.369,102,0.441,10.61,5.04,2.1,1.86,12.8,17.8,21.5,0.175
