window,rule,part,family,n_hours,n_days,ev_per_mwh,total_per_mw,per_day_per_mw,hit_rate_hours,hit_rate_days,sharpe_daily,sharpe_annualised,max_drawdown_per_mw,worst_hour,worst_day,t_stat,ev_sys_part,ev_basis_part,days_in_part
REAL,"B0_item3a_long_HE3,5,7-11",all,B0,714,102,1.232,879.9,8.63,0.538,0.539,0.288,5.49,-124.8,-10.8,-28.7,5.96,1.143,0.089,102
REAL,"B0_item3a_long_HE3,5,7-11",train,B0,406,58,0.986,400.5,6.9,0.485,0.466,0.21,4.01,-119.6,-10.8,-28.7,3.37,0.691,0.295,58
REAL,"B0_item3a_long_HE3,5,7-11",test,B0,308,44,1.556,479.4,10.9,0.607,0.636,0.421,8.04,-75.6,-7.7,-24.0,5.47,1.738,-0.182,44
REAL,B0refit_best_side_train_|t|>=1.5,all,B0refit,510,102,0.424,216.1,2.12,0.618,0.657,0.026,0.5,-1119.8,-307.9,-437.1,0.35,0.189,0.235,102
REAL,B0refit_best_side_train_|t|>=1.5,train,B0refit,290,58,2.746,796.2,13.73,0.638,0.759,0.404,7.72,-108.8,-53.0,-48.8,3.62,2.468,0.277,58
REAL,B0refit_best_side_train_|t|>=1.5,test,B0refit,220,44,-2.637,-580.1,-13.18,0.591,0.523,-0.113,-2.15,-1119.8,-307.9,-437.1,-0.99,-2.817,0.18,44
REAL,B_always_long_all_HE,all,B,2448,102,0.606,1482.7,14.54,0.44,0.402,0.07,1.34,-2573.8,-89.6,-352.1,1.51,0.505,0.101,102
REAL,B_always_long_all_HE,train,B,1392,58,-0.21,-292.6,-5.05,0.402,0.345,-0.037,-0.7,-1913.6,-89.6,-224.6,-0.71,-0.672,0.462,58
REAL,B_always_long_all_HE,test,B,1056,44,1.681,1775.3,40.35,0.491,0.477,0.148,2.83,-820.5,-73.8,-352.1,2.0,2.056,-0.375,44
REAL,B_long_HE7-11_static,all,B,510,102,1.354,690.5,6.77,0.555,0.569,0.311,5.94,-93.4,-10.8,-23.1,5.78,1.22,0.134,102
REAL,B_long_HE7-11_static,train,B,290,58,1.05,304.6,5.25,0.517,0.534,0.23,4.4,-93.4,-10.8,-23.1,3.39,0.622,0.428,58
REAL,B_long_HE7-11_static,test,B,220,44,1.754,385.9,8.77,0.605,0.614,0.43,8.22,-54.3,-6.8,-16.1,4.92,2.007,-0.252,44
REAL,B_short_HE14-18_static,all,B,510,102,0.38,194.0,1.9,0.618,0.647,0.05,0.95,-360.7,-51.4,-182.7,0.9,0.729,-0.349,102
REAL,B_short_HE14-18_static,train,B,290,58,0.038,11.1,0.19,0.641,0.638,0.005,0.09,-360.7,-51.4,-182.7,0.07,1.214,-1.176,58
REAL,B_short_HE14-18_static,test,B,220,44,0.832,183.0,4.16,0.586,0.659,0.117,2.24,-203.4,-36.6,-88.7,1.23,0.09,0.742,44
REAL,P_follow_yesterday_sign_perHE_lag1_leaky,all,P,2424,101,1.765,4278.2,42.36,0.601,0.683,0.244,4.67,-1878.4,-426.8,-1054.5,4.38,1.58,0.185,102
REAL,P_follow_yesterday_sign_perHE_lag1_leaky,train,P,1368,57,2.155,2948.6,51.73,0.607,0.719,0.466,8.89,-165.0,-55.2,-105.0,7.35,1.753,0.402,58
REAL,P_follow_yesterday_sign_perHE_lag1_leaky,test,P,1056,44,1.259,1329.6,30.22,0.595,0.636,0.13,2.49,-1878.4,-426.8,-1054.5,1.49,1.356,-0.096,44
REAL,P_follow_yesterday_sign_HE9-20_lag1_leaky,all,P,1212,101,2.567,3111.4,30.81,0.643,0.733,0.514,9.81,-433.2,-140.1,-132.2,7.28,2.203,0.364,102
REAL,P_follow_yesterday_sign_HE9-20_lag1_leaky,train,P,684,57,2.571,1758.4,30.85,0.643,0.754,0.648,12.38,-96.0,-34.3,-91.8,7.6,1.772,0.798,58
REAL,P_follow_yesterday_sign_HE9-20_lag1_leaky,test,P,528,44,2.563,1353.0,30.75,0.642,0.705,0.418,7.99,-433.2,-140.1,-132.2,3.76,2.761,-0.198,44
REAL,P_follow_yesterday_sign_perHE_lag2_strict,all,P,2400,100,-0.096,-231.3,-2.31,0.526,0.54,-0.014,-0.27,-2223.6,-426.8,-1036.5,-0.24,-0.246,0.15,102
REAL,P_follow_yesterday_sign_perHE_lag2_strict,train,P,1344,56,0.636,854.4,15.26,0.538,0.536,0.131,2.5,-688.6,-93.6,-314.5,2.12,0.651,-0.016,58
REAL,P_follow_yesterday_sign_perHE_lag2_strict,test,P,1056,44,-1.028,-1085.7,-24.67,0.51,0.545,-0.116,-2.21,-2223.6,-426.8,-1036.5,-1.22,-1.389,0.361,44
REAL,P_follow_yesterday_sign_HE9-20_lag2_strict,all,P,1200,100,0.164,196.4,1.96,0.527,0.54,0.04,0.76,-429.5,-122.8,-143.2,0.45,-0.096,0.259,102
REAL,P_follow_yesterday_sign_HE9-20_lag2_strict,train,P,672,56,0.165,110.9,1.98,0.539,0.536,0.047,0.89,-408.8,-63.1,-98.5,0.48,0.106,0.059,58
REAL,P_follow_yesterday_sign_HE9-20_lag2_strict,test,P,528,44,0.162,85.5,1.94,0.511,0.545,0.033,0.64,-429.5,-122.8,-143.2,0.23,-0.352,0.514,44
REAL,R_long_HE7-11_if_rt_vol_lag2_high,all,R,255,51,1.74,443.6,8.7,0.604,0.647,0.371,7.09,-56.2,-10.8,-23.1,4.96,1.657,0.082,102
REAL,R_long_HE7-11_if_rt_vol_lag2_high,train,R,95,19,2.116,201.0,10.58,0.642,0.737,0.344,6.56,-39.5,-10.8,-23.1,2.93,1.443,0.674,58
REAL,R_long_HE7-11_if_rt_vol_lag2_high,test,R,160,32,1.516,242.5,7.58,0.581,0.594,0.415,7.94,-42.8,-6.8,-12.9,4.22,1.784,-0.269,44
REAL,R_long_HE7-11_if_rt_max_lag2_high,all,R,270,54,1.709,461.4,8.54,0.611,0.648,0.377,7.2,-51.7,-10.8,-17.3,5.14,1.652,0.056,102
REAL,R_long_HE7-11_if_rt_max_lag2_high,train,R,95,19,2.208,209.8,11.04,0.653,0.737,0.364,6.96,-31.6,-10.8,-17.3,3.09,1.627,0.581,58
REAL,R_long_HE7-11_if_rt_max_lag2_high,test,R,175,35,1.438,251.6,7.19,0.589,0.6,0.409,7.81,-42.8,-6.8,-12.9,4.3,1.666,-0.228,44
REAL,R_long_HE7-11_if_rt_vol_lag1_high,all,R,260,52,2.164,562.5,10.82,0.6,0.596,0.425,8.12,-54.3,-7.3,-16.3,5.86,2.195,-0.032,102
REAL,R_long_HE7-11_if_rt_vol_lag1_high,train,R,95,19,2.951,280.4,14.76,0.611,0.579,0.432,8.26,-36.9,-7.3,-16.3,3.78,2.414,0.537,58
REAL,R_long_HE7-11_if_rt_vol_lag1_high,test,R,165,33,1.71,282.2,8.55,0.594,0.606,0.449,8.59,-54.3,-6.8,-16.1,4.66,2.07,-0.359,44
REAL,R_long_HE7-11_if_wind_low_NEEDS_FC,all,R,165,33,3.112,513.5,15.56,0.679,0.697,0.486,9.28,-37.3,-10.8,-21.9,5.21,3.075,0.037,102
REAL,R_long_HE7-11_if_wind_low_NEEDS_FC,train,R,95,19,2.706,257.1,13.53,0.653,0.684,0.391,7.48,-37.3,-10.8,-21.9,3.44,2.353,0.353,58
REAL,R_long_HE7-11_if_wind_low_NEEDS_FC,test,R,70,14,3.664,256.4,18.32,0.714,0.714,0.625,11.95,-16.1,-6.8,-16.1,3.98,4.055,-0.391,44
REAL,C_short_HE14-18_if_STPWAP39_1_bound_lag1,all,C,450,90,0.478,215.3,2.39,0.62,0.656,0.064,1.22,-318.0,-51.4,-182.7,1.08,0.782,-0.304,102
REAL,C_short_HE14-18_if_STPWAP39_1_bound_lag1,train,C,250,50,0.092,22.9,0.46,0.648,0.64,0.011,0.21,-318.0,-51.4,-182.7,0.16,1.414,-1.322,58
REAL,C_short_HE14-18_if_STPWAP39_1_bound_lag1,test,C,200,40,0.962,192.4,4.81,0.585,0.675,0.146,2.78,-203.4,-36.6,-67.8,1.39,-0.007,0.969,44
REAL,C_short_HE14-18_if_STPWAP39_1_bound_lag2,all,C,445,89,0.677,301.3,3.39,0.638,0.674,0.092,1.76,-216.8,-51.4,-182.7,1.54,1.074,-0.397,102
REAL,C_short_HE14-18_if_STPWAP39_1_bound_lag2,train,C,245,49,0.546,133.9,2.73,0.686,0.694,0.068,1.3,-216.8,-51.4,-182.7,0.96,2.004,-1.458,58
REAL,C_short_HE14-18_if_STPWAP39_1_bound_lag2,test,C,200,40,0.837,167.4,4.19,0.58,0.65,0.127,2.43,-203.4,-36.6,-67.8,1.22,-0.065,0.902,44
REAL,C_short_HE11-19_if_1715__B_bound_lag1,all,C,155,31,3.289,509.8,16.45,0.69,0.742,0.489,9.35,-127.8,-29.4,-58.1,4.32,2.074,1.215,102
REAL,C_short_HE11-19_if_1715__B_bound_lag1,train,C,40,8,1.831,73.2,9.15,0.725,0.625,0.612,11.7,-8.3,-7.7,-8.3,2.48,0.346,1.485,58
REAL,C_short_HE11-19_if_1715__B_bound_lag1,test,C,115,23,3.796,436.6,18.98,0.678,0.783,0.5,9.55,-127.8,-29.4,-58.1,3.83,2.675,1.121,44
REAL,C_short_HE11-19_if_1715__B_bound_lag2,all,C,150,30,1.74,261.1,8.7,0.607,0.667,0.188,3.59,-175.9,-67.3,-133.0,1.68,0.999,0.741,102
REAL,C_short_HE11-19_if_1715__B_bound_lag2,train,C,35,7,-0.992,-34.7,-4.96,0.486,0.429,-0.265,-5.07,-44.3,-15.6,-36.0,-0.99,-0.227,-0.765,58
REAL,C_short_HE11-19_if_1715__B_bound_lag2,test,C,115,23,2.572,295.8,12.86,0.643,0.739,0.25,4.77,-175.9,-67.3,-133.0,1.96,1.373,1.199,44
REAL,C_long_HE17-22_if_E_PASP_bound_lag1,all,C,576,96,-0.229,-131.7,-1.37,0.342,0.385,-0.01,-0.18,-1825.2,-89.6,-273.9,-0.17,0.071,-0.299,102
REAL,C_long_HE17-22_if_E_PASP_bound_lag1,train,C,312,52,-2.456,-766.1,-14.73,0.324,0.327,-0.203,-3.88,-1253.0,-89.6,-241.2,-2.52,-2.974,0.519,58
REAL,C_long_HE17-22_if_E_PASP_bound_lag1,test,C,264,44,2.403,634.4,14.42,0.364,0.455,0.074,1.42,-799.2,-73.8,-273.9,0.86,3.669,-1.266,44
REAL,C_long_HE17-22_if_E_PASP_bound_lag2,all,C,570,95,-0.736,-419.4,-4.41,0.318,0.358,-0.031,-0.6,-1989.0,-89.6,-273.9,-0.53,-0.472,-0.263,102
REAL,C_long_HE17-22_if_E_PASP_bound_lag2,train,C,306,51,-3.444,-1053.8,-20.66,0.278,0.275,-0.302,-5.76,-1416.8,-89.6,-241.2,-3.6,-4.045,0.602,58
REAL,C_long_HE17-22_if_E_PASP_bound_lag2,test,C,264,44,2.403,634.4,14.42,0.364,0.455,0.074,1.42,-799.2,-73.8,-273.9,0.86,3.669,-1.266,44
REAL,C_long_HE10-13_if_35055__A_bound_lag1,all,C,312,78,0.108,33.8,0.43,0.494,0.487,0.028,0.54,-177.2,-21.7,-34.0,0.39,-0.421,0.53,102
REAL,C_long_HE10-13_if_35055__A_bound_lag1,train,C,176,44,-0.254,-44.8,-1.02,0.46,0.5,-0.064,-1.23,-140.9,-11.3,-31.1,-0.68,-1.459,1.204,58
REAL,C_long_HE10-13_if_35055__A_bound_lag1,test,C,136,34,0.578,78.6,2.31,0.537,0.471,0.158,3.03,-45.1,-21.7,-34.0,1.45,0.921,-0.343,44
REAL,C_long_HE10-13_if_35055__A_bound_lag2,all,C,308,77,0.253,78.0,1.01,0.5,0.506,0.062,1.19,-179.5,-21.7,-34.0,0.87,-0.247,0.5,102
REAL,C_long_HE10-13_if_35055__A_bound_lag2,train,C,172,43,-0.054,-9.2,-0.21,0.471,0.535,-0.012,-0.24,-154.2,-11.3,-31.1,-0.13,-1.125,1.072,58
REAL,C_long_HE10-13_if_35055__A_bound_lag2,test,C,136,34,0.641,87.2,2.56,0.537,0.471,0.171,3.26,-35.8,-21.7,-34.0,1.56,0.863,-0.222,44
REAL,C_short_HE14-18_if_any_HoustonImport_bound_lag1,all,C,500,100,0.384,192.0,1.92,0.62,0.65,0.05,0.95,-305.6,-51.4,-182.7,0.89,0.716,-0.332,102
REAL,C_short_HE14-18_if_any_HoustonImport_bound_lag1,train,C,280,56,0.032,9.0,0.16,0.646,0.643,0.004,0.08,-305.6,-51.4,-182.7,0.06,1.209,-1.176,58
REAL,C_short_HE14-18_if_any_HoustonImport_bound_lag1,test,C,220,44,0.832,183.0,4.16,0.586,0.659,0.117,2.24,-203.4,-36.6,-88.7,1.23,0.09,0.742,44
REAL,C_short_HE14-18_if_any_HoustonImport_bound_lag2,all,C,495,99,0.574,284.4,2.87,0.624,0.657,0.076,1.46,-283.2,-51.4,-182.7,1.36,0.903,-0.328,102
REAL,C_short_HE14-18_if_any_HoustonImport_bound_lag2,train,C,275,55,0.369,101.4,1.84,0.655,0.655,0.046,0.89,-283.2,-51.4,-182.7,0.69,1.553,-1.184,58
REAL,C_short_HE14-18_if_any_HoustonImport_bound_lag2,test,C,220,44,0.832,183.0,4.16,0.586,0.659,0.117,2.24,-203.4,-36.6,-88.7,1.23,0.09,0.742,44
REAL,X_B0_long + STPWAP_lag2_short_HE14-18,all,X,1159,102,1.019,1181.1,11.58,0.576,0.667,0.283,5.41,-196.9,-51.4,-175.6,4.82,1.117,-0.097,102
REAL,X_B0_long + STPWAP_lag2_short_HE14-18,train,X,651,58,0.821,534.3,9.21,0.561,0.655,0.205,3.92,-196.9,-51.4,-175.6,2.91,1.185,-0.365,58
REAL,X_B0_long + STPWAP_lag2_short_HE14-18,test,X,508,44,1.273,646.8,14.7,0.596,0.682,0.417,7.98,-178.9,-36.6,-49.9,3.98,1.028,0.245,44
REAL,X_regime_long_HE7-11 + STPWAP_lag2_short_HE14-18,all,X,700,94,1.064,744.9,7.92,0.626,0.723,0.219,4.19,-183.2,-51.4,-182.7,3.46,1.286,-0.222,102
REAL,X_regime_long_HE7-11 + STPWAP_lag2_short_HE14-18,train,X,340,52,0.985,334.9,6.44,0.674,0.731,0.156,2.97,-182.7,-51.4,-182.7,2.15,1.847,-0.862,58
REAL,X_regime_long_HE7-11 + STPWAP_lag2_short_HE14-18,test,X,360,42,1.139,410.0,9.76,0.581,0.714,0.34,6.5,-183.2,-36.6,-54.1,2.76,0.757,0.382,44
FULL,"B0_item3a_long_HE3,5,7-11",all,B0,7119,1017,-1.876,-13355.2,-13.13,0.44,0.435,-0.051,-0.98,-16304.6,-1397.5,-5485.3,-3.3,-1.808,-0.068,1017
FULL,"B0_item3a_long_HE3,5,7-11",train,B0,4473,639,-1.634,-7308.6,-11.44,0.439,0.433,-0.052,-1.0,-9184.7,-1397.5,-4170.4,-2.39,-1.247,-0.387,639
FULL,"B0_item3a_long_HE3,5,7-11",test,B0,2646,378,-2.285,-6046.6,-16.0,0.441,0.437,-0.052,-0.99,-8378.9,-1300.0,-5485.3,-2.29,-2.755,0.469,378
FULL,B0refit_best_side_train_|t|>=1.5,all,B0refit,10170,1017,2.508,25508.4,25.08,0.617,0.654,0.124,2.37,-2113.9,-936.0,-1254.7,6.89,1.956,0.552,1017
FULL,B0refit_best_side_train_|t|>=1.5,train,B0refit,6390,639,2.813,17974.8,28.13,0.643,0.687,0.156,2.98,-2113.9,-936.0,-1254.7,6.08,1.931,0.882,639
FULL,B0refit_best_side_train_|t|>=1.5,test,B0refit,3780,378,1.993,7533.6,19.93,0.574,0.598,0.085,1.63,-1025.8,-615.9,-617.9,3.39,1.998,-0.005,378
FULL,B_always_long_all_HE,all,B,24405,1017,-1.874,-45742.8,-44.98,0.406,0.377,-0.079,-1.5,-51004.7,-1460.2,-10626.5,-6.1,-1.527,-0.348,1017
FULL,B_always_long_all_HE,train,B,15334,639,-1.764,-27041.7,-42.32,0.4,0.354,-0.096,-1.83,-28079.9,-1414.3,-5123.6,-4.42,-1.264,-0.5,639
FULL,B_always_long_all_HE,test,B,9071,378,-2.062,-18701.1,-49.47,0.415,0.415,-0.067,-1.27,-23172.2,-1460.2,-10626.5,-4.31,-1.971,-0.091,378
FULL,B_long_HE7-11_static,all,B,5085,1017,-2.369,-12044.2,-11.84,0.421,0.415,-0.056,-1.08,-14170.4,-1397.5,-3930.2,-3.14,-2.268,-0.101,1017
FULL,B_long_HE7-11_static,train,B,3195,639,-2.333,-7455.4,-11.67,0.409,0.402,-0.058,-1.1,-9284.4,-1397.5,-3853.1,-2.46,-1.859,-0.475,639
FULL,B_long_HE7-11_static,test,B,1890,378,-2.428,-4588.9,-12.14,0.441,0.437,-0.054,-1.04,-6138.3,-1300.0,-3930.2,-1.95,-2.959,0.531,378
FULL,B_short_HE14-18_static,all,B,5085,1017,2.059,10469.9,10.29,0.644,0.652,0.095,1.81,-2942.5,-1262.9,-2439.4,4.93,1.21,0.849,1017
FULL,B_short_HE14-18_static,train,B,3195,639,2.496,7975.2,12.48,0.682,0.681,0.099,1.89,-2942.5,-1262.9,-2439.4,3.97,1.127,1.369,639
FULL,B_short_HE14-18_static,test,B,1890,378,1.32,2494.7,6.6,0.581,0.603,0.096,1.84,-612.2,-148.7,-381.9,3.62,1.351,-0.031,378
FULL,P_follow_yesterday_sign_perHE_lag1_leaky,all,P,24378,1016,2.76,67291.7,66.23,0.588,0.679,0.14,2.68,-3546.6,-1482.9,-2481.2,8.99,2.292,0.469,1017
FULL,P_follow_yesterday_sign_perHE_lag1_leaky,train,P,15308,638,2.615,40036.6,62.75,0.594,0.694,0.169,3.23,-3546.6,-1482.9,-2481.2,6.56,2.168,0.447,639
FULL,P_follow_yesterday_sign_perHE_lag1_leaky,test,P,9070,378,3.005,27255.0,72.1,0.577,0.653,0.119,2.28,-2780.9,-615.9,-2352.5,6.29,2.5,0.505,378
FULL,P_follow_yesterday_sign_HE9-20_lag1_leaky,all,P,12192,1016,2.996,36529.5,35.95,0.606,0.682,0.182,3.47,-4004.6,-1267.8,-2478.9,7.4,2.314,0.682,1017
FULL,P_follow_yesterday_sign_HE9-20_lag1_leaky,train,P,7656,638,3.268,25020.9,39.22,0.616,0.683,0.175,3.34,-4004.6,-1267.8,-2478.9,5.54,2.57,0.699,639
FULL,P_follow_yesterday_sign_HE9-20_lag1_leaky,test,P,4536,378,2.537,11508.6,30.45,0.59,0.68,0.213,4.06,-740.2,-443.6,-240.9,5.8,1.883,0.654,378
FULL,P_follow_yesterday_sign_perHE_lag2_strict,all,P,24354,1015,0.902,21958.1,21.63,0.536,0.571,0.055,1.04,-6788.0,-2451.4,-3785.2,2.93,0.559,0.343,1017
FULL,P_follow_yesterday_sign_perHE_lag2_strict,train,P,15284,637,1.062,16231.2,25.48,0.538,0.584,0.067,1.27,-6788.0,-2451.4,-3785.2,2.65,0.882,0.18,639
FULL,P_follow_yesterday_sign_perHE_lag2_strict,test,P,9070,378,0.631,5726.9,15.15,0.533,0.55,0.036,0.69,-5889.9,-1460.2,-2249.4,1.32,0.015,0.616,378
FULL,P_follow_yesterday_sign_HE9-20_lag2_strict,all,P,12180,1015,1.168,14226.4,14.02,0.536,0.566,0.068,1.3,-3741.0,-2451.4,-2408.1,2.88,0.83,0.338,1017
FULL,P_follow_yesterday_sign_HE9-20_lag2_strict,train,P,7644,637,1.105,8445.2,13.26,0.543,0.576,0.063,1.2,-3741.0,-2451.4,-2408.1,1.87,0.648,0.456,639
FULL,P_follow_yesterday_sign_HE9-20_lag2_strict,test,P,4536,378,1.275,5781.2,15.29,0.523,0.548,0.078,1.48,-1010.0,-238.2,-459.0,2.9,1.136,0.139,378
FULL,R_long_HE7-11_if_rt_vol_lag2_high,all,R,1625,325,-6.312,-10257.7,-31.56,0.412,0.403,-0.093,-1.78,-11558.5,-1397.5,-3930.2,-3.13,-6.019,-0.293,1017
FULL,R_long_HE7-11_if_rt_vol_lag2_high,train,R,1060,212,-6.478,-6866.9,-32.39,0.419,0.415,-0.105,-2.0,-7053.7,-1397.5,-3853.1,-2.87,-5.745,-0.733,639
FULL,R_long_HE7-11_if_rt_vol_lag2_high,test,R,565,113,-6.001,-3390.8,-30.01,0.4,0.381,-0.077,-1.48,-4666.9,-1300.0,-3930.2,-1.51,-6.533,0.532,378
FULL,R_long_HE7-11_if_rt_max_lag2_high,all,R,1585,317,-4.907,-7777.4,-24.53,0.426,0.42,-0.076,-1.46,-9232.8,-1397.5,-3930.2,-2.51,-4.354,-0.552,1017
FULL,R_long_HE7-11_if_rt_max_lag2_high,train,R,1060,212,-4.39,-4653.0,-21.95,0.425,0.425,-0.08,-1.53,-4817.1,-1397.5,-3853.1,-2.18,-3.357,-1.033,639
FULL,R_long_HE7-11_if_rt_max_lag2_high,test,R,525,105,-5.951,-3124.4,-29.76,0.427,0.41,-0.074,-1.41,-4570.4,-1300.0,-3930.2,-1.39,-6.369,0.418,378
FULL,R_long_HE7-11_if_rt_vol_lag1_high,all,R,1630,326,-6.383,-10404.2,-31.91,0.439,0.448,-0.088,-1.67,-11935.6,-1397.5,-3930.2,-2.77,-7.362,0.979,1017
FULL,R_long_HE7-11_if_rt_vol_lag1_high,train,R,1065,213,-5.534,-5893.3,-27.67,0.438,0.446,-0.081,-1.55,-7824.2,-1397.5,-3853.1,-2.0,-6.434,0.901,639
FULL,R_long_HE7-11_if_rt_vol_lag1_high,test,R,565,113,-7.984,-4511.0,-39.92,0.442,0.451,-0.099,-1.88,-6085.3,-1300.0,-3930.2,-1.94,-9.111,1.127,378
FULL,R_long_HE7-11_if_wind_low_NEEDS_FC,all,R,1530,306,-4.246,-6496.8,-21.23,0.458,0.464,-0.059,-1.14,-8128.8,-1397.5,-3930.2,-1.8,-4.005,-0.241,1017
FULL,R_long_HE7-11_if_wind_low_NEEDS_FC,train,R,1065,213,-2.256,-2402.9,-11.28,0.454,0.474,-0.036,-0.69,-4765.3,-1397.5,-3853.1,-0.87,-1.235,-1.021,639
FULL,R_long_HE7-11_if_wind_low_NEEDS_FC,test,R,465,93,-8.804,-4093.9,-44.02,0.465,0.441,-0.099,-1.9,-5308.2,-1300.0,-3930.2,-1.77,-10.35,1.545,378
FULL,C_short_HE14-18_if_STPWAP39_1_bound_lag1,all,C,1510,302,4.085,6168.1,20.42,0.687,0.705,0.336,6.42,-536.3,-84.0,-202.3,10.6,2.934,1.15,1017
FULL,C_short_HE14-18_if_STPWAP39_1_bound_lag1,train,C,895,179,6.335,5669.7,31.67,0.742,0.749,0.45,8.6,-536.3,-84.0,-202.3,10.86,4.362,1.973,639
FULL,C_short_HE14-18_if_STPWAP39_1_bound_lag1,test,C,615,123,0.81,498.4,4.05,0.607,0.642,0.107,2.04,-395.0,-51.4,-182.7,2.12,0.857,-0.046,378
FULL,C_short_HE14-18_if_STPWAP39_1_bound_lag2,all,C,1505,301,3.168,4768.1,15.84,0.691,0.711,0.246,4.69,-597.2,-112.7,-329.3,7.97,1.972,1.196,1017
FULL,C_short_HE14-18_if_STPWAP39_1_bound_lag2,train,C,895,179,4.596,4113.1,22.98,0.73,0.743,0.301,5.76,-597.2,-112.7,-329.3,7.56,2.504,2.092,639
FULL,C_short_HE14-18_if_STPWAP39_1_bound_lag2,test,C,610,122,1.074,654.9,5.37,0.634,0.664,0.136,2.59,-282.5,-51.4,-182.7,2.72,1.191,-0.117,378
FULL,C_short_HE11-19_if_1715__B_bound_lag1,all,C,215,43,3.603,774.7,18.02,0.651,0.674,0.296,5.65,-160.8,-43.1,-115.7,3.51,1.703,1.9,1017
FULL,C_short_HE11-19_if_1715__B_bound_lag1,train,C,10,2,41.212,412.1,206.06,0.9,1.0,1.27,24.27,0.0,-13.7,91.4,3.6,23.102,18.11,639
FULL,C_short_HE11-19_if_1715__B_bound_lag1,test,C,205,41,1.769,362.6,8.84,0.639,0.659,0.238,4.54,-151.3,-43.1,-115.7,2.46,0.659,1.109,378
FULL,C_short_HE11-19_if_1715__B_bound_lag2,all,C,210,42,0.088,18.4,0.44,0.59,0.643,0.005,0.1,-426.1,-273.3,-426.1,0.05,-0.818,0.905,1017
FULL,C_short_HE11-19_if_1715__B_bound_lag2,train,C,10,2,-33.477,-334.8,-167.38,0.4,0.5,-0.457,-8.74,-426.1,-273.3,-426.1,-1.15,-40.431,6.954,639
FULL,C_short_HE11-19_if_1715__B_bound_lag2,test,C,200,40,1.766,353.2,8.83,0.6,0.65,0.212,4.05,-175.9,-67.3,-133.0,2.16,1.163,0.603,378
FULL,C_long_HE17-22_if_E_PASP_bound_lag1,all,C,4218,703,-5.012,-21138.9,-30.07,0.341,0.351,-0.101,-1.92,-22343.3,-1414.3,-3338.8,-4.28,-4.119,-0.892,1017
FULL,C_long_HE17-22_if_E_PASP_bound_lag1,train,C,2232,372,-7.322,-16342.0,-43.93,0.311,0.306,-0.126,-2.4,-16339.8,-1414.3,-2888.8,-3.68,-7.2,-0.121,639
FULL,C_long_HE17-22_if_E_PASP_bound_lag1,test,C,1986,331,-2.415,-4796.9,-14.49,0.375,0.402,-0.064,-1.22,-6191.2,-868.7,-3338.8,-2.24,-0.657,-1.759,378
FULL,C_long_HE17-22_if_E_PASP_bound_lag2,all,C,4212,702,-4.588,-19324.4,-27.53,0.344,0.352,-0.092,-1.76,-21934.7,-1414.3,-3338.8,-3.89,-3.736,-0.852,1017
FULL,C_long_HE17-22_if_E_PASP_bound_lag2,train,C,2226,371,-6.777,-15085.6,-40.66,0.31,0.302,-0.115,-2.2,-16489.3,-1414.3,-2888.8,-3.35,-6.679,-0.098,639
FULL,C_long_HE17-22_if_E_PASP_bound_lag2,test,C,1986,331,-2.134,-4238.8,-12.81,0.383,0.408,-0.057,-1.09,-6071.5,-868.7,-3338.8,-2.04,-0.436,-1.698,378
FULL,C_long_HE10-13_if_35055__A_bound_lag1,all,C,900,225,-0.182,-163.4,-0.73,0.46,0.467,-0.025,-0.48,-511.9,-63.6,-156.3,-0.65,0.093,-0.274,1017
FULL,C_long_HE10-13_if_35055__A_bound_lag1,train,C,160,40,-0.862,-137.9,-3.45,0.369,0.425,-0.135,-2.57,-207.6,-25.1,-64.0,-1.5,-0.119,-0.743,639
FULL,C_long_HE10-13_if_35055__A_bound_lag1,test,C,740,185,-0.034,-25.5,-0.14,0.48,0.476,-0.005,-0.09,-511.9,-63.6,-156.3,-0.11,0.138,-0.173,378
FULL,C_long_HE10-13_if_35055__A_bound_lag2,all,C,896,224,-0.828,-741.6,-3.31,0.43,0.429,-0.128,-2.45,-886.5,-54.1,-143.4,-3.3,-0.505,-0.322,1017
FULL,C_long_HE10-13_if_35055__A_bound_lag2,train,C,160,40,-3.645,-583.2,-14.58,0.237,0.25,-0.511,-9.75,-528.6,-54.1,-143.4,-5.75,-2.599,-1.046,639
FULL,C_long_HE10-13_if_35055__A_bound_lag2,test,C,736,184,-0.215,-158.3,-0.86,0.471,0.467,-0.035,-0.67,-413.1,-32.2,-107.9,-0.8,-0.05,-0.165,378
FULL,C_short_HE14-18_if_any_HoustonImport_bound_lag1,all,C,2200,440,2.727,5998.7,13.63,0.659,0.675,0.199,3.8,-895.3,-150.6,-381.9,7.62,1.881,0.846,1017
FULL,C_short_HE14-18_if_any_HoustonImport_bound_lag1,train,C,1025,205,5.063,5189.3,25.31,0.734,0.741,0.303,5.78,-895.3,-150.6,-369.4,7.9,3.494,1.568,639
FULL,C_short_HE14-18_if_any_HoustonImport_bound_lag1,test,C,1175,235,0.689,809.4,3.44,0.593,0.617,0.069,1.32,-888.2,-148.7,-381.9,1.92,0.474,0.215,378
FULL,C_short_HE14-18_if_any_HoustonImport_bound_lag2,all,C,2195,439,2.455,5387.7,12.27,0.658,0.672,0.189,3.61,-900.0,-150.6,-381.9,7.24,1.514,0.941,1017
FULL,C_short_HE14-18_if_any_HoustonImport_bound_lag2,train,C,1025,205,4.464,4575.5,22.32,0.733,0.746,0.284,5.42,-895.3,-150.6,-369.4,7.43,2.588,1.876,639
FULL,C_short_HE14-18_if_any_HoustonImport_bound_lag2,test,C,1170,234,0.694,812.1,3.47,0.592,0.607,0.071,1.36,-900.0,-148.7,-381.9,1.99,0.573,0.122,378
FULL,X_B0_long + STPWAP_lag2_short_HE14-18,all,X,8624,1017,-0.996,-8587.2,-8.44,0.484,0.495,-0.033,-0.63,-12037.8,-1397.5,-5485.3,-2.1,-1.148,0.152,1017
FULL,X_B0_long + STPWAP_lag2_short_HE14-18,train,X,5368,639,-0.595,-3195.5,-5.0,0.488,0.505,-0.022,-0.43,-7439.9,-1397.5,-4170.4,-1.03,-0.622,0.027,639
FULL,X_B0_long + STPWAP_lag2_short_HE14-18,test,X,3256,378,-1.656,-5391.7,-14.26,0.477,0.476,-0.046,-0.88,-8321.4,-1300.0,-5485.3,-2.03,-2.015,0.36,378
FULL,X_regime_long_HE7-11 + STPWAP_lag2_short_HE14-18,all,X,3130,542,-1.754,-5489.7,-10.13,0.546,0.565,-0.038,-0.72,-7291.7,-1397.5,-3930.2,-1.64,-2.177,0.423,1017
FULL,X_regime_long_HE7-11 + STPWAP_lag2_short_HE14-18,train,X,1955,333,-1.409,-2753.8,-8.27,0.561,0.58,-0.032,-0.62,-6289.4,-1397.5,-3853.1,-1.12,-1.969,0.56,639
FULL,X_regime_long_HE7-11 + STPWAP_lag2_short_HE14-18,test,X,1175,209,-2.328,-2735.9,-13.09,0.522,0.541,-0.046,-0.87,-4645.7,-1300.0,-3930.2,-1.21,-2.523,0.195,378
