CONSTRAINTNAME,RVN_RN,RBN_BESS1,CBEC_ALL,TAV_RN,WAL_RN,SBE_RN_1,WGU_RN
WHARTN,,-0.0008,0.9993,0.9993,-0.0009,0.9993,-0.0008
BLESSI_PAVLOV1_1,-0.0573,-0.0242,-0.1452,-0.0597,-0.0241,-0.0955,-0.0352
E_PASP,0.019,0.0098,0.0269,0.0136,0.0061,0.0189,0.014
1710__C,,-0.0036,-0.0067,-0.0051,-0.0061,-0.0061,-0.0042
HARGRO_TWINBU1_1,0.0011,0.0023,0.0022,0.0023,0.0024,0.0023,0.0022
STPELM27_1,,0.053,0.0483,0.044,0.0336,0.0447,0.0634
630__B,-0.0162,-0.0177,-0.0176,-0.0176,-0.0191,-0.0177,-0.0172
STPWAP39_1,-0.0259,-0.0584,0.004,-0.0368,-0.0217,-0.0185,-0.0224
587__A,-0.0078,-0.0051,-0.0044,-0.0047,-0.0046,-0.0045,-0.0049
50__A,,0.0907,0.0846,0.0871,0.1252,0.0856,0.0889
35055__A,0.0552,0.0364,0.0395,0.0382,0.0406,0.0391,0.0369
1710__A,-0.0068,-0.005,-0.0086,-0.0067,-0.0095,-0.0079,-0.006
TREADW_YELWJC1_1,-0.0077,-0.0072,-0.0087,-0.0079,-0.0086,-0.0084,-0.0076
SEA_AAT1,-0.0005,-0.0006,-0.0009,-0.0008,-0.0006,-0.0008,-0.0007
FB_RS_60_A,0.2734,-0.0949,0.4376,0.7322,0.0037,0.5872,0.0474
1715__B,-0.0045,-0.0015,-0.0055,-0.0034,-0.0065,-0.0047,-0.0025
107__B,-0.0126,-0.0228,-0.0183,-0.0209,-0.0141,-0.0195,-0.0213
378T387_1,0.0088,0.0077,0.0089,0.0085,0.0098,0.0089,0.008
THWZEN98_A,-0.0426,-0.0645,-0.0651,-0.0634,-0.054,-0.0633,-0.0987
6200__F,-0.0068,-0.0076,-0.007,-0.0073,-0.0069,-0.0071,-0.0074
