node,days,tb2_da,tb2_rt,top2_da,bot2_da,top2_rt,bot2_rt,mean_da,mean_rt,tb2_rt_med
GKS_BESS_RN,89,25.14,37.24,42.45,17.31,52.22,14.98,27.29,28.4,25.4
HB_BUSAVG,89,41.21,49.68,59.42,18.22,67.17,17.49,31.02,31.48,33.88
HB_HOUSTON,89,38.81,47.14,58.85,20.04,67.0,19.85,33.27,33.65,31.26
HB_NORTH,89,43.16,53.52,61.45,18.29,70.41,16.89,31.32,31.79,35.2
HB_SOUTH,89,37.57,45.58,55.62,18.04,61.99,16.41,29.99,30.27,33.4
HB_WEST,89,46.96,56.98,60.48,13.52,69.12,12.13,28.95,29.76,39.67
RBN_BESS1,89,39.93,48.16,59.65,19.72,67.84,19.68,32.84,33.25,31.05
RVN_RN,89,39.27,46.95,58.81,19.54,66.38,19.44,31.95,32.51,30.85
TAV_RN,89,39.41,47.98,59.0,19.6,66.64,18.66,32.02,32.3,30.68
