path,month,tou,hours,auction_cost,realised,pnl,realised_per_mwh,cost_per_mwh,rvn_src
GKS_BESS_RN->HB_HOUSTON,2024-09,OFFPEAK,240,-78.33816,143.74998474121094,222.08814474121095,0.5989582697550456,-0.326409,proxy
GKS_BESS_RN->HB_HOUSTON,2024-09,WDPEAK,320,1521.5510399999998,-440.34002685546875,-1961.8910668554686,-1.3760625839233398,4.754847,proxy
GKS_BESS_RN->HB_HOUSTON,2024-09,WEPEAK,160,750.83632,229.3400115966797,-521.4963084033203,1.433375072479248,4.692727,proxy
GKS_BESS_RN->HB_HOUSTON,2024-10,OFFPEAK,248,546.854632,-231.29000854492188,-778.1446405449219,-0.9326210021972656,2.2050590000000003,proxy
GKS_BESS_RN->HB_HOUSTON,2024-10,WDPEAK,352,1468.355696,-921.0499877929688,-2389.405683792969,-2.616619283502752,4.171465045454545,proxy
GKS_BESS_RN->HB_HOUSTON,2024-10,WEPEAK,144,346.820224,-351.1600036621094,-697.9802276621094,-2.438611136542426,2.4084737777777776,proxy
GKS_BESS_RN->HB_HOUSTON,2024-11,OFFPEAK,240,219.10731900000002,792.2899780273438,573.1826590273438,3.301208241780599,0.9129471625000001,proxy
GKS_BESS_RN->HB_HOUSTON,2024-11,WDPEAK,304,262.80320000000006,-445.9399719238281,-708.7431719238282,-1.4669078023810136,0.864484210526316,proxy
GKS_BESS_RN->HB_HOUSTON,2024-11,WEPEAK,176,274.2744,1186.7099609375,912.4355609375,6.742670232599432,1.5583772727272729,proxy
GKS_BESS_RN->HB_HOUSTON,2024-12,OFFPEAK,248,446.47514399999994,761.3200073242188,314.8448633242188,3.0698387392105593,1.8003029999999998,proxy
GKS_BESS_RN->HB_HOUSTON,2024-12,WDPEAK,336,276.659376,1749.4200439453125,1472.7606679453124,5.206607273646763,0.823391,proxy
GKS_BESS_RN->HB_HOUSTON,2024-12,WEPEAK,160,305.94528,124.00999450683594,-181.9352854931641,0.7750624656677246,1.9121580000000002,proxy
GKS_BESS_RN->HB_HOUSTON,2025-01,OFFPEAK,248,1090.376144,1757.27001953125,666.8938755312499,7.085766207787298,4.3966780000000005,proxy
GKS_BESS_RN->HB_HOUSTON,2025-01,WDPEAK,336,2612.522176,1933.22998046875,-679.29219553125,5.753660656156994,7.775363619047619,proxy
GKS_BESS_RN->HB_HOUSTON,2025-01,WEPEAK,160,800.9712,1101.9000244140625,300.92882441406255,6.886875152587891,5.006069999999999,proxy
GKS_BESS_RN->HB_HOUSTON,2025-02,OFFPEAK,224,1089.3848,1818.22998046875,728.84518046875,8.117098127092634,4.863325000000001,proxy
GKS_BESS_RN->HB_HOUSTON,2025-02,WDPEAK,304,2534.44288,2578.090087890625,43.64720789062494,8.480559499640213,8.336983157894737,proxy
GKS_BESS_RN->HB_HOUSTON,2025-02,WEPEAK,144,695.661312,504.42999267578125,-191.2313193242187,3.502986060248481,4.830981333333333,proxy
GKS_BESS_RN->HB_HOUSTON,2025-03,OFFPEAK,247,728.428935,1816.9000244140625,1088.4710894140626,7.355870544186488,2.9491050000000003,proxy
GKS_BESS_RN->HB_HOUSTON,2025-03,WDPEAK,336,1137.2833919999998,2605.830078125,1468.5466861250002,7.755446661086309,3.3847719999999994,proxy
GKS_BESS_RN->HB_HOUSTON,2025-03,WEPEAK,160,250.87424,850.1900024414062,599.3157624414063,5.313687515258789,1.567964,proxy
GKS_BESS_RN->HB_HOUSTON,2025-04,OFFPEAK,240,1182.3880800000002,3596.4599609375,2414.0718809375,14.985249837239584,4.926617000000001,proxy
GKS_BESS_RN->HB_HOUSTON,2025-04,WDPEAK,352,1855.764768,7121.47021484375,5265.70544684375,20.231449473987926,5.272059,proxy
GKS_BESS_RN->HB_HOUSTON,2025-04,WEPEAK,128,898.0208640000001,1839.6099853515625,941.5891213515624,14.371953010559082,7.015788000000001,proxy
GKS_BESS_RN->HB_HOUSTON,2025-05,OFFPEAK,248,1554.3620720000001,2465.669921875,911.3078498749999,9.942217426915322,6.267589,proxy
GKS_BESS_RN->HB_HOUSTON,2025-05,WDPEAK,336,2690.6043360000003,7085.330078125,4394.725742125,21.087291899181547,8.007751,proxy
GKS_BESS_RN->HB_HOUSTON,2025-05,WEPEAK,160,1063.36512,2318.469970703125,1255.104850703125,14.490437316894532,6.646032,proxy
GKS_BESS_RN->HB_HOUSTON,2025-06,OFFPEAK,240,1209.1932,771.8900146484375,-437.30318535156243,3.2162083943684894,5.038304999999999,proxy
GKS_BESS_RN->HB_HOUSTON,2025-06,WDPEAK,320,4201.8906719999995,4455.5400390625,253.64936706250046,13.923562622070312,13.130908349999999,proxy
GKS_BESS_RN->HB_HOUSTON,2025-06,WEPEAK,160,1147.547808,2411.669921875,1264.122113875,15.07293701171875,7.1721738,proxy
GKS_BESS_RN->HB_HOUSTON,2025-07,OFFPEAK,248,1109.070384,1169.3499755859375,60.279591585937396,4.7151208692981355,4.4720580000000005,proxy
GKS_BESS_RN->HB_HOUSTON,2025-07,WDPEAK,352,5155.593344,6439.60009765625,1284.00675365625,18.29431845925071,14.646571999999999,proxy
GKS_BESS_RN->HB_HOUSTON,2025-07,WEPEAK,144,2059.536096,2184.14990234375,124.61380634375018,15.16770765516493,14.302333999999998,proxy
GKS_BESS_RN->HB_HOUSTON,2025-08,OFFPEAK,248,1071.546744,540.8500366210938,-530.6967073789062,2.1808469218592488,4.320753,proxy
GKS_BESS_RN->HB_HOUSTON,2025-08,WDPEAK,336,5883.17016,4079.389892578125,-1803.7802674218747,12.141041346958705,17.509435,proxy
GKS_BESS_RN->HB_HOUSTON,2025-08,WEPEAK,160,2628.54896,990.5999755859375,-1637.9489844140626,6.191249847412109,16.428431,proxy
GKS_BESS_RN->HB_HOUSTON,2025-09,OFFPEAK,240,569.77008,-38.959999084472656,-608.7300790844727,-0.16233332951863608,2.374042,proxy
GKS_BESS_RN->HB_HOUSTON,2025-09,WDPEAK,336,3426.650976,1764.7099609375,-1661.9410150625,5.252112978980655,10.198366,proxy
GKS_BESS_RN->HB_HOUSTON,2025-09,WEPEAK,144,1413.40752,556.9900512695312,-856.4174687304687,3.8679864671495228,9.81533,proxy
GKS_BESS_RN->HB_HOUSTON,2025-10,OFFPEAK,248,512.458768,12.239997863769531,-500.21877013623043,0.04935483009584488,2.066366,proxy
GKS_BESS_RN->HB_HOUSTON,2025-10,WDPEAK,352,1281.799568,701.1500244140625,-580.6495435859374,1.9919034784490413,3.6414760454545454,proxy
GKS_BESS_RN->HB_HOUSTON,2025-10,WEPEAK,144,402.54016,-17.85000228881836,-420.3901622888184,-0.12395834922790527,2.795417777777778,proxy
GKS_BESS_RN->HB_HOUSTON,2025-11,OFFPEAK,240,545.08416,1317.050048828125,771.965888828125,5.487708536783854,2.271184,proxy
GKS_BESS_RN->HB_HOUSTON,2025-11,WDPEAK,288,1403.960768,1898.449951171875,494.4891831718751,6.591840108235677,4.874863777777778,proxy
GKS_BESS_RN->HB_HOUSTON,2025-11,WEPEAK,192,323.900368,650.8999633789062,326.99959537890624,3.3901039759318032,1.6869810833333334,proxy
GKS_BESS_RN->HB_HOUSTON,2025-12,OFFPEAK,248,833.503696,693.1499633789062,-140.35373262109374,2.7949595297536542,3.360902,proxy
GKS_BESS_RN->HB_HOUSTON,2025-12,WDPEAK,352,1336.5946880000001,-685.7099609375,-2022.3046489375001,-1.9480396617542615,3.7971440000000003,proxy
GKS_BESS_RN->HB_HOUSTON,2025-12,WEPEAK,144,441.21556799999996,305.19000244140625,-136.0255655585937,2.1193750169542103,3.0639969999999996,proxy
GKS_BESS_RN->HB_HOUSTON,2026-01,OFFPEAK,248,1312.431872,7458.5498046875,6146.1179326875,30.074797599546372,5.292064000000001,proxy
GKS_BESS_RN->HB_HOUSTON,2026-01,WDPEAK,320,1949.748528,2495.969970703125,546.2214427031249,7.799906158447266,6.09296415,proxy
GKS_BESS_RN->HB_HOUSTON,2026-01,WEPEAK,176,983.4384,7711.4599609375,6728.0215609375,43.81511341441762,5.587718181818182,proxy
GKS_BESS_RN->HB_HOUSTON,2026-02,OFFPEAK,224,1202.846848,1192.989990234375,-9.856857765624909,5.3258481706891745,5.369852,proxy
GKS_BESS_RN->HB_HOUSTON,2026-02,WDPEAK,304,1982.2928,1353.3199462890625,-628.9728537109374,4.451710349635074,6.5207,proxy
GKS_BESS_RN->HB_HOUSTON,2026-02,WEPEAK,144,802.498432,507.9499816894531,-294.54845031054685,3.52743042839898,5.572905777777778,proxy
GKS_BESS_RN->HB_HOUSTON,2026-03,OFFPEAK,247,1825.036317,1726.52001953125,-98.51629746875005,6.989959593243927,7.3888110000000005,proxy
GKS_BESS_RN->HB_HOUSTON,2026-03,WDPEAK,352,2309.707136,5021.68994140625,2711.98280540625,14.266164606267756,6.561668,proxy
GKS_BESS_RN->HB_HOUSTON,2026-03,WEPEAK,144,927.459936,1049.8699951171875,122.41005911718753,7.290763854980469,6.440694,proxy
GKS_BESS_RN->HB_HOUSTON,2026-04,OFFPEAK,240,1381.8280800000002,1312.3800048828125,-69.44807511718773,5.468250020345052,5.757617000000001,proxy
GKS_BESS_RN->HB_HOUSTON,2026-04,WDPEAK,352,2401.8628479999998,2095.83984375,-306.02300424999976,5.954090465198863,6.823473999999999,proxy
GKS_BESS_RN->HB_HOUSTON,2026-04,WEPEAK,128,709.933696,-702.27001953125,-1412.20371553125,-5.486484527587891,5.546357,proxy
GKS_BESS_RN->HB_HOUSTON,2026-05,OFFPEAK,248,1582.568352,716.5900268554688,-865.9783251445313,2.8894759147397933,6.381324,proxy
GKS_BESS_RN->HB_HOUSTON,2026-05,WDPEAK,320,3451.40192,1033.8800048828125,-2417.5219151171873,3.230875015258789,10.785630999999999,proxy
GKS_BESS_RN->HB_HOUSTON,2026-05,WEPEAK,176,1489.0084,159.239990234375,-1329.768409765625,0.9047726717862216,8.460275,proxy
GKS_BESS_RN->HB_HOUSTON,2026-06,OFFPEAK,240,876.2908800000001,267.83001708984375,-608.4608629101564,1.1159584045410156,3.6512120000000006,real
GKS_BESS_RN->HB_HOUSTON,2026-06,WDPEAK,336,2371.790784,1822.93994140625,-548.8508425937498,5.425416492280506,7.058901142857143,real
GKS_BESS_RN->HB_HOUSTON,2026-06,WEPEAK,144,594.620416,901.4400024414062,306.8195864414063,6.26000001695421,4.129308444444444,real
GKS_BESS_RN->HB_HOUSTON,2026-07,OFFPEAK,248,734.9894159999999,695.8800048828125,-39.10941111718739,2.805967761624244,2.9636669999999996,real
GKS_BESS_RN->HB_HOUSTON,2026-07,WDPEAK,352,2903.187696,3788.889892578125,885.702196578125,10.763891740278764,8.247692318181818,real
GKS_BESS_RN->HB_HOUSTON,2026-07,WEPEAK,144,875.271168,845.8300170898438,-29.44115091015624,5.873819563123915,6.078272,real
GKS_BESS_RN->HB_HOUSTON,2026-08,OFFPEAK,248,599.12212,69.22001647949219,-529.9021035205078,0.27911296967537175,2.415815,real
GKS_BESS_RN->HB_HOUSTON,2026-08,WDPEAK,336,2558.48208,3813.330078125,1254.8479981249998,11.34919666108631,7.61453,real
GKS_BESS_RN->HB_HOUSTON,2026-08,WEPEAK,160,1061.43568,445.8299865722656,-615.6056934277344,2.78643741607666,6.633973,real
GKS_BESS_RN->HB_HOUSTON,2026-09,OFFPEAK,104,304.12968,30.67998504638672,-273.4496949536133,0.29499985621525693,2.9243238461538463,real
GKS_BESS_RN->HB_HOUSTON,2026-09,WDPEAK,128,2679.324144,485.96002197265625,-2193.364122027344,3.796562671661377,20.932219875,real
GKS_BESS_RN->HB_HOUSTON,2026-09,WEPEAK,80,792.571248,-181.44998168945312,-974.0212296894531,-2.2681247711181642,9.9071406,real
GKS_BESS_RN->RVN_RN,2026-09,OFFPEAK,104,366.3456,31.729984283447266,-334.6156157165527,0.30509600272545445,3.522553846153846,real
GKS_BESS_RN->RVN_RN,2026-09,WDPEAK,128,2110.551072,406.2900390625,-1704.2610329375002,3.1741409301757812,16.48868025,real
GKS_BESS_RN->RVN_RN,2026-09,WEPEAK,80,706.366368,-253.52999877929688,-959.8963667792968,-3.169124984741211,8.829579599999999,real
HB_SOUTH->HB_HOUSTON,2024-08,OFFPEAK,248,-223.2,-245.52000427246094,-22.32000427246095,-0.9900000172276651,-0.8999999999999999,proxy
HB_SOUTH->HB_HOUSTON,2024-08,WDPEAK,352,1575.424576,116.65999603271484,-1458.764579967285,0.33142044327475806,4.475638,proxy
HB_SOUTH->HB_HOUSTON,2024-08,WEPEAK,144,590.49576,-89.07002258300781,-679.5657825830078,-0.6185418234931098,4.100665,proxy
HB_SOUTH->HB_HOUSTON,2024-09,OFFPEAK,240,-213.23976,-89.14999389648438,124.08976610351561,-0.3714583079020182,-0.8884989999999999,proxy
HB_SOUTH->HB_HOUSTON,2024-09,WDPEAK,320,704.32192,-237.46002197265625,-941.7819419726562,-0.7420625686645508,2.201006,proxy
HB_SOUTH->HB_HOUSTON,2024-09,WEPEAK,160,280.0,50.80000686645508,-229.19999313354492,0.3175000429153442,1.75,proxy
HB_SOUTH->HB_HOUSTON,2024-10,OFFPEAK,248,-139.961776,-329.8500061035156,-189.88823010351564,-1.3300403471915954,-0.5643619999999999,proxy
HB_SOUTH->HB_HOUSTON,2024-10,WDPEAK,352,489.40724800000004,-716.030029296875,-1205.437277296875,-2.034176219593395,1.3903615,proxy
HB_SOUTH->HB_HOUSTON,2024-10,WEPEAK,144,52.748544,-296.94000244140625,-349.68854644140623,-2.0620833502875433,0.3663093333333334,proxy
HB_SOUTH->HB_HOUSTON,2024-11,OFFPEAK,240,-256.759954,-139.9300079345703,116.82994606542968,-0.5830416997273763,-1.0698331416666667,proxy
HB_SOUTH->HB_HOUSTON,2024-11,WDPEAK,304,-160.59776,-557.3299560546875,-396.7321960546875,-1.8333222238641036,-0.5282821052631579,proxy
HB_SOUTH->HB_HOUSTON,2024-11,WEPEAK,176,-99.19999999999999,77.16999816894531,176.3699981689453,0.43846589868718927,-0.5636363636363636,proxy
HB_SOUTH->HB_HOUSTON,2024-12,OFFPEAK,248,-278.246576,50.0999870300293,328.3465630300293,0.2020160767339891,-1.1219620000000001,proxy
HB_SOUTH->HB_HOUSTON,2024-12,WDPEAK,336,-139.53441599999996,720.7699584960938,860.3043744960937,2.145148686000279,-0.4152809999999999,proxy
HB_SOUTH->HB_HOUSTON,2024-12,WEPEAK,160,-16.53888,133.09999084472656,149.63887084472657,0.831874942779541,-0.10336799999999999,proxy
HB_SOUTH->HB_HOUSTON,2025-01,OFFPEAK,248,-51.245727999999986,108.14999389648438,159.39572189648436,0.43608868506646925,-0.20663599999999993,proxy
HB_SOUTH->HB_HOUSTON,2025-01,WDPEAK,336,465.304576,432.8699951171875,-32.4345808828125,1.2883035568963914,1.3848350476190476,proxy
HB_SOUTH->HB_HOUSTON,2025-01,WEPEAK,160,127.41912,154.4199981689453,27.000878168945306,0.9651249885559082,0.7963695000000001,proxy
HB_SOUTH->HB_HOUSTON,2025-02,OFFPEAK,224,11.40428799999998,291.3700256347656,279.9657376347657,1.3007590430123466,0.05091199999999991,proxy
HB_SOUTH->HB_HOUSTON,2025-02,WDPEAK,304,406.92416,995.4900512695312,588.5658912695312,3.2746383265445105,1.3385663157894736,proxy
HB_SOUTH->HB_HOUSTON,2025-02,WEPEAK,144,76.073344,151.76998901367188,75.69664501367187,1.053958257039388,0.5282871111111112,proxy
HB_SOUTH->HB_HOUSTON,2025-03,OFFPEAK,247,-61.735180000000014,174.1500244140625,235.8852044140625,0.7050608275872976,-0.24994000000000005,proxy
HB_SOUTH->HB_HOUSTON,2025-03,WDPEAK,336,552.900768,1650.1800537109375,1097.2792857109375,4.911250159853981,1.645538,proxy
HB_SOUTH->HB_HOUSTON,2025-03,WEPEAK,160,97.00352,461.79998779296875,364.79646779296877,2.8862499237060546,0.6062719999999999,proxy
HB_SOUTH->HB_HOUSTON,2025-04,OFFPEAK,240,-7.241759999999999,488.2799987792969,495.5217587792969,2.034499994913737,-0.030173999999999996,proxy
HB_SOUTH->HB_HOUSTON,2025-04,WDPEAK,352,1084.452512,3419.14013671875,2334.68762471875,9.71346629749645,3.0808310000000003,proxy
HB_SOUTH->HB_HOUSTON,2025-04,WEPEAK,128,295.40416000000005,880.4700317382812,585.0658717382812,6.878672122955322,2.3078450000000004,proxy
HB_SOUTH->HB_HOUSTON,2025-05,OFFPEAK,248,135.93252,174.9199676513672,38.98744765136718,0.7053224502071258,0.548115,proxy
HB_SOUTH->HB_HOUSTON,2025-05,WDPEAK,336,1266.892368,3714.5,2447.607632,11.055059523809524,3.7705130000000002,proxy
HB_SOUTH->HB_HOUSTON,2025-05,WEPEAK,160,526.61072,1450.8399658203125,924.2292458203125,9.067749786376954,3.2913170000000003,proxy
HB_SOUTH->HB_HOUSTON,2025-06,OFFPEAK,240,-16.188239999999993,30.129993438720703,46.318233438720696,0.12554163932800294,-0.06745099999999997,proxy
HB_SOUTH->HB_HOUSTON,2025-06,WDPEAK,320,2257.92,2312.169921875,54.24992187499993,7.225531005859375,7.056,proxy
HB_SOUTH->HB_HOUSTON,2025-06,WEPEAK,160,669.760704,1318.7099609375,648.9492569375,8.241937255859375,4.1860044,proxy
HB_SOUTH->HB_HOUSTON,2025-07,OFFPEAK,248,17.767464,50.409996032714844,32.64253203271484,0.2032661130351405,0.071643,proxy
HB_SOUTH->HB_HOUSTON,2025-07,WDPEAK,352,2411.873376,2137.369873046875,-274.503502953125,6.072073502974077,6.851913,proxy
HB_SOUTH->HB_HOUSTON,2025-07,WEPEAK,144,933.70896,632.9099731445312,-300.7989868554688,4.395208146837023,6.48409,proxy
HB_SOUTH->HB_HOUSTON,2025-08,OFFPEAK,248,108.075672,-43.479984283447266,-151.55565628344726,-0.17532251727196477,0.435789,proxy
HB_SOUTH->HB_HOUSTON,2025-08,WDPEAK,336,2652.7821599999997,-514.1900634765625,-3166.9722234765622,-1.5303275698707217,7.895185,proxy
HB_SOUTH->HB_HOUSTON,2025-08,WEPEAK,160,1157.8768,-228.16001892089844,-1386.0368189208984,-1.4260001182556152,7.23673,proxy
HB_SOUTH->HB_HOUSTON,2025-09,OFFPEAK,240,-58.76519999999999,-127.14998626708984,-68.38478626708985,-0.5297916094462077,-0.24485499999999996,proxy
HB_SOUTH->HB_HOUSTON,2025-09,WDPEAK,336,1142.886528,239.80996704101562,-903.0765609589844,0.7137201400030226,3.401448,proxy
HB_SOUTH->HB_HOUSTON,2025-09,WEPEAK,144,492.48,52.06999969482422,-440.4100003051758,0.361597220102946,3.42,proxy
HB_SOUTH->HB_HOUSTON,2025-10,OFFPEAK,248,-153.390232,-307.02001953125,-153.62978753125,-1.2379839497227823,-0.618509,proxy
HB_SOUTH->HB_HOUSTON,2025-10,WDPEAK,352,86.89473599999997,-430.76995849609375,-517.6646944960937,-1.2237782911820845,0.24686004545454535,proxy
HB_SOUTH->HB_HOUSTON,2025-10,WEPEAK,144,-6.400000000000006,-319.52001953125,-313.12001953125,-2.2188890245225696,-0.04444444444444448,proxy
HB_SOUTH->HB_HOUSTON,2025-11,OFFPEAK,240,-235.66908,-141.62001037597656,94.04906962402345,-0.5900833765665691,-0.9819545000000001,proxy
HB_SOUTH->HB_HOUSTON,2025-11,WDPEAK,288,-3.0400000000000773,-922.7799682617188,-919.7399682617187,-3.204097112019857,-0.010555555555555825,proxy
HB_SOUTH->HB_HOUSTON,2025-11,WEPEAK,192,-219.67774400000002,-382.1000061035156,-162.4222621035156,-1.9901041984558105,-1.1441549166666667,proxy
HB_SOUTH->HB_HOUSTON,2025-12,OFFPEAK,248,-217.980592,-1078.4100341796875,-860.4294421796875,-4.3484275571761595,-0.878954,proxy
HB_SOUTH->HB_HOUSTON,2025-12,WDPEAK,352,-59.59817600000008,-2314.889892578125,-2255.291716578125,-6.576391740278765,-0.16931300000000024,proxy
HB_SOUTH->HB_HOUSTON,2025-12,WEPEAK,144,-83.90808000000001,-292.29998779296875,-208.39190779296874,-2.0298610263400607,-0.5826950000000001,proxy
HB_SOUTH->HB_HOUSTON,2026-01,OFFPEAK,248,-538.096512,-346.4199523925781,191.67655960742184,-1.3968546467442666,-2.1697439999999997,proxy
HB_SOUTH->HB_HOUSTON,2026-01,WDPEAK,320,-606.915456,-438.7599182128906,168.15553778710932,-1.3711247444152832,-1.8966108,proxy
HB_SOUTH->HB_HOUSTON,2026-01,WEPEAK,176,-82.92111999999997,509.5000915527344,592.4212115527343,2.8948868838223545,-0.4711427272727271,proxy
HB_SOUTH->HB_HOUSTON,2026-02,OFFPEAK,224,-82.11056000000002,254.3099822998047,336.4205422998047,1.1353124209812708,-0.3665650000000001,proxy
HB_SOUTH->HB_HOUSTON,2026-02,WDPEAK,304,68.89567999999997,900.239990234375,831.344310234375,2.961315757349918,0.22663052631578937,proxy
HB_SOUTH->HB_HOUSTON,2026-02,WEPEAK,144,67.52844800000003,273.7200012207031,206.1915532207031,1.9008333418104384,0.46894755555555573,proxy
HB_SOUTH->HB_HOUSTON,2026-03,OFFPEAK,247,108.96281499999999,193.97000122070312,85.00718622070313,0.7853036486668142,0.44114499999999995,proxy
HB_SOUTH->HB_HOUSTON,2026-03,WDPEAK,352,463.788864,2068.669921875,1604.881057875,5.876903187144887,1.317582,proxy
HB_SOUTH->HB_HOUSTON,2026-03,WEPEAK,144,222.573456,477.4100036621094,254.83654766210938,3.3153472476535373,1.545649,proxy
HB_SOUTH->HB_HOUSTON,2026-04,OFFPEAK,240,86.16408000000001,18.33997917175293,-67.82410082824708,0.07641657988230387,0.35901700000000003,proxy
HB_SOUTH->HB_HOUSTON,2026-04,WDPEAK,352,997.8756480000001,-128.97006225585938,-1126.8457102558596,-0.3663922223177823,2.834874,proxy
HB_SOUTH->HB_HOUSTON,2026-04,WEPEAK,128,218.711936,-727.8099975585938,-946.5219335585938,-5.686015605926514,1.708687,proxy
HB_SOUTH->HB_HOUSTON,2026-05,OFFPEAK,248,64.66550400000006,-17.829967498779297,-82.49547149877935,-0.0718950302370133,0.2607480000000002,proxy
HB_SOUTH->HB_HOUSTON,2026-05,WDPEAK,320,991.12608,381.2699890136719,-609.8560909863281,1.1914687156677246,3.097269,proxy
HB_SOUTH->HB_HOUSTON,2026-05,WEPEAK,176,383.68000000000006,132.08999633789062,-251.59000366210944,0.750511342828924,2.18,proxy
HB_SOUTH->HB_HOUSTON,2026-06,OFFPEAK,240,-98.09447999999998,-39.009986877441406,59.08449312255857,-0.1625416119893392,-0.4087269999999999,real
HB_SOUTH->HB_HOUSTON,2026-06,WDPEAK,336,545.4743359999998,1269.3199462890625,723.8456102890627,3.7777379353841147,1.623435523809523,real
HB_SOUTH->HB_HOUSTON,2026-06,WEPEAK,144,155.17977599999995,601.6199951171875,446.44021911718755,4.177916632758246,1.077637333333333,real
HB_SOUTH->HB_HOUSTON,2026-07,OFFPEAK,248,-82.5720960000001,30.96001434326172,113.53211034326182,0.1248387675131521,-0.3329520000000004,real
HB_SOUTH->HB_HOUSTON,2026-07,WDPEAK,352,947.6511519999999,2183.06005859375,1235.40890659375,6.201875166459517,2.6921907727272725,real
HB_SOUTH->HB_HOUSTON,2026-07,WEPEAK,144,249.60000000000002,422.1400146484375,172.54001464843748,2.9315278795030384,1.7333333333333334,real
HB_SOUTH->HB_HOUSTON,2026-08,OFFPEAK,248,-57.504504000000004,-85.43998718261719,-27.935483182617183,-0.3445160773492629,-0.23187300000000002,real
HB_SOUTH->HB_HOUSTON,2026-08,WDPEAK,336,781.0004160000001,2339.659912109375,1558.659496109375,6.963273547944569,2.324406,real
HB_SOUTH->HB_HOUSTON,2026-08,WEPEAK,160,248.0,163.9399871826172,-84.06001281738281,1.0246249198913575,1.55,real
HB_SOUTH->HB_HOUSTON,2026-09,OFFPEAK,104,-87.4752,-9.16999626159668,78.30520373840332,-0.08817304097689115,-0.8411076923076923,real
HB_SOUTH->HB_HOUSTON,2026-09,WDPEAK,128,1381.734144,122.84001159667969,-1258.8941324033203,0.9596875905990601,10.794798,real
HB_SOUTH->HB_HOUSTON,2026-09,WEPEAK,80,299.73700799999995,223.2200164794922,-76.51699152050776,2.7902502059936523,3.7467125999999995,real
GKS_BESS_RN->HB_SOUTH,2024-09,OFFPEAK,240,134.9016,232.89999389648438,97.99839389648437,0.9704166412353515,0.56209,proxy
GKS_BESS_RN->HB_SOUTH,2024-09,WDPEAK,320,817.22912,-202.87998962402344,-1020.1091096240234,-0.6339999675750733,2.553841,proxy
GKS_BESS_RN->HB_SOUTH,2024-09,WEPEAK,160,470.83632,178.54000854492188,-292.2963114550781,1.1158750534057618,2.942727,proxy
GKS_BESS_RN->HB_SOUTH,2024-10,OFFPEAK,248,686.816408,98.55999755859375,-588.2564104414063,0.3974193449943296,2.769421,proxy
GKS_BESS_RN->HB_SOUTH,2024-10,WDPEAK,352,978.948448,-205.01998901367188,-1183.968437013672,-0.5824431506070223,2.7811035454545454,proxy
GKS_BESS_RN->HB_SOUTH,2024-10,WEPEAK,144,294.07168,-54.22001266479492,-348.29169266479494,-0.3765278657277425,2.0421644444444444,proxy
GKS_BESS_RN->HB_SOUTH,2024-11,OFFPEAK,240,475.867273,932.2200317382812,456.35275873828124,3.8842501322428387,1.9827803041666667,proxy
GKS_BESS_RN->HB_SOUTH,2024-11,WDPEAK,304,423.40096000000005,111.38999938964844,-312.0109606103516,0.3664144716764751,1.3927663157894739,proxy
GKS_BESS_RN->HB_SOUTH,2024-11,WEPEAK,176,373.4744,1109.5400390625,736.0656390624999,6.304204767400568,2.1220136363636364,proxy
GKS_BESS_RN->HB_SOUTH,2024-12,OFFPEAK,248,724.72172,711.219970703125,-13.501749296875005,2.867822462512601,2.922265,proxy
GKS_BESS_RN->HB_SOUTH,2024-12,WDPEAK,336,416.193792,1028.6500244140625,612.4562324140625,3.061458405994234,1.238672,proxy
GKS_BESS_RN->HB_SOUTH,2024-12,WEPEAK,160,322.48416000000003,-9.090002059936523,-331.57416205993655,-0.056812512874603274,2.0155260000000004,proxy
GKS_BESS_RN->HB_SOUTH,2025-01,OFFPEAK,248,1141.6218720000002,1649.1199951171875,507.49812311718733,6.6496773996660785,4.603314000000001,proxy
GKS_BESS_RN->HB_SOUTH,2025-01,WDPEAK,336,2147.2176,1500.3599853515625,-646.8576146484374,4.465357099260602,6.390528571428571,proxy
GKS_BESS_RN->HB_SOUTH,2025-01,WEPEAK,160,673.5520799999999,947.47998046875,273.92790046875007,5.921749877929687,4.209700499999999,proxy
GKS_BESS_RN->HB_SOUTH,2025-02,OFFPEAK,224,1077.980512,1526.8599853515625,448.8794733515624,6.816339220319476,4.812413,proxy
GKS_BESS_RN->HB_SOUTH,2025-02,WDPEAK,304,2127.51872,1582.5999755859375,-544.9187444140625,5.205920972322163,6.9984168421052635,proxy
GKS_BESS_RN->HB_SOUTH,2025-02,WEPEAK,144,619.587968,352.6600036621094,-266.92796433789067,2.449027803209093,4.302694222222223,proxy
GKS_BESS_RN->HB_SOUTH,2025-03,OFFPEAK,247,790.164115,1642.75,852.585885,6.65080971659919,3.1990450000000004,proxy
GKS_BESS_RN->HB_SOUTH,2025-03,WDPEAK,336,584.382624,955.6499633789062,371.2673393789063,2.844196319580078,1.739234,proxy
GKS_BESS_RN->HB_SOUTH,2025-03,WEPEAK,160,153.87072,388.3900146484375,234.5192946484375,2.427437591552734,0.961692,proxy
GKS_BESS_RN->HB_SOUTH,2025-04,OFFPEAK,240,1189.62984,3108.179931640625,1918.550091640625,12.950749715169271,4.956791,proxy
GKS_BESS_RN->HB_SOUTH,2025-04,WDPEAK,352,771.3122559999999,3702.330078125,2931.017822125,10.517983176491477,2.1912279999999997,proxy
GKS_BESS_RN->HB_SOUTH,2025-04,WEPEAK,128,602.616704,959.1400146484375,356.5233106484375,7.493281364440918,4.707943,proxy
GKS_BESS_RN->HB_SOUTH,2025-05,OFFPEAK,248,1418.429552,2290.75,872.3204479999999,9.236895161290322,5.719474,proxy
GKS_BESS_RN->HB_SOUTH,2025-05,WDPEAK,336,1423.711968,3370.830078125,1947.118110125,10.032232375372024,4.2372380000000005,proxy
GKS_BESS_RN->HB_SOUTH,2025-05,WEPEAK,160,536.7544,867.6300048828125,330.87560488281247,5.422687530517578,3.354715,proxy
GKS_BESS_RN->HB_SOUTH,2025-06,OFFPEAK,240,1225.38144,741.760009765625,-483.6214302343751,3.0906667073567706,5.105756,proxy
GKS_BESS_RN->HB_SOUTH,2025-06,WDPEAK,320,1943.970672,2143.369873046875,199.39920104687508,6.698030853271485,6.074908349999999,proxy
GKS_BESS_RN->HB_SOUTH,2025-06,WEPEAK,160,477.787104,1092.9599609375,615.1728569375,6.830999755859375,2.9861694,proxy
GKS_BESS_RN->HB_SOUTH,2025-07,OFFPEAK,248,1091.30292,1118.9400634765625,27.637143476562414,4.5118550946635585,4.400415000000001,proxy
GKS_BESS_RN->HB_SOUTH,2025-07,WDPEAK,352,2743.719968,4302.22998046875,1558.5100124687501,12.222244262695312,7.794658999999999,proxy
GKS_BESS_RN->HB_SOUTH,2025-07,WEPEAK,144,1125.8271359999999,1551.239990234375,425.4128542343751,10.772499932183159,7.818243999999999,proxy
GKS_BESS_RN->HB_SOUTH,2025-08,OFFPEAK,248,963.4710719999999,584.3300170898438,-379.1410549101562,2.3561694237493698,3.8849639999999996,proxy
GKS_BESS_RN->HB_SOUTH,2025-08,WDPEAK,336,3230.388,4593.580078125,1363.192078125,13.671369280133929,9.61425,proxy
GKS_BESS_RN->HB_SOUTH,2025-08,WEPEAK,160,1470.67216,1218.760009765625,-251.91215023437508,7.617250061035156,9.191701,proxy
GKS_BESS_RN->HB_SOUTH,2025-09,OFFPEAK,240,628.5352800000001,88.18998718261719,-540.3452928173829,0.36745827992757163,2.618897,proxy
GKS_BESS_RN->HB_SOUTH,2025-09,WDPEAK,336,2283.764448,1524.9000244140625,-758.8644235859374,4.5383929298037575,6.796918,proxy
GKS_BESS_RN->HB_SOUTH,2025-09,WEPEAK,144,920.92752,504.9200439453125,-416.00747605468746,3.50638919406467,6.3953299999999995,proxy
GKS_BESS_RN->HB_SOUTH,2025-10,OFFPEAK,248,665.849,319.260009765625,-346.58899023437505,1.2873387490549395,2.6848750000000003,proxy
GKS_BESS_RN->HB_SOUTH,2025-10,WDPEAK,352,1194.9048320000002,1131.919921875,-62.98491012500017,3.2156815962357954,3.3946160000000005,proxy
GKS_BESS_RN->HB_SOUTH,2025-10,WEPEAK,144,408.94016,301.6700439453125,-107.27011605468749,2.0949308607313366,2.839862222222222,proxy
GKS_BESS_RN->HB_SOUTH,2025-11,OFFPEAK,240,780.75324,1458.6700439453125,677.9168039453125,6.077791849772136,3.2531385,proxy
GKS_BESS_RN->HB_SOUTH,2025-11,WDPEAK,288,1407.0007679999999,2821.22998046875,1414.2292124687501,9.795937432183159,4.885419333333333,proxy
GKS_BESS_RN->HB_SOUTH,2025-11,WEPEAK,192,543.578112,1033.0,489.42188799999997,5.380208333333333,2.8311360000000003,proxy
GKS_BESS_RN->HB_SOUTH,2025-12,OFFPEAK,248,1051.484288,1771.5599365234375,720.0756485234374,7.1433868408203125,4.2398560000000005,proxy
GKS_BESS_RN->HB_SOUTH,2025-12,WDPEAK,352,1396.192864,1629.179931640625,232.9870676406249,4.628352078524503,3.966457,proxy
GKS_BESS_RN->HB_SOUTH,2025-12,WEPEAK,144,525.123648,597.489990234375,72.366342234375,4.1492360432942705,3.646692,proxy
GKS_BESS_RN->HB_SOUTH,2026-01,OFFPEAK,248,1850.528384,7804.97021484375,5954.44183084375,31.471654092111894,7.4618079999999996,proxy
GKS_BESS_RN->HB_SOUTH,2026-01,WDPEAK,320,2556.663984,2934.729736328125,378.0657523281252,9.171030426025391,7.98957495,proxy
GKS_BESS_RN->HB_SOUTH,2026-01,WEPEAK,176,1066.35952,7201.9599609375,6135.6004409375,40.92022705078125,6.058860909090909,proxy
GKS_BESS_RN->HB_SOUTH,2026-02,OFFPEAK,224,1284.957408,938.6799926757812,-346.27741532421874,4.190535681588309,5.736417,proxy
GKS_BESS_RN->HB_SOUTH,2026-02,WDPEAK,304,1913.39712,453.08001708984375,-1460.3171029101563,1.4903947930586965,6.29406947368421,proxy
GKS_BESS_RN->HB_SOUTH,2026-02,WEPEAK,144,734.969984,234.22999572753906,-500.7399882724609,1.6265971925523546,5.1039582222222215,proxy
GKS_BESS_RN->HB_SOUTH,2026-03,OFFPEAK,247,1716.0735020000002,1532.5499267578125,-183.5235752421877,6.204655573918269,6.947666000000001,proxy
GKS_BESS_RN->HB_SOUTH,2026-03,WDPEAK,352,1845.918272,2953.02001953125,1107.10174753125,8.38926141912287,5.244085999999999,proxy
GKS_BESS_RN->HB_SOUTH,2026-03,WEPEAK,144,704.88648,572.4600219726562,-132.42645802734376,3.975416819254557,4.895045,proxy
GKS_BESS_RN->HB_SOUTH,2026-04,OFFPEAK,240,1295.6640000000002,1294.0400390625,-1.6239609375002146,5.39183349609375,5.398600000000001,proxy
GKS_BESS_RN->HB_SOUTH,2026-04,WDPEAK,352,1403.9872,2224.81005859375,820.82285859375,6.320483121004972,3.9886,proxy
GKS_BESS_RN->HB_SOUTH,2026-04,WEPEAK,128,491.22176,25.53999900817871,-465.6817609918213,0.19953124225139618,3.83767,proxy
GKS_BESS_RN->HB_SOUTH,2026-05,OFFPEAK,248,1517.902848,734.4199829101562,-783.4828650898437,2.9613708988312752,6.120576,proxy
GKS_BESS_RN->HB_SOUTH,2026-05,WDPEAK,320,2460.27584,652.6099853515625,-1807.6658546484373,2.0394062042236327,7.688362,proxy
GKS_BESS_RN->HB_SOUTH,2026-05,WEPEAK,176,1105.3283999999999,27.149993896484375,-1078.1784061035155,0.15426132895729758,6.280275,proxy
GKS_BESS_RN->HB_SOUTH,2026-06,OFFPEAK,240,974.3853600000001,306.8399963378906,-667.5453636621095,1.2784999847412108,4.059939000000001,real
GKS_BESS_RN->HB_SOUTH,2026-06,WDPEAK,336,1826.316448,553.6199951171875,-1272.6964528828125,1.6476785568963914,5.435465619047619,real
GKS_BESS_RN->HB_SOUTH,2026-06,WEPEAK,144,439.44064,299.82000732421875,-139.62063267578122,2.0820833841959634,3.051671111111111,real
GKS_BESS_RN->HB_SOUTH,2026-07,OFFPEAK,248,817.561512,664.9199829101562,-152.64152908984374,2.6811289633474042,3.296619,real
GKS_BESS_RN->HB_SOUTH,2026-07,WDPEAK,352,1955.536544,1605.8299560546875,-349.70658794531255,4.562016920609907,5.555501545454546,real
GKS_BESS_RN->HB_SOUTH,2026-07,WEPEAK,144,625.671168,423.69000244140625,-201.98116555859372,2.942291683620877,4.344938666666667,real
GKS_BESS_RN->HB_SOUTH,2026-08,OFFPEAK,248,656.626624,154.66000366210938,-501.9666203378906,0.6236290470246346,2.647688,real
GKS_BESS_RN->HB_SOUTH,2026-08,WDPEAK,336,1777.481664,1473.6700439453125,-303.8116200546874,4.385922749837239,5.290124,real
GKS_BESS_RN->HB_SOUTH,2026-08,WEPEAK,160,813.43568,281.8899841308594,-531.5456958691407,1.761812400817871,5.083973,real
GKS_BESS_RN->HB_SOUTH,2026-09,OFFPEAK,104,391.60488,39.84998321533203,-351.75489678466795,0.38317291553203875,3.7654315384615384,real
GKS_BESS_RN->HB_SOUTH,2026-09,WDPEAK,128,1297.5900000000001,363.1200256347656,-934.4699743652345,2.8368752002716064,10.137421875000001,real
GKS_BESS_RN->HB_SOUTH,2026-09,WEPEAK,80,492.83424,-404.6700134277344,-897.5042534277344,-5.0583751678466795,6.1604280000000005,real
HB_BUSAVG->HB_HOUSTON,2024-08,OFFPEAK,248,-12.065199999999999,6.519983291625977,18.585183291625974,0.02629025520816926,-0.04865,proxy
HB_BUSAVG->HB_HOUSTON,2024-08,WDPEAK,352,845.974976,-1.7599992752075195,-847.7349752752075,-0.004999997940930453,2.4033379999999998,proxy
HB_BUSAVG->HB_HOUSTON,2024-08,WEPEAK,144,294.450912,-21.110027313232422,-315.56093931323244,-0.14659741189744738,2.044798,proxy
HB_BUSAVG->HB_HOUSTON,2024-09,OFFPEAK,240,-11.302319999999995,-85.3800048828125,-74.0776848828125,-0.3557500203450521,-0.047092999999999975,proxy
HB_BUSAVG->HB_HOUSTON,2024-09,WDPEAK,320,514.1942399999999,-35.50999450683594,-549.7042345068359,-0.1109687328338623,1.6068569999999998,proxy
HB_BUSAVG->HB_HOUSTON,2024-09,WEPEAK,160,194.18176,20.620004653930664,-173.56175534606933,0.12887502908706666,1.213636,proxy
HB_BUSAVG->HB_HOUSTON,2024-10,OFFPEAK,248,-57.891136,465.7300109863281,523.6211469863281,1.8779435926868069,-0.233432,proxy
HB_BUSAVG->HB_HOUSTON,2024-10,WDPEAK,352,836.5828640000001,-75.69998931884766,-912.2828533188477,-0.21505678783763538,2.3766558636363637,proxy
HB_BUSAVG->HB_HOUSTON,2024-10,WEPEAK,144,187.348096,-114.47998809814453,-301.82808409814453,-0.794999917348226,1.3010284444444444,proxy
HB_BUSAVG->HB_HOUSTON,2024-11,OFFPEAK,240,-107.15390199999999,-28.680009841918945,78.47389215808104,-0.1195000410079956,-0.44647459166666664,proxy
HB_BUSAVG->HB_HOUSTON,2024-11,WDPEAK,304,293.56864,-181.57997131347656,-475.1486113134766,-0.5973025372153834,0.9656863157894737,proxy
HB_BUSAVG->HB_HOUSTON,2024-11,WEPEAK,176,73.30448000000001,-13.280012130737305,-86.58449213073732,-0.07545461437918922,0.41650272727272736,proxy
HB_BUSAVG->HB_HOUSTON,2024-12,OFFPEAK,248,28.654168,-113.23001098632812,-141.88417898632812,-0.4565726249448715,0.11554099999999999,proxy
HB_BUSAVG->HB_HOUSTON,2024-12,WDPEAK,336,167.822592,-52.11002731323242,-219.9326193132324,-0.15508936700366793,0.49947199999999997,proxy
HB_BUSAVG->HB_HOUSTON,2024-12,WEPEAK,160,73.50352000000001,-49.600006103515625,-123.10352610351563,-0.31000003814697263,0.45939700000000006,proxy
HB_BUSAVG->HB_HOUSTON,2025-01,OFFPEAK,248,-181.112664,-252.29002380371094,-71.17735980371094,-1.0172984830794796,-0.730293,proxy
HB_BUSAVG->HB_HOUSTON,2025-01,WDPEAK,336,-269.552448,-444.5500183105469,-174.99757031054685,-1.3230655306861514,-0.8022394285714286,proxy
HB_BUSAVG->HB_HOUSTON,2025-01,WEPEAK,160,-87.99854400000001,-88.23001861572266,-0.2314746157226466,-0.5514376163482666,-0.5499909000000001,proxy
HB_BUSAVG->HB_HOUSTON,2025-02,OFFPEAK,224,-217.918624,-274.7699890136719,-56.85136501367188,-1.226651736668178,-0.972851,proxy
HB_BUSAVG->HB_HOUSTON,2025-02,WDPEAK,304,-456.5680000000001,-382.91998291015625,73.64801708984385,-1.2596052069413035,-1.5018684210526319,proxy
HB_BUSAVG->HB_HOUSTON,2025-02,WEPEAK,144,-115.94828799999999,-63.970001220703125,51.978286779296866,-0.4442361195882161,-0.8051964444444444,proxy
HB_BUSAVG->HB_HOUSTON,2025-03,OFFPEAK,247,179.957778,499.0000305175781,319.04225251757816,2.020243038532705,0.7285739999999999,proxy
HB_BUSAVG->HB_HOUSTON,2025-03,WDPEAK,336,826.0217279999999,2073.119873046875,1247.098145046875,6.169999622163319,2.458398,proxy
HB_BUSAVG->HB_HOUSTON,2025-03,WEPEAK,160,304.31808,520.4599609375,216.1418809375,3.252874755859375,1.901988,proxy
HB_BUSAVG->HB_HOUSTON,2025-04,OFFPEAK,240,198.43200000000002,203.6599884033203,5.227988403320296,0.8485832850138346,0.8268000000000001,proxy
HB_BUSAVG->HB_HOUSTON,2025-04,WDPEAK,352,1432.268992,2370.2099609375,937.9409689375,6.733551025390625,4.068946,proxy
HB_BUSAVG->HB_HOUSTON,2025-04,WEPEAK,128,342.53145600000005,631.1400146484375,288.60855864843745,4.930781364440918,2.6760270000000004,proxy
HB_BUSAVG->HB_HOUSTON,2025-05,OFFPEAK,248,107.94472800000001,-41.840030670166016,-149.784758670166,-0.1687098010893791,0.43526100000000006,proxy
HB_BUSAVG->HB_HOUSTON,2025-05,WDPEAK,336,1067.136,2715.919921875,1648.783921875,8.083095005580358,3.1759999999999997,proxy
HB_BUSAVG->HB_HOUSTON,2025-05,WEPEAK,160,414.74848000000003,948.9100341796875,534.1615541796875,5.930687713623047,2.592178,proxy
HB_BUSAVG->HB_HOUSTON,2025-06,OFFPEAK,240,-76.51584,-49.660011291503906,26.85582870849609,-0.2069167137145996,-0.318816,proxy
HB_BUSAVG->HB_HOUSTON,2025-06,WDPEAK,320,1151.5896,1626.449951171875,474.860351171875,5.0826560974121096,3.5987175000000002,proxy
HB_BUSAVG->HB_HOUSTON,2025-06,WEPEAK,160,327.18585600000006,804.3299560546875,477.14410005468744,5.027062225341797,2.0449116000000003,proxy
HB_BUSAVG->HB_HOUSTON,2025-07,OFFPEAK,248,-87.28111999999999,-135.77999877929688,-48.49887877929689,-0.54749999507781,-0.35194,proxy
HB_BUSAVG->HB_HOUSTON,2025-07,WDPEAK,352,1103.756544,825.0599975585938,-278.6965464414063,2.343920447609641,3.135672,proxy
HB_BUSAVG->HB_HOUSTON,2025-07,WEPEAK,144,390.92788800000005,116.84999084472656,-274.0778971552735,0.8114582697550455,2.714777,proxy
HB_BUSAVG->HB_HOUSTON,2025-08,OFFPEAK,248,-102.920496,-182.20997619628906,-79.28948019628906,-0.7347176459527784,-0.415002,proxy
HB_BUSAVG->HB_HOUSTON,2025-08,WDPEAK,336,1050.5953919999997,179.45999145507812,-871.1354005449216,0.5341071174258277,3.126771999999999,proxy
HB_BUSAVG->HB_HOUSTON,2025-08,WEPEAK,160,416.27344000000005,19.530006408691406,-396.74343359130864,0.1220625400543213,2.6017090000000005,proxy
HB_BUSAVG->HB_HOUSTON,2025-09,OFFPEAK,240,-116.14439999999999,-139.9300079345703,-23.785607934570322,-0.5830416997273763,-0.48393499999999995,proxy
HB_BUSAVG->HB_HOUSTON,2025-09,WDPEAK,336,838.1268,278.0299987792969,-560.0968012207031,0.827470234462193,2.494425,proxy
HB_BUSAVG->HB_HOUSTON,2025-09,WEPEAK,144,312.737616,-3.429983139038086,-316.1675991390381,-0.023819327354431152,2.171789,proxy
HB_BUSAVG->HB_HOUSTON,2025-10,OFFPEAK,248,-47.80621599999999,-26.59000015258789,21.2162158474121,-0.10721774255075762,-0.19276699999999997,proxy
HB_BUSAVG->HB_HOUSTON,2025-10,WDPEAK,352,836.312752,637.2000122070312,-199.1127397929688,1.8102273074063389,2.3758885000000003,proxy
HB_BUSAVG->HB_HOUSTON,2025-10,WEPEAK,144,171.206912,247.6999969482422,76.4930849482422,1.7201388676961262,1.1889368888888887,proxy
HB_BUSAVG->HB_HOUSTON,2025-11,OFFPEAK,240,-68.33362199999999,10.87000846862793,79.20363046862792,0.04529170195261637,-0.284723425,proxy
HB_BUSAVG->HB_HOUSTON,2025-11,WDPEAK,288,477.92265599999996,378.2900085449219,-99.63264745507809,1.3135069741143122,1.6594536666666666,proxy
HB_BUSAVG->HB_HOUSTON,2025-11,WEPEAK,192,198.986656,86.53998565673828,-112.44667034326173,0.45072909196217853,1.0363888333333333,proxy
HB_BUSAVG->HB_HOUSTON,2025-12,OFFPEAK,248,-99.030864,-895.7900390625,-796.7591750625,-3.612056609122984,-0.39931799999999995,proxy
HB_BUSAVG->HB_HOUSTON,2025-12,WDPEAK,352,213.71504,-1190.6099853515625,-1404.3250253515625,-3.3824147311123935,0.6071449999999999,proxy
HB_BUSAVG->HB_HOUSTON,2025-12,WEPEAK,144,10.155455999999987,-217.51998901367188,-227.67544501367186,-1.5105554792616103,0.0705239999999999,proxy
HB_BUSAVG->HB_HOUSTON,2026-01,OFFPEAK,248,-649.269952,-2705.73974609375,-2056.46979409375,-10.910240911668346,-2.618024,proxy
HB_BUSAVG->HB_HOUSTON,2026-01,WDPEAK,320,-881.1794880000002,-1485.18994140625,-604.0104534062498,-4.641218566894532,-2.7536859000000007,proxy
HB_BUSAVG->HB_HOUSTON,2026-01,WEPEAK,176,-248.95407999999998,-2227.83984375,-1978.88576375,-12.658180930397727,-1.4145118181818181,proxy
HB_BUSAVG->HB_HOUSTON,2026-02,OFFPEAK,224,-360.390912,-119.08001708984375,241.31089491015626,-0.5316072191510882,-1.608888,proxy
HB_BUSAVG->HB_HOUSTON,2026-02,WDPEAK,304,-401.60576000000015,601.739990234375,1003.3457502343751,1.9794078626130756,-1.3210715789473688,proxy
HB_BUSAVG->HB_HOUSTON,2026-02,WEPEAK,144,-117.774336,227.33999633789062,345.11433233789063,1.5787499745686848,-0.8178773333333333,proxy
HB_BUSAVG->HB_HOUSTON,2026-03,OFFPEAK,247,78.33308599999998,740.6300048828125,662.2969188828125,2.9985020440599697,0.3171379999999999,proxy
HB_BUSAVG->HB_HOUSTON,2026-03,WDPEAK,352,1022.8972160000001,2556.070068359375,1533.172852359375,7.26156269420277,2.905958,proxy
HB_BUSAVG->HB_HOUSTON,2026-03,WEPEAK,144,373.658832,772.010009765625,398.351177765625,5.3611806233723955,2.594853,proxy
HB_BUSAVG->HB_HOUSTON,2026-04,OFFPEAK,240,164.08032,314.25,150.16968,1.309375,0.683668,proxy
HB_BUSAVG->HB_HOUSTON,2026-04,WDPEAK,352,1265.979264,1442.989990234375,177.01072623437494,4.099403381347656,3.5965320000000003,proxy
HB_BUSAVG->HB_HOUSTON,2026-04,WEPEAK,128,326.041344,376.45001220703125,50.40866820703127,2.9410157203674316,2.547198,proxy
HB_BUSAVG->HB_HOUSTON,2026-05,OFFPEAK,248,248.10465599999998,62.080020904541016,-186.02463509545896,0.25032266493766536,1.000422,proxy
HB_BUSAVG->HB_HOUSTON,2026-05,WDPEAK,320,1416.77344,968.6399536132812,-448.1334863867187,3.026999855041504,4.427417,proxy
HB_BUSAVG->HB_HOUSTON,2026-05,WEPEAK,176,557.1822080000001,554.7000122070312,-2.4821957929688097,3.1517046148126777,3.165808,proxy
HB_BUSAVG->HB_HOUSTON,2026-06,OFFPEAK,240,45.157920000000104,24.54998779296875,-20.607932207031354,0.10229161580403646,0.18815800000000044,real
HB_BUSAVG->HB_HOUSTON,2026-06,WDPEAK,336,927.9026239999998,1520.8800048828125,592.9773808828127,4.526428585960751,2.7616149523809517,real
HB_BUSAVG->HB_HOUSTON,2026-06,WEPEAK,144,287.8624,665.4000244140625,377.5376244140625,4.620833502875434,1.9990444444444444,real
HB_BUSAVG->HB_HOUSTON,2026-07,OFFPEAK,248,-4.078856000000087,-13.889991760253906,-9.81113576025382,-0.0560080312913464,-0.01644700000000035,real
HB_BUSAVG->HB_HOUSTON,2026-07,WDPEAK,352,935.953904,1092.0,156.04609600000003,3.102272727272727,2.6589599545454545,real
HB_BUSAVG->HB_HOUSTON,2026-07,WEPEAK,144,237.40940800000004,283.6399841308594,46.23057613085933,1.9697221120198567,1.6486764444444448,real
HB_BUSAVG->HB_HOUSTON,2026-08,OFFPEAK,248,-8.597664,-4.53999137878418,4.05767262121582,-0.018306416849936207,-0.034668,real
HB_BUSAVG->HB_HOUSTON,2026-08,WDPEAK,336,579.0240960000001,1107.93994140625,528.9158454062499,3.2974403018043157,1.7232860000000003,real
HB_BUSAVG->HB_HOUSTON,2026-08,WEPEAK,160,149.99056000000002,185.1800079345703,35.189447934570296,1.1573750495910644,0.9374410000000001,real
HB_BUSAVG->HB_HOUSTON,2026-09,OFFPEAK,104,27.838320000000003,5.06999397277832,-22.768326027221683,0.04874994204594539,0.2676761538461539,real
HB_BUSAVG->HB_HOUSTON,2026-09,WDPEAK,128,1308.946128,78.87002563476562,-1230.0761023652344,0.6161720752716064,10.226141625,real
HB_BUSAVG->HB_HOUSTON,2026-09,WEPEAK,80,356.3064,142.6800079345703,-213.62639206542968,1.7835000991821288,4.45383,real
