window,constraint,n_bind_days,basis_sys_var_share_bind_days,basis_sys_var_share_other_days,basis_hou_var_share_bind_days,basis_hou_var_share_other_days
REAL,BLESSI_PAVLOV1_1,67,0.109,0.0419,0.0513,0.0274
REAL,E_PASP,97,0.0561,0.2118,0.0307,0.5143
REAL,630__B,11,0.2291,0.0525,0.2748,0.0268
REAL,STPWAP39_1,91,0.0585,0.0133,0.0321,0.0405
REAL,587__A,19,0.4901,0.0401,0.4683,0.0159
REAL,35055__A,79,0.0656,0.0174,0.0294,0.0447
REAL,1710__A,85,0.0508,0.1204,0.0227,0.1404
REAL,TREADW_YELWJC1_1,96,0.0566,0.0562,0.0326,0.0124
REAL,SEA_AAT1,84,0.0577,0.0427,0.0258,0.1213
REAL,FB_RS_60_A,50,0.0558,0.0584,0.0149,0.0859
REAL,1715__B,32,0.0563,0.0563,0.0171,0.0421
REAL,107__B,21,0.3542,0.0474,0.6334,0.0141
REAL,378T387_1,29,0.031,0.1573,0.0081,0.1284
REAL,THWZEN98_A,52,0.2551,0.0339,0.1888,0.0146
REAL,6200__F,73,0.0636,0.0339,0.0398,0.0081
REAL,WESTEX,49,0.3454,0.0343,0.3211,0.0099
REAL,421__A,46,0.2587,0.0351,0.0708,0.0285
REAL,FORTMA_YELWJC1_1,87,0.057,0.0509,0.03,0.0657
FULL,WHARTN,140,0.3496,0.0726,0.1567,0.013
FULL,BLESSI_PAVLOV1_1,357,0.0343,0.0997,0.0222,0.0159
FULL,E_PASP,704,0.0957,0.0363,0.0151,0.0259
FULL,1710__C,290,0.0187,0.1155,0.0139,0.0197
FULL,HARGRO_TWINBU1_1,961,0.0907,0.0123,0.0188,0.0092
FULL,STPELM27_1,72,0.0838,0.0813,0.0026,0.0236
FULL,630__B,138,0.1032,0.0797,0.0417,0.0155
FULL,STPWAP39_1,303,0.0321,0.0966,0.0149,0.0185
FULL,587__A,303,0.1761,0.0743,0.0899,0.0121
FULL,50__A,72,0.162,0.0407,0.0033,0.0251
FULL,35055__A,226,0.0698,0.0858,0.0161,0.0182
FULL,1710__A,110,0.1307,0.0807,0.03,0.0175
FULL,TREADW_YELWJC1_1,534,0.0444,0.1019,0.0279,0.0121
FULL,SEA_AAT1,254,0.0494,0.0863,0.02,0.0173
FULL,FB_RS_60_A,56,0.0606,0.0819,0.0195,0.0177
FULL,1715__B,44,0.0613,0.0818,0.0222,0.0176
FULL,107__B,51,0.0799,0.0818,0.0109,0.0181
FULL,378T387_1,29,0.031,0.0823,0.0081,0.0178
FULL,THWZEN98_A,178,0.0902,0.081,0.0405,0.016
FULL,6200__F,85,0.0643,0.0819,0.0419,0.0173
FULL,WESTEX,442,0.0596,0.0879,0.0375,0.012
FULL,ARROZ_EL_CAM1_1,132,0.0909,0.0768,0.017,0.0181
FULL,421__A,180,0.2674,0.0765,0.1214,0.0148
FULL,FORTMA_YELWJC1_1,531,0.1432,0.0528,0.0218,0.0158
