path,tou,months,cost_total,realised_total,pnl_total,hit_rate,pnl_mean,pnl_std,pnl_min,pnl_max,realised_per_mwh,cost_per_mwh,pnl_per_mw_per_yr,sharpe_monthly
GKS_BESS_RN->HB_HOUSTON,OFFPEAK,25,22448.9,30856.8,8407.9,0.4,336.3,1415.0,-866.0,6146.1,5.1,3.8,4036.0,0.82
GKS_BESS_RN->HB_HOUSTON,WDPEAK,25,59657.4,61831.0,2173.5,0.5,86.9,1995.4,-2417.5,5265.7,7.5,7.7,1043.0,0.15
GKS_BESS_RN->HB_HOUSTON,WEPEAK,25,22039.7,25623.0,3583.3,0.4,143.3,1580.4,-1637.9,6728.0,6.4,6.0,1720.0,0.31
GKS_BESS_RN->HB_SOUTH,OFFPEAK,25,24552.2,31746.2,7194.0,0.4,287.8,1337.9,-783.5,5954.4,5.2,4.1,3453.0,0.75
GKS_BESS_RN->HB_SOUTH,WDPEAK,25,40927.0,43204.8,2277.8,0.5,91.1,1173.6,-1807.7,2931.0,5.2,5.2,1093.0,0.27
GKS_BESS_RN->HB_SOUTH,WEPEAK,25,15994.3,19702.2,3707.9,0.4,148.3,1326.7,-1078.2,6135.6,4.8,4.3,1780.0,0.39
GKS_BESS_RN->RVN_RN,OFFPEAK,1,366.3,31.7,-334.6,0.0,-334.6,,-334.6,-334.6,0.3,3.5,-4015.0,
GKS_BESS_RN->RVN_RN,WDPEAK,1,2110.6,406.3,-1704.3,0.0,-1704.3,,-1704.3,-1704.3,3.2,16.5,-20452.0,
GKS_BESS_RN->RVN_RN,WEPEAK,1,706.4,-253.5,-959.9,0.0,-959.9,,-959.9,-959.9,-3.2,8.8,-11519.0,
HB_BUSAVG->HB_HOUSTON,OFFPEAK,26,-1129.3,-2737.0,-1607.7,0.5,-61.8,480.6,-2056.5,662.3,-0.4,-0.2,-742.0,-0.45
HB_BUSAVG->HB_HOUSTON,WDPEAK,26,17104.2,16602.9,-501.2,0.4,-19.3,820.4,-1404.3,1648.8,1.9,2.2,-231.0,-0.08
HB_BUSAVG->HB_HOUSTON,WEPEAK,26,5429.6,3804.0,-1625.6,0.5,-62.5,472.4,-1978.9,534.2,1.1,1.5,-750.0,-0.46
HB_SOUTH->HB_HOUSTON,OFFPEAK,26,-2326.5,-1134.9,1191.6,0.7,45.8,246.6,-860.4,495.5,-0.2,-0.4,550.0,0.64
HB_SOUTH->HB_HOUSTON,WDPEAK,26,20305.8,18742.8,-1563.0,0.5,-60.1,1362.2,-3167.0,2447.6,2.1,2.6,-721.0,-0.15
HB_SOUTH->HB_HOUSTON,WEPEAK,26,6635.9,5831.8,-804.1,0.5,-30.9,508.2,-1386.0,924.2,1.5,1.8,-371.0,-0.21
