objectname,year,month,avg_mw,peak_mw
ERCOT,2023,1,43362.0,65557.0
ERCOT,2023,2,45165.0,63401.0
ERCOT,2023,3,42964.0,53252.0
ERCOT,2023,4,42875.0,61213.0
ERCOT,2023,5,49231.0,68352.0
ERCOT,2023,6,59596.0,80828.0
ERCOT,2023,7,64025.0,83047.0
ERCOT,2023,8,67817.0,85435.0
ERCOT,2023,9,59986.0,84182.0
ERCOT,2023,10,47901.0,71525.0
ERCOT,2023,11,43808.0,56885.0
ERCOT,2023,12,44870.0,57244.0
ERCOT,2024,1,51455.0,78138.0
ERCOT,2024,2,44190.0,56172.0
ERCOT,2024,3,43588.0,55320.0
ERCOT,2024,4,46720.0,64271.0
ERCOT,2024,5,54007.0,77126.0
ERCOT,2024,6,62032.0,80069.0
ERCOT,2024,7,60192.0,81190.0
ERCOT,2024,8,66575.0,85559.0
ERCOT,2024,9,57306.0,77909.0
ERCOT,2024,10,53179.0,72659.0
ERCOT,2024,11,47366.0,60958.0
ERCOT,2024,12,47445.0,60445.0
ERCOT,2025,1,54940.0,77537.0
ERCOT,2025,2,52240.0,80379.0
ERCOT,2025,3,47387.0,63095.0
ERCOT,2025,4,51416.0,65841.0
ERCOT,2025,5,56005.0,79065.0
ERCOT,2025,6,63402.0,78041.0
ERCOT,2025,7,65026.0,82006.0
ERCOT,2025,8,67311.0,83878.0
ERCOT,2025,9,61999.0,80148.0
ERCOT,2025,10,56006.0,76446.0
ERCOT,2025,11,50208.0,65308.0
ERCOT,2025,12,50950.0,63108.0
ERCOT,2026,1,53496.0,75614.0
ERCOT,2026,2,49357.0,69578.0
ERCOT,2026,3,51017.0,66473.0
ERCOT,2026,4,52653.0,74720.0
ERCOT,2026,5,56248.0,77812.0
ERCOT,2026,6,65594.0,82592.0
ERCOT,2026,7,69221.0,91090.0
ERCOT,2026,8,73088.0,90753.0
ERCOT,2026,9,71406.0,86492.0
LZ_HOUSTON,2023,1,10094.0,13497.0
LZ_HOUSTON,2023,2,10828.0,14403.0
LZ_HOUSTON,2023,3,11114.0,14765.0
LZ_HOUSTON,2023,4,11161.0,16013.0
LZ_HOUSTON,2023,5,13225.0,18624.0
LZ_HOUSTON,2023,6,15896.0,21370.0
LZ_HOUSTON,2023,7,16548.0,21743.0
LZ_HOUSTON,2023,8,17588.0,22693.0
LZ_HOUSTON,2023,9,15711.0,21773.0
LZ_HOUSTON,2023,10,12546.0,18435.0
LZ_HOUSTON,2023,11,11024.0,15060.0
LZ_HOUSTON,2023,12,11040.0,13241.0
LZ_HOUSTON,2024,1,11631.0,16622.0
LZ_HOUSTON,2024,2,10713.0,14168.0
LZ_HOUSTON,2024,3,10882.0,15230.0
LZ_HOUSTON,2024,4,11849.0,16726.0
LZ_HOUSTON,2024,5,14179.0,20226.0
LZ_HOUSTON,2024,6,16267.0,21014.0
LZ_HOUSTON,2024,7,14235.0,21198.0
LZ_HOUSTON,2024,8,16939.0,22294.0
LZ_HOUSTON,2024,9,14996.0,20236.0
LZ_HOUSTON,2024,10,13816.0,19463.0
LZ_HOUSTON,2024,11,12250.0,17630.0
LZ_HOUSTON,2024,12,11393.0,14286.0
LZ_HOUSTON,2025,1,12389.0,16558.0
LZ_HOUSTON,2025,2,12214.0,17307.0
LZ_HOUSTON,2025,3,12028.0,16467.0
LZ_HOUSTON,2025,4,13353.0,17116.0
LZ_HOUSTON,2025,5,14664.0,20254.0
LZ_HOUSTON,2025,6,16230.0,20967.0
LZ_HOUSTON,2025,7,16515.0,21653.0
LZ_HOUSTON,2025,8,16672.0,21554.0
LZ_HOUSTON,2025,9,15670.0,21020.0
LZ_HOUSTON,2025,10,13940.0,19633.0
LZ_HOUSTON,2025,11,12234.0,16899.0
LZ_HOUSTON,2025,12,11999.0,14452.0
LZ_HOUSTON,2026,1,12151.0,16354.0
LZ_HOUSTON,2026,2,11828.0,15286.0
LZ_HOUSTON,2026,3,12616.0,16451.0
LZ_HOUSTON,2026,4,13284.0,19482.0
LZ_HOUSTON,2026,5,14333.0,19953.0
LZ_HOUSTON,2026,6,16401.0,21534.0
LZ_HOUSTON,2026,7,16839.0,22971.0
LZ_HOUSTON,2026,8,17637.0,23186.0
LZ_HOUSTON,2026,9,16835.0,21109.0
LZ_NORTH,2023,1,15285.0,25710.0
LZ_NORTH,2023,2,15611.0,24053.0
LZ_NORTH,2023,3,13679.0,19099.0
LZ_NORTH,2023,4,13492.0,20756.0
LZ_NORTH,2023,5,15770.0,23919.0
LZ_NORTH,2023,6,19901.0,30220.0
LZ_NORTH,2023,7,22318.0,31210.0
LZ_NORTH,2023,8,24275.0,32587.0
LZ_NORTH,2023,9,19912.0,32035.0
LZ_NORTH,2023,10,15106.0,25859.0
LZ_NORTH,2023,11,14141.0,20642.0
LZ_NORTH,2023,12,14881.0,20541.0
LZ_NORTH,2024,1,18738.0,31491.0
LZ_NORTH,2024,2,14573.0,21028.0
LZ_NORTH,2024,3,13679.0,18040.0
LZ_NORTH,2024,4,14645.0,21289.0
LZ_NORTH,2024,5,16942.0,26295.0
LZ_NORTH,2024,6,20607.0,29765.0
LZ_NORTH,2024,7,21278.0,30252.0
LZ_NORTH,2024,8,23310.0,32242.0
LZ_NORTH,2024,9,18629.0,28882.0
LZ_NORTH,2024,10,16962.0,25690.0
LZ_NORTH,2024,11,14714.0,19109.0
LZ_NORTH,2024,12,15552.0,22054.0
LZ_NORTH,2025,1,19240.0,28959.0
LZ_NORTH,2025,2,17789.0,32432.0
LZ_NORTH,2025,3,14681.0,20135.0
LZ_NORTH,2025,4,15791.0,21992.0
LZ_NORTH,2025,5,17116.0,27328.0
LZ_NORTH,2025,6,20941.0,29213.0
LZ_NORTH,2025,7,22043.0,31384.0
LZ_NORTH,2025,8,22568.0,32156.0
LZ_NORTH,2025,9,19968.0,28948.0
LZ_NORTH,2025,10,17588.0,25972.0
LZ_NORTH,2025,11,15758.0,21865.0
LZ_NORTH,2025,12,16921.0,24400.0
LZ_NORTH,2026,1,18519.0,30068.0
LZ_NORTH,2026,2,15740.0,26363.0
LZ_NORTH,2026,3,15902.0,22301.0
LZ_NORTH,2026,4,16441.0,26339.0
LZ_NORTH,2026,5,17702.0,27574.0
LZ_NORTH,2026,6,22026.0,29936.0
LZ_NORTH,2026,7,24160.0,34101.0
LZ_NORTH,2026,8,25678.0,34410.0
LZ_NORTH,2026,9,24806.0,32301.0
LZ_SOUTH,2023,1,11214.0,19112.0
LZ_SOUTH,2023,2,11838.0,18444.0
LZ_SOUTH,2023,3,11419.0,15610.0
LZ_SOUTH,2023,4,11324.0,17377.0
LZ_SOUTH,2023,5,12997.0,18683.0
LZ_SOUTH,2023,6,16056.0,22623.0
LZ_SOUTH,2023,7,17027.0,22328.0
LZ_SOUTH,2023,8,17726.0,22968.0
LZ_SOUTH,2023,9,16309.0,22099.0
LZ_SOUTH,2023,10,12684.0,20563.0
LZ_SOUTH,2023,11,11067.0,14875.0
LZ_SOUTH,2023,12,11166.0,15408.0
LZ_SOUTH,2024,1,12996.0,22828.0
LZ_SOUTH,2024,2,11062.0,15091.0
LZ_SOUTH,2024,3,11209.0,15267.0
LZ_SOUTH,2024,4,12338.0,18171.0
LZ_SOUTH,2024,5,14691.0,21430.0
LZ_SOUTH,2024,6,16302.0,21943.0
LZ_SOUTH,2024,7,15688.0,21406.0
LZ_SOUTH,2024,8,17131.0,23745.0
LZ_SOUTH,2024,9,15032.0,20340.0
LZ_SOUTH,2024,10,13669.0,19017.0
LZ_SOUTH,2024,11,11885.0,17160.0
LZ_SOUTH,2024,12,11468.0,15642.0
LZ_SOUTH,2025,1,13929.0,22961.0
LZ_SOUTH,2025,2,13203.0,22244.0
LZ_SOUTH,2025,3,11906.0,17127.0
LZ_SOUTH,2025,4,13198.0,18509.0
LZ_SOUTH,2025,5,14960.0,21761.0
LZ_SOUTH,2025,6,16522.0,21623.0
LZ_SOUTH,2025,7,16561.0,22140.0
LZ_SOUTH,2025,8,17875.0,23199.0
LZ_SOUTH,2025,9,16363.0,22042.0
LZ_SOUTH,2025,10,14848.0,20726.0
LZ_SOUTH,2025,11,12712.0,17135.0
LZ_SOUTH,2025,12,12571.0,15704.0
LZ_SOUTH,2026,1,13373.0,22369.0
LZ_SOUTH,2026,2,12378.0,18811.0
LZ_SOUTH,2026,3,13237.0,18032.0
LZ_SOUTH,2026,4,13754.0,19439.0
LZ_SOUTH,2026,5,14789.0,20761.0
LZ_SOUTH,2026,6,17332.0,22963.0
LZ_SOUTH,2026,7,18140.0,24093.0
LZ_SOUTH,2026,8,19358.0,24949.0
LZ_SOUTH,2026,9,19392.0,24644.0
LZ_WEST,2023,1,6768.0,8176.0
LZ_WEST,2023,2,6888.0,7814.0
LZ_WEST,2023,3,6752.0,7479.0
LZ_WEST,2023,4,6899.0,7856.0
LZ_WEST,2023,5,7239.0,8190.0
LZ_WEST,2023,6,7743.0,8800.0
LZ_WEST,2023,7,8132.0,9111.0
LZ_WEST,2023,8,8228.0,9285.0
LZ_WEST,2023,9,8054.0,9194.0
LZ_WEST,2023,10,7566.0,8498.0
LZ_WEST,2023,11,7575.0,8278.0
LZ_WEST,2023,12,7783.0,8533.0
LZ_WEST,2024,1,8088.0,9194.0
LZ_WEST,2024,2,7842.0,8678.0
LZ_WEST,2024,3,7818.0,8738.0
LZ_WEST,2024,4,7888.0,8943.0
LZ_WEST,2024,5,8194.0,9487.0
LZ_WEST,2024,6,8856.0,9900.0
LZ_WEST,2024,7,8990.0,10110.0
LZ_WEST,2024,8,9195.0,10296.0
LZ_WEST,2024,9,8648.0,9874.0
LZ_WEST,2024,10,8732.0,9795.0
LZ_WEST,2024,11,8517.0,9571.0
LZ_WEST,2024,12,9033.0,10117.0
LZ_WEST,2025,1,9381.0,10766.0
LZ_WEST,2025,2,9034.0,11227.0
LZ_WEST,2025,3,8772.0,9977.0
LZ_WEST,2025,4,9074.0,10384.0
LZ_WEST,2025,5,9265.0,10731.0
LZ_WEST,2025,6,9709.0,11047.0
LZ_WEST,2025,7,9906.0,11482.0
LZ_WEST,2025,8,10197.0,11882.0
LZ_WEST,2025,9,9999.0,11625.0
LZ_WEST,2025,10,9630.0,11181.0
LZ_WEST,2025,11,9504.0,10645.0
LZ_WEST,2025,12,9459.0,10350.0
LZ_WEST,2026,1,9453.0,10649.0
LZ_WEST,2026,2,9411.0,10442.0
LZ_WEST,2026,3,9262.0,10455.0
LZ_WEST,2026,4,9173.0,10569.0
LZ_WEST,2026,5,9424.0,10912.0
LZ_WEST,2026,6,9834.0,11188.0
LZ_WEST,2026,7,10082.0,11461.0
LZ_WEST,2026,8,10415.0,11599.0
LZ_WEST,2026,9,10374.0,11526.0
