resource_name,cap_old,cap_new,mora_mw,mora_unit,match,dev_pct
JAG_SLR_ESR1,78.55,150.0,157.1,JAG_SLR_BESS1,unit,-4.5194143857415625
BLSUMMIT_ESR2,15.0,150.2,150.9,BLSUMMIT_BESS2,unit,-0.4638833664678708
JAG_SLR_ESR2,78.55,150.7,157.2,JAG_SLR_BESS2,unit,-4.134860050890586
BYP_ESR1,0.0,201.9,207.9,BYP_BESS1,unit,-2.886002886002886
HLY_ESR1,104.7,102.2,104.7,HLY_BESS1,unit,-2.387774594078319
HLY_ESR2,104.7,102.2,104.7,HLY_BESS2,unit,-2.387774594078319
CROSSETT_ESR1,101.5,100.9,101.5,CROSSETT_BES1,unit,-0.5911330049261028
CROSSETT_ESR2,101.5,100.0,101.5,CROSSETT_BES2,unit,-1.477832512315271
SUNVASLR_ESR1,50.7,53.3,54.1,SUNVASLR_BESS1,unit,-1.4787430683918747
SUNVASLR_ESR2,50.7,46.9,47.3,SUNVASLR_BESS2,unit,-0.8456659619450289
ADL_ESR1,60.0,61.5,60.1,ADL_BESS1,unit,2.3294509151414284
PYR_ESR3,13.3,17.0,9.9,PYR_ESS,prefix,71.71717171717171
PYR_ESR2,13.3,17.0,9.9,PYR_ESS,prefix,71.71717171717171
PIN_BESS_ESR1,0.0,201.4,207.3,PIN_BESS_UNIT1,unit,-2.8461167390255695
FORTMA_ESR1,9.8,9.9,10.0,FORTMA_BESS1,unit,-0.9999999999999963
CHERRYCR_ESR1,10.4,9.9,10.0,CHERRYCR_BESS,unit,-0.9999999999999963
MNWLE_ESR1,9.9,9.9,10.0,MNWLE_BESS,unit,-0.9999999999999963
ZAPATA_ESR1,9.9,9.9,10.0,ZAPATA_UNIT1,unit,-0.9999999999999963
DIBOL_ESR1,9.9,9.9,10.0,DIBOL_BESS,unit,-0.9999999999999963
LIGSW_ESR1,9.8,9.8,9.9,LIGSW_BESS1,unit,-1.0101010101010066
CFLAT_ES_ESR1,0.0,100.9,103.0,CFLAT_ES_BESS1,unit,-2.0388349514563053
WCOLLOCL_ESR1,7.9,9.9,,,NONE,
GOODWIN_ESR1,9.9,9.9,9.9,GOODWIN_BESS1,unit,0.0
STADIUM_ESR1,9.9,10.0,9.9,STADIUM_BESS,unit,1.0101010101010066
BLSUMMIT_ESR1,15.0,30.0,150.9,BLSUMMIT_BESS2,prefix,-80.11928429423459
JOHNCI_ESR1,2.3,4.3,,,NONE,
MESQUITE_ESR1,0.0,10.0,9.9,MESQUITE_BESS,unit,1.0101010101010066
HV_ESR1,9.9,9.9,9.9,HV_BESS1,unit,0.0
MDWPK_ESR1,0.0,9.9,9.9,MDWPK_BES1,unit,0.0
UTOPIA_ESR1,0.0,10.8,9.9,UTOPIA_BESS1,unit,9.090909090909093
Z0_ESR1,0.0,10.0,,,NONE,
GODY_SLR_ESR1,0.0,50.0,52.3,GODY_SLR_BESS1,unit,-4.397705544933073
ELM_ST_ESR1,0.0,9.1,9.9,ELM_ST_BESS2,prefix,-8.080808080808087
LK_ESR1,0.0,9.9,,,NONE,
MESQUITE_ESR2,0.0,9.9,9.9,MESQUITE_BESS2,unit,0.0
CHISMGRD_ESR1,0.0,100.0,101.7,CHISMGRD_BES1,unit,-1.6715830875122937
QTUM_SLR_ESR2,0.0,161.6,,,NONE,
QTUM_SLR_ESR1,0.0,161.6,,,NONE,
DA_ESR3,5.0,9.9,10.0,DA_BESS3,unit,-0.9999999999999963
SLK_BESS_ESR1,0.0,201.0,203.9,SLK_BESS_BESS1,unit,-1.422265816576756
LYNX_ESS_ESR1,0.0,121.4,,,NONE,
SOLC_SLR_ESR2,0.0,161.6,160.9,SOLC_SLR_BESS2,unit,0.4350528278433739
SOLC_SLR_ESR1,0.0,161.6,160.9,SOLC_SLR_BESS1,unit,0.4350528278433739
GAIA_SLR_ESR1,0.0,78.3,,,NONE,
RHA_ESR1,0.0,200.1,205.6,RHA_BESS1,unit,-2.6750972762645917
VERT_ESS_ESR1,0.0,202.0,207.3,VERT_ESS_BESS1,unit,-2.556681138446701
HEN_ESR2,0.0,123.4,154.2,HEN_BESS2,unit,-19.974059662775606
