rank,resource_name,company,total_rev,energy_rev,as_rev,as_share,theoretical_rev,optimization_rate,duration_hours,capacity_mw,n_days
1,ANOL_ESS_ESR1,esVolta,3403312.8711060775,2930630.688972608,472682.1821334696,13.888884155979694,4723233.8921419,72.05471820415688,1.94,247.1,128
2,CNLY_ESS_ESR1,YBTCOS,3154971.459588164,2491842.770434683,663128.6891534813,21.018532105518418,3325643.2282225913,94.86800727191522,1.99,,128
3,BOCO_ESS_ESR1,Aypa Power,2710742.907061542,2198350.080684583,512392.82637695817,18.902302576985967,3213008.038861746,84.3677598771854,1.95,154.0,128
4,WAL_ESR1,Tesla,2687451.686102132,1659400.7027170332,1028050.9833850989,38.253747544618356,3184362.0895932503,84.39529207073964,2.0,200.0,128
5,AVIL_ESS_ESR1,ENGIE,2618630.470393624,1842698.4615474332,775932.0088461908,29.631214393131046,3532111.1922802688,74.13782658136202,2.0,160.0,128
6,BLVN_SLR_ESR1,National Grid Renewables,2553545.4587462232,2245842.3516432084,307703.10710301506,12.05003443541967,3852841.1843496016,66.2769456763188,1.91,188.0,128
7,CACH_ESS_ESR1,ENGIE,2506974.413398106,1502165.2747667583,1004809.1386313478,40.08055021468561,3559288.8761958634,70.43469919411369,2.0,200.0,128
8,SHAMROCK_ESR1,NextEra Energy Resources,2419290.1053911913,2419290.1053911913,0.0,0.0,2594719.5936440746,93.23898086395891,2.62,99.3,128
9,TURQBESS_ESR1,YBTCUN,2216697.631846449,1685793.1898953083,530904.4419511403,23.95024176161145,4145899.0076336823,53.4672366057381,2.06,,128
10,CHIL_SLR_ESR1,YSUEZ,2078579.9657623433,1259364.3323877081,819215.633374635,39.412274094260226,3022459.4869592357,68.77114398821973,2.11,,128
11,ANEM_ESS_ESR1,Plus Power,2037785.3642583173,1393126.8690612582,644658.4951970591,31.63525003683066,2829888.6288827593,72.009383813201,1.95,205.0,128
12,PINEFRST_ESR1,YPFHYB,2009883.7092777,2009883.7092777,0.0,0.0,4211371.314334269,47.72516026873829,2.03,,128
13,GIGA_ESS_ESR1,Tesla,1973262.1324432134,1341564.887497925,631697.2449452885,32.012839782373284,2229009.9258129443,88.5263950416705,1.95,128.0,128
14,JAG_SLR_ESR1,SER Capital Partners,1928975.1908769715,1492736.0408678583,436239.15000911313,22.615073126512602,1828339.958647277,105.50418601057929,2.16,78.55,128
15,DSWL_ESS_ESR1,esVolta,1927755.2203085944,1748489.8991804416,179265.32112815263,9.29917446155098,2952869.756676779,65.28412626224768,2.0,150.0,128
16,RRANCHES_ESR1,Plus Power,1926328.387218624,1720456.9573145,205871.42990412418,10.687244774572244,3398535.3571116384,56.681134218235115,2.0,150.0,128
17,ANDMDSLR_ESR2,YIPLU2,1871255.4233330982,1489596.0916494166,381659.33168368175,20.395897156779725,1569722.5929536035,119.20930690129954,2.01,,128
18,EBNY_ESS_ESR1,Plus Power,1861732.025365952,1692668.7990362917,169063.22632966022,9.080964608557359,3624422.6497853496,51.36630589912603,1.97,203.5,128
19,LON_ESR1,Tokyo Gas America,1815132.92275988,1093591.4396581582,721541.4831017219,39.75144046225715,2725597.802298011,66.59577290638781,2.0,174.0,128
20,TBWF_ESS_ESR1,Spearmint Energy,1797409.7803699775,1540495.5884488416,256914.1919211357,14.293579278747034,3402100.672622598,52.83235134204296,2.0,150.0,128
21,BLSUMMIT_ESR2,NextEra Energy Resources,1764704.3948366498,1764704.3948366498,0.0,0.0,46456.93871266968,3798.580887456068,0.42,15.0,128
22,RRANCHES_ESR2,Plus Power,1760774.3462205117,1572062.010967533,188712.33525297878,10.717576369626713,3398535.3571116384,51.80979925767099,2.0,150.0,128
23,CARN_ESS_ESR1,ENGIE,1743787.204298884,825243.1821035,918544.0221953839,52.67523582756753,2077681.0440152984,83.92949482413644,2.0,150.0,128
24,BKSL_ESS_ESR1,esVolta,1707179.1043787515,1485925.8116306332,221253.29274811823,12.960168747416404,2009192.1881087148,84.96843231237858,1.94,103.0,128
25,HYDR_ESS_ESR1,ENGIE,1704464.9705279435,1015671.3334774498,688793.6370504936,40.41113481124494,2591833.5665818574,65.76290208232057,1.0,200.8,128
26,HMNG_ESS_ESR1,Key Capture Energy,1587738.911875754,1137330.4108767584,450408.5009989955,28.3679197902181,2343634.916459227,67.7468534337471,2.19,103.8,128
27,SWOOSEII_ESR1,Jupiter Power,1549326.5841628662,1070311.5350965916,479015.0490662745,30.917629243746337,2290891.812216633,67.62984510664258,2.03,101.0,128
28,PHO_ESR2,Enel North America,1526181.2688340154,941096.3119426749,585084.9568913404,38.33653110802091,1898476.7245988618,80.38978034647695,1.55,150.0,128
29,PHO_ESR1,Enel North America,1519590.0839367951,921051.3139566333,598538.7699801617,39.388172922893126,1898476.7245988618,80.04259753344496,1.55,150.0,128
30,WFTANK_ESR1,Aypa Power,1502982.273373609,613552.1957947749,889430.0775788337,59.17768248739289,1488542.183801331,100.97008265734209,1.12,155.0,128
31,SGAL_BES_ESR2,Jupiter Power,1477908.911509971,1253332.3670224333,224576.54448753787,15.195560615308107,2230647.67657539,66.25469934270103,1.95,103.5,128
32,JAG_SLR_ESR2,SER Capital Partners,1462690.7720526876,1459013.9381371331,3676.833915554131,0.2513746572964424,1828339.958647277,80.00102853601034,2.16,78.55,128
33,VORTEX_ESR1,Enel North America,1456114.9666757185,996408.5894234665,459706.3772522521,31.570747349829976,1920892.3360172987,75.80409059753806,1.48,121.8,128
34,RRC_WIND_ESR2,YNEXTE,1436356.7624262334,1436356.7624262334,0.0,0.0,2038026.831651219,70.47781413468881,2.99,,128
35,JAR_ESR2,SMT Energy,1431989.0029015641,948295.8132032249,483693.1896983392,33.77771677842896,1823499.1536169332,78.52973224918675,1.43,154.2,128
36,SGAL_BES_ESR1,Jupiter Power,1415465.5151251883,1195780.4864158332,219685.02870935504,15.520337751917989,2230647.67657539,63.45536007274294,1.95,103.5,128
37,PALE_ESS_ESR1,ENGIE,1412102.3835659216,656835.0806894833,755267.3028764382,53.4853075574587,2619612.0819651056,53.9050187349354,1.06,200.8,128
38,BLACKSPR_ESR1,YBLKSP,1404331.6825191018,1356033.8814026832,48297.801116418545,3.4392018436685516,2941315.3474018946,47.74502277559486,2.05,,128
39,FIVEWSLR_ESR1,Key Capture Energy,1383065.5119849339,478705.80375145,904359.708233484,65.38806010248742,2251454.727749739,61.42986109995052,1.0,199.7,128
40,FTDUNCAN_ESR1,Excelsior Energy Capital,1364781.0069414289,1121241.4090696415,243539.59787178715,17.84459166951456,2154939.1007568724,63.33269494539688,1.99,87.1,128
41,CARTWHL_ESR1,YEONCR,1362113.746014675,1362113.746014675,0.0,0.0,2792591.373177712,48.77597772081903,1.97,,128
42,RRC_WIND_ESR1,YNEXTE,1361538.8323491833,1361538.8323491833,0.0,0.0,2039022.856745161,66.77408386302113,2.99,,128
43,JAR_ESR1,SMT Energy,1343922.7569788357,892272.7801510333,451649.9768278025,33.60684045883116,1823499.1536169332,73.70021281957538,1.43,154.2,128
44,BYP_ESR1,YEXELO,1334188.099879884,1270856.2315025998,63331.86837728415,4.746847043755365,3388715.397702439,39.37150050383305,2.27,,128
45,ESTONIAN_ESR1,Enel North America,1299093.5506321732,903303.4999769917,395790.05065518164,30.466631942139944,1897679.3316572113,68.45695839969426,1.74,101.6,128
46,LMO_ESR1,Key Capture Energy,1290830.995375975,1215439.723344875,75391.27203110015,5.840522291544544,1836998.9266620013,70.26846758814038,2.16,105.0,128
47,MADERO_ESR2,Eolian,1270463.3986827591,849806.0578078083,420657.34087495075,33.11054386227076,1832312.3736637847,69.33661623112957,2.73,100.0,128
48,CORAZON_ESR1,YGUAJI,1265861.8887120157,730233.5966571167,535628.292054899,42.31332792552022,1946597.5523165015,65.02946061992154,1.03,,128
49,FLOWERII_ESR1,Jupiter Power,1257533.4696283308,1050051.308340925,207482.16128740594,16.499136309169423,2694014.393284754,46.67879550914527,1.98,119.9,128
50,CLO_ESR2,Jupiter Power,1217354.481593485,741866.9773701833,475487.50422330166,39.05908356298167,1977469.5284614332,61.56122580258647,2.09,101.5,128
51,ANDMDSLR_ESR1,YIPLU2,1211338.5637139706,996857.4519583499,214481.1117556207,17.70612429757214,1613733.0067569092,75.06437301845715,1.98,,128
52,MADERO_ESR1,Eolian,1196120.8727090382,782548.4001983999,413572.4725106384,34.576143761621466,1832312.3736637847,65.2793098983087,2.73,100.0,128
53,CLO_ESR1,Jupiter Power,1186011.56678718,742190.6764823083,443820.89030487166,37.42129526671907,1977469.5284614332,59.976224650599505,2.09,101.5,128
54,PLATINUM_ESR1,YSUEZ,1173510.4798169162,1024949.0829888,148561.39682811603,12.659571378629158,3058295.2720972477,38.371392406861126,2.38,,128
55,SMTH_ESS_ESR1,YBTSMS,1168392.3121063404,953636.5049390167,214755.80716732377,18.38045363206549,2583591.464628764,45.22357068067751,2.04,,128
56,ANTL_ESS_ESR1,ENGIE,1154842.6122524552,818773.1143166666,336069.4979357888,29.100891703355515,1805385.36235543,63.96654345007916,1.93,72.4,128
57,TSECA_ES_ESR1,YTIERS,1147655.5557249447,1061166.98027135,86488.57545359495,7.536109159421297,3010626.3740024623,38.120158835890344,1.97,,128
58,PLATINUM_ESR2,YSUEZ,1101065.3440593057,957766.7198155416,143298.62424376415,13.014543143776013,3048829.8786477223,36.114358225447205,2.38,,128
59,WIG_ESS_ESR1,UBS Asset Management,1089957.9880702454,744800.0520133333,345157.93605691195,31.667086239535617,1950215.7748099638,55.88909710139407,1.42,122.9,128
60,ELZA_SLR_ESR1,Enel North America,1068229.7968539307,726903.4602537833,341326.3366001474,31.95251972987421,1878686.2230047605,56.860468968863245,1.79,100.0,128
61,ALP_BESS_ESR1,YHABIT,1063818.7880903292,795564.5187708333,268254.26931949577,25.216162030851276,1800939.842555373,59.070201177895264,1.54,,128
62,TDWLPR_1_ESR2,Jupiter Power,1030389.4776879114,641471.9347588499,388917.54292906134,37.74471220355943,1763436.5746833656,58.43076481913864,1.96,102.0,128
63,JADE_SLR_ESR2,Intersect Power,1021808.373870651,849119.0656582916,172689.30821235938,16.900361420821536,1638715.7709320532,62.35421614875144,1.99,80.4,128
64,TDWLPR_1_ESR1,Jupiter Power,1018454.6938984783,626571.5117346,391883.18216387834,38.47821454519626,1763436.5746833656,57.75397360584671,1.96,102.0,128
65,JADE_SLR_ESR1,Intersect Power,1008835.7859611812,839678.332920175,169157.45304100617,16.767590463678808,1638715.7709320532,61.56258479085639,1.99,80.4,128
66,LUCKYBLU_ESR1,YLUCKB,989080.7861110996,954957.1713256249,34123.61478547455,3.4500331281980414,2147300.374032462,46.0615942730771,2.0,,128
67,CROSSTRL_ESR1,Energy Vault,970130.9466907411,694949.5400566083,275181.4066341328,28.36538794817513,1269549.8445554837,76.41534917681156,1.97,58.0,128
68,SHEEPCRK_ESR1,ENGIE,889774.2252311038,314792.6636918334,574981.5615392704,64.62106287580185,2054222.7238998746,43.314398914928596,1.29,142.0,128
69,LBRA_ESS_ESR1,ENGIE,882314.2051158824,70748.34982588323,811565.8552899993,91.9815016673577,2055261.2323896692,42.929540596161026,1.0,200.0,128
70,MUSTNGCK_ESR1,Enel North America,872767.6211029305,578967.86183885,293799.75926408055,33.662999423924674,736330.2728191337,118.52936831748464,1.18,69.3,128
71,EVLN_ESS_ESR1,Excelsior Energy Capital,860616.23969675,860616.23969675,0.0,0.0,3068665.955897152,28.045289127768264,1.99,167.5,128
72,SEVNF_ES_ESR1,YSEVFL,812876.5971232086,706674.9452553833,106201.6518678253,13.064916894357115,2416803.1668243506,33.63437322003009,1.85,,128
73,HEADCAMP_ESR1,YMOMEH,809387.3828711999,809387.3828711999,0.0,0.0,3257101.3137795688,24.849929581465176,2.42,,128
74,ENDPARKS_ESR1,Key Capture Energy,804103.3844307857,511825.0018125,292278.38261828583,36.34835871573727,1068196.394971908,75.27673639564496,1.98,50.0,128
75,HLY_ESR1,UBS Asset Management,796050.6741349911,470410.77994499996,325639.89418999123,40.90693027097048,925067.5917213492,86.05324424496531,0.98,104.7,128
76,HLY_ESR2,UBS Asset Management,791069.8327446384,466454.0506458333,324615.7820988052,41.035034918793684,925067.5917213492,85.51481424969498,0.98,104.7,128
77,CTW_ESR1,YTOTAL,787813.3587583329,770951.6726904083,16861.6860679245,2.1403148195532107,1869336.9290784579,42.144000180144495,1.46,,128
78,RADN_SLR_ESR2,YIPRAD,778711.1536278666,778711.1536278666,0.0,0.0,1644784.854075298,47.3442561012431,2.02,,128
79,HOUSEMTN_ESR1,Jupiter Power,771726.3694798029,616779.0744502416,154947.29502956133,20.078009662156102,1447274.6233827309,53.322732051781465,2.24,60.0,128
80,CROSSETT_ESR1,Jupiter Power,767726.1035700414,621623.16323775,146102.94033229141,19.030607355004715,1314047.559416074,58.424529467654686,0.99,101.5,128
81,RADN_SLR_ESR1,YIPRAD,754985.0576978333,754985.0576978333,0.0,0.0,1540092.2911983868,49.02206588608786,1.94,,128
82,ANG_SLR_ESR1,Apex Clean Energy,751755.8089621918,625802.8508812833,125952.95808090855,16.75450413276994,2162093.5724106114,34.76980915881577,1.94,103.0,128
83,CROSSETT_ESR2,Jupiter Power,733667.6659771403,590346.555960275,143321.11001686525,19.534881617821068,1314047.559416074,55.832656947604065,0.99,101.5,128
84,BCNV_ESS_ESR1,Nightpeak Energy,728145.1242621605,620530.1199563249,107615.00430583564,14.77933460240957,2422378.6559686637,30.05909594142246,2.0,150.0,128
85,TANZ_ESS_ESR1,ENGIE,724004.8931915401,237387.4645548667,486617.4286366733,67.2118977665439,2478385.583326432,29.21276245562232,1.93,132.9,128
86,STAM_SLR_ESR1,Enel North America,703474.8911697277,436656.8347362,266818.0564335278,37.92858277995774,1220240.523486276,57.65051050426286,1.57,71.5,128
87,BEXAR_ES_ESR1,YBEXES,690618.4741514211,653665.5675950916,36952.906556329464,5.3506976629512195,955064.4043625246,72.31119398826168,0.99,,128
88,TANZ_ESS_ESR2,ENGIE,687077.8898557719,193063.462577225,494014.4272785469,71.90078949888026,2478385.583326432,27.722800458417446,1.93,132.9,128
89,FENCESLR_ESR1,ENGIE,685878.0855773287,402290.71836056665,283587.36721676204,41.3466143881906,1278973.4165117147,53.627235462641565,1.43,86.6,128
90,PAVO_ESS_ESR2,ENGIE,651869.4725962422,280971.1202321417,370898.3523641005,56.89764100885104,1145247.697563373,56.91951828265262,1.01,86.5,128
91,DGFS_ESR_ESR1,Gore Street Energy Storage Fund,611656.9849508223,437677.283230725,173979.70172009734,28.443998188639245,1123424.1334755172,54.445775796052196,1.22,75.0,128
92,RBN_ESR1,Cypress Creek Renewables,604782.4790683258,166860.04141735833,437922.43765096756,72.40990815831701,1251753.4908819092,48.31482264469125,1.48,101.6,128
93,RVRVLYS_ESR1,Key Capture Energy,600122.554163835,525508.9160889332,74613.63807490184,12.433066805639857,913697.8825236749,65.68063313294208,1.99,50.0,128
94,GKS_BESS_ESR1,SA Grid Solutions,590925.6850024958,323496.20661662496,267429.4783858709,45.256025448401594,1400684.7179230622,42.18834384648113,1.94,103.0,128
95,RVRVLYS_ESR2,Key Capture Energy,554701.6910333893,496178.4576013166,58523.23343207272,10.550397516013705,913697.8825236749,60.709530102146914,1.99,50.0,128
96,PAVO_ESS_ESR1,ENGIE,545472.7706451224,259175.07392831668,286297.69671680575,52.486157352676976,1145247.697563373,47.6292396662896,1.01,86.5,128
97,STRG_SLR_ESR1,YEONCR,533832.8233295083,533832.8233295083,0.0,0.0,1819633.7393372003,29.337377725473278,1.97,,128
98,ZIER_SLR_ESR1,Cypress Creek Renewables,533393.5890933393,440157.18884207495,93236.40025126432,17.479850181504293,823284.0130015729,64.78852749109805,1.95,40.1,128
99,AZURE_ESR1,Enel North America,526440.9759440009,332450.73856045,193990.23738355096,36.84938031954912,1228011.303008568,42.86939172744144,1.5,77.2,128
100,BLUEJAY_ESR1,Enel North America,521881.3508169642,298608.014525525,223273.33629143922,42.78239410968075,736767.4722631809,70.83392935546736,1.65,51.4,128
101,ROSELAND_ESR1,Enel North America,497514.28104214615,258988.34265666665,238525.93838547953,47.94353598972834,855179.4979842309,58.17659125538579,1.46,56.3,128
102,PAD1_ESS_ESR1,YCPS,496699.53542027343,362091.5253333333,134608.01008694008,27.10049043493546,969253.3086710378,51.24558574902446,2.43,,128
103,DCSES_ESR1,Vistra corp,495635.19745859626,215541.63581344165,280093.56164515467,56.5120401217173,767575.7457750656,64.57150322775308,1.0,65.75,128
104,DAN_ESR1,TotalEnergies,489496.54723477905,480165.11440839164,9331.432826387423,1.9063327165639337,919511.2232781458,53.234428775069965,1.47,76.44999999999999,128
105,CORALSLR_ESR2,National Grid Renewables,486287.9964973736,370861.98598031665,115426.01051705696,23.736142234323147,687632.9168487018,70.71912710722812,1.2,50.3,128
106,BR_ARROW_ESR1,RWE,475903.36641257105,431433.4640561917,44469.90235637933,9.344313466744298,1030293.7071742173,46.19103883666624,1.93,51.05,128
107,BR_ARROW_ESR2,RWE,475616.724850515,475616.7243798167,0.0004706984191348108,9.896590984741969e-08,1030293.7071742173,46.16321749212535,1.93,51.05,128
108,BATCAVE_ESR1,ENGIE,474051.7135700114,43680.60164083331,430371.11192917806,90.78568848282788,1409100.0658636398,33.64216105401033,1.09,100.5,128
109,MYR_ESR1,YTOTAL,467989.29883122246,460131.32476311666,7857.974068105822,1.6790926817623137,953287.1680544782,49.09216388450095,1.49,,128
110,CORALSLR_ESR1,National Grid Renewables,467239.805879371,386457.0057800416,80782.80009932941,17.289365992114423,687632.9168487018,67.94901675455665,1.2,50.3,128
111,MYR_ESR2,YTOTAL,465460.8471721746,458321.6026797833,7139.24449239129,1.5338012930119713,925459.9054292549,50.29508511838559,1.57,,128
112,DCSES_ESR2,Vistra corp,462456.1497724906,195499.102621525,266957.0471509656,57.72591569650387,767575.7457750656,60.24892687372787,1.0,65.75,128
113,DAN_ESR2,TotalEnergies,443008.243785789,437343.6679871666,5664.57579862241,1.2786614872479536,919511.2232781458,48.17866629255727,1.47,76.44999999999999,128
114,DCSES_ESR3,Vistra corp,438721.9992224716,186213.0859837,252508.9132387717,57.555562220787316,767575.7457750656,57.15683457135148,1.0,65.75,128
115,LILY_ESR1,Enel North America,435379.7374100802,212230.72375833333,223149.0136517469,51.25388126217847,787152.4509719334,55.31072626052257,1.45,50.0,128
116,DKNS_ESS_ESR1,ENGIE,409777.05281913455,186056.85579834998,223720.19702078457,54.59558935320108,613303.2032115492,66.81475829138765,1.0,52.475,128
117,WZRD_ESS_ESR1,YWIZAR,407905.7778434817,379702.2756461833,28203.502197298407,6.9142198343952925,3000723.898657178,13.593579136888245,2.48,,128
118,DKNS_ESS_ESR2,ENGIE,406738.38085063855,187786.24674074166,218952.13410989684,53.83119578043949,613303.2032115492,66.31929830478003,1.0,52.475,128
119,DKNS_ESS_ESR3,ENGIE,404979.5618319667,182654.21017059166,222325.35166137508,54.89791896056766,613303.2032115492,66.03252024631533,1.0,52.475,128
120,BIG_STAR_ESR1,YEONCR,397024.51830012497,397024.51830012497,0.0,0.0,1013762.8608212762,39.16345070862873,1.55,,128
121,NOBLESLR_ESR1,National Grid Renewables,396282.65036114113,304750.82926331664,91531.82109782453,23.097610004982442,778420.4830990088,50.90855892993468,1.0,62.5,128
122,DKNS_ESS_ESR4,ENGIE,393976.7010027314,171711.421866575,222265.27913615637,56.41584351827329,613303.2032115492,64.2384874136774,1.0,52.475,128
123,DCSES_ESR4,Vistra corp,385341.03677962,205734.3608833333,179606.6758962867,46.60979723242022,767575.7457750656,50.20234666098248,1.0,65.75,128
124,GAMBIT_ESR1,On.Energy,382512.2126660503,340263.95728156663,42248.255384483724,11.044942876469221,1473089.6593380626,25.966661991092472,1.68,109.9,128
125,ANCHOR_ESR2,Enel North America,374425.55564384226,217196.89933333333,157228.6563105089,41.991967145550966,607431.5764016707,61.64077900952737,1.58,35.75,128
126,LOWR_ESS_ESR1,Ormat,373837.11325581925,326208.84275890834,47628.270496910925,12.740380451289912,981308.9816783217,38.095759871314925,2.0,60.0,128
127,NOBLESLR_ESR2,National Grid Renewables,368051.80419491214,274961.6066990083,93090.19749590385,25.29268881035163,778420.4830990088,47.28187556545823,1.0,62.5,128
128,NF_BRP_ESR1,ENGIE,359575.6724188573,-52089.11065916665,411664.78307802393,114.4862721965489,1109585.8043652915,32.40629710692296,1.1,100.0,128
129,MIDP_SLR_ESR1,YMIDPO,351848.3367740667,351848.3367740667,0.0,0.0,1225304.3938338787,28.715177921884504,2.69,,128
130,BYRDR_ES_ESR1,GlidePath,322878.37732519984,191743.4916,131134.88572519983,40.61432877963274,445608.97209665336,72.45778194411376,1.0,50.0,128
131,ANCHOR_ESR1,Enel North America,311445.7326614241,159793.31641666667,151652.41624475745,48.69304676253836,607431.5764016707,51.272562171755986,1.58,35.75,128
132,SUNVASLR_ESR1,ENGIE,308739.49290173367,116174.43961688333,192565.05328485032,62.37137059305218,722927.9925393234,42.70681120221526,0.99,50.7,128
133,RPUBRDS_ESR1,Key Capture Energy,280826.18345471186,244604.70482141667,36221.47863329518,12.898184274592944,858290.5315145345,32.719245190689406,1.98,50.0,128
134,TORT_ESS_ESR1,YSUEZ,262575.67099621333,51030.571786475004,211545.0992097383,80.56538460213591,407190.9315451661,64.48465588362154,0.86,,128
135,SUNVASLR_ESR2,ENGIE,257318.55936360636,99037.82391259163,158280.7354510147,61.511589308781524,722927.9925393234,35.5939404780497,0.99,50.7,128
136,NCO_ESR1,Key Capture Energy,236072.8637365654,201038.8054038667,35034.058332698725,14.840358090370506,763284.1264388454,30.928569789336454,1.96,50.0,128
137,PALACIOS_ESR1,REX Storage Holdings,235010.0867909968,229477.95889311665,5532.127897880179,2.3539959383956597,117832.77483141565,199.4437346716376,1.0,9.9,128
138,INRT_W_ESR1,NextEra Energy Resources,225618.84165416667,225618.84165416667,0.0,0.0,390945.37840007,57.711090633045394,3.8,13.0,128
139,SLCNHLS_ESR2,Key Capture Energy,219092.08287443247,182004.79973566666,37087.28313876579,16.927714891469403,887635.2859811928,24.682669372730928,1.98,50.0,128
140,ADL_ESR1,YLIB1S,211496.7208799992,157217.7357833333,54278.985096665885,25.66422064172955,565060.2299621706,37.42905794204599,0.51,,128
141,SLCNHLS_ESR1,Key Capture Energy,207470.33570208255,171192.11262655834,36278.22307552419,17.48598080431989,887635.2859811928,23.37337631556013,1.98,50.0,128
142,BCK_ESR1,YOL300,202849.02714174165,202849.02714174165,0.0,0.0,1820786.4888595433,11.140736620294064,1.42,,128
143,BCK_ESR2,YOL300,202348.39424110833,202348.39424110833,0.0,0.0,1871054.303998239,10.814672444766133,1.42,,128
144,JUNORTH_ESR1,Adapture Renewables,185225.18993489016,170706.09048297498,14519.099451915154,7.838620360988085,341747.7153519285,54.19939376746002,1.62,9.9,128
145,HI_LONEB_ESR1,YENELT,161813.10751962152,143197.90401365832,18615.203505963203,11.504138194556282,854030.2796296865,18.946998880389206,1.42,,128
146,PYR_ESR3,RWE,153485.96160032426,80625.314474,72860.64712632426,47.470561064113845,163133.21719999998,94.08627147477372,1.0,13.299999999999999,128
147,PYR_ESR2,RWE,144193.22732438118,62768.40281245833,81424.82451192284,56.4692434054113,163133.21719999998,88.38986308202422,1.0,13.299999999999999,128
148,ELM_ST_ESR2,YNPCEC,143419.01558943652,142629.58100355833,789.4345858781808,0.5504392723891534,233800.83810706774,61.34238728595087,6.85,,128
149,CNTRY_ESR1,Prologis,138636.68360219948,111315.45769593332,27321.225906266154,19.707068285520286,190894.70005644942,72.62468971700275,1.92,9.9,128
150,RUSSEKST_ESR1,Hunt Energy Network,135985.83466393696,105535.57691666667,30450.257747270283,22.392227707041904,215978.31726763534,62.962725325536475,1.09,9.9,128
151,JUNCTION_ESR1,Hunt Energy Network,134324.9469906227,104021.85905,30303.087940622718,22.559538357933015,245288.94618306402,54.76192428596979,1.0,9.9,128
152,QUEEN_BA_ESR1,YENELT,133431.3368396242,113041.64789085834,20389.688948765852,15.281034749185595,810402.2162625985,16.464828718630724,1.42,,128
153,SPTX12B_ESR1,Ormat,131914.3248580658,102600.58560475832,29313.739253307485,22.22180137361717,329956.346277925,39.9793264612505,1.0,25.1,128
154,TNFS_ESR1,YFTSCE,128107.03938998225,127289.21153761665,817.8278523655936,0.6383941555904432,203166.33331665565,63.05525000065549,1.42,,128
155,FLAT_TOP_ESR2,YFLOWE,121892.93666269141,100378.9298632,21514.006799491413,17.64992081454737,204375.64113403668,59.641616773081964,1.9,,128
156,TV_ESR1,Agilitas Energy,119281.77204568559,62411.536250525,56870.2357951606,47.677222445504064,183513.30231228186,64.99897857143107,2.12,9.9,128
157,PIN_BESS_ESR1,YPINTP,118083.67508758332,118083.67508758332,0.0,0.0,970227.2034031563,12.170723998811265,1.42,,128
158,ALAMO_ST_ESR1,YALCEC,116705.75071185394,115801.98613225001,903.7645796039402,0.7743959265857701,206335.80006195355,56.56107698073352,2.02,,128
159,AE_ESR1,TotalEnergies,115626.79083605207,72222.46611083334,43404.32472521873,37.53829403322452,1951098.4693761033,5.926240661396536,1.64,149.2,128
160,MEDILA_ESR1,YREGME,114888.06278296666,114888.06278296666,0.0,0.0,211092.5580916792,54.42544437453349,1.21,,128
161,RIO_GRAN_ESR2,Prologis,109015.18492328476,66814.17937833333,42201.00554495143,38.71112595428679,206444.9427628663,52.80593627740517,2.26,9.9,128
162,CR_ESR1,Prologis,105697.40783730838,78605.97103868333,27091.436798625044,25.63112696228534,168937.01678900022,62.56616213918519,2.02,9.9,128
163,PEARSALL_ESR1,YSUNSE,105213.76271119734,61709.97640670833,43503.786304489,41.34799971359557,200950.58017800326,52.35802883375521,2.45,,128
164,HAMILTON_ESR1,Hunt Energy Network,104994.61701146618,75900.79133333333,29093.825678132842,27.709825995132288,164449.5135984163,63.84610979626353,1.0,9.9,128
165,NWF_ESR1,Duke Energy,101468.20216255622,-37529.370991974996,138997.57315453122,136.98633679529613,165803.4265710407,61.19789214312817,0.35,36.0,128
166,BELD_ESR1,Jupiter Power,101021.05874378911,83329.26827475,17691.790469039115,17.51297272968526,166415.65836072015,60.704058583728546,2.0,7.5,128
167,PYOTE_ESR1,Jupiter Power,100703.34157154518,79900.7586087,20802.58296284519,20.657291643163493,224519.97793368617,44.85273092325385,2.0,9.9,128
168,WOVER_ESR1,Gore Street Energy Storage Fund,97325.91882905504,78399.38152916667,18926.537299888365,19.44655393711851,227671.0760240762,42.74847755310069,2.02,9.9,128
169,CISC_ESR1,Hunt Energy Network,96471.62298165952,66362.11663333332,30109.506348326206,31.210738886449963,154581.40797917306,62.40829621286491,1.09,9.9,128
170,SWTWR_ESR1,YSWTWA,95344.32945286734,57467.266919166665,37877.062533700686,39.72660225422728,246971.95249232365,38.60532683598184,3.13,,128
171,FORTMA_ESR1,YMASON,93991.72490595731,56570.543490025,37421.18141593232,39.8132723421916,143749.72804391567,65.38567146175244,0.99,,128
172,MU_ESR1,On.Energy,92588.15570044113,58813.01995756666,33775.13574287445,36.478894613853434,163261.81222111883,56.71145900000265,1.97,10.0,128
173,FRMRSVLW_ESR2,Hunt Energy Network,92533.64284925618,51936.785455816665,40596.85739343952,43.87253775318741,164806.3749215035,56.146883209663166,1.52,9.9,128
174,GRDNE_ESR1,YHENI1,92068.4818625622,62786.61870833333,29281.863154228868,31.804437916050567,139466.58308587698,66.01472540979279,1.06,,128
175,CITRUSCY_ESR1,Prologis,90809.69935163655,52897.76792666667,37911.93142496987,41.748768794141625,162030.91290212778,56.044675503673005,2.26,9.9,128
176,JDKNS_ESR1,Hunt Energy Network,89559.989207383,60122.14445,29437.844757382998,32.86941525776362,130438.51038577894,68.66069609542804,1.0,9.9,128
177,CATARINA_ESR1,Hunt Energy Network,89382.52499443856,60252.26299166666,29130.2620027719,32.59055615690472,153173.71536300099,58.35369650896961,1.0,9.9,128
178,WR_ESR1,YIEYES,88513.49483197927,69750.9452531,18762.549578879272,21.197388730944674,157074.1167036076,56.35141975619102,1.98,,128
179,SANDLAKE_ESR1,Hunt Energy Network,88351.55717553283,59001.445016666665,29350.112158866155,33.219688590835695,129864.77446561087,68.03350449657844,1.0,9.9,128
180,MILTON_ESR1,YREGMI,87852.65730425876,44619.088001824995,43233.56930243377,49.21145316379402,139403.68756085838,63.0203252449155,1.33,,128
181,FAULKNER_ESR1,Enel North America,87022.65309950335,57632.91700833333,29389.736091170023,33.77251214987119,241918.61032690838,35.97187210273252,1.22,15.9,128
182,LONESTAR_ESR1,Hunt Energy Network,85914.07813351719,56685.87905833333,29228.199075183857,34.02026735334452,129963.62484463477,66.10624952652968,1.0,9.9,128
183,CEDRVALE_ESR1,Hunt Energy Network,85613.53612317564,56709.16208333333,28904.374039842303,33.761453327025784,129291.33341121527,66.21753667809969,1.0,9.9,128
184,GOMZ_ESR1,Hunt Energy Network,85278.99535349512,56276.15623333333,29002.839120161778,34.00935834192272,129747.9807216225,65.72664551632855,1.0,9.9,128
185,RTLSNAKE_ESR1,Hunt Energy Network,84806.29125820899,55784.662666666656,29021.62859154232,34.22107978190016,129964.16400746607,65.25359656323192,1.0,9.9,128
186,CS_ESR1,On.Energy,84686.63496111314,54118.773287724995,30567.861673388154,36.095260707223126,155520.24916932773,54.453767540526385,2.02,9.9,128
187,CHERRYCR_ESR1,Hunt Energy Network,84407.51266860194,55605.21935,28802.293318601936,34.12290258058495,129870.85958241759,64.9934195707975,0.95,10.4,128
188,MNWLE_ESR1,YHENI1,84071.65115387122,54110.29926666667,29961.351887204546,35.63787730583298,132466.84446755023,63.46618392836092,0.89,,128
189,SADLBACK_ESR1,Hunt Energy Network,83642.25806149982,54573.42899166667,29068.829069833148,34.75375933593238,129791.6885603426,64.44346243527987,1.0,9.9,128
190,OLNEYTN_ESR1,Hunt Energy Network,83626.11609896504,53217.14566666667,30408.970432298353,36.36300697776241,134267.57071289592,62.28318249518537,1.0,9.9,128
191,MOORE_FL_ESR1,REX Storage Holdings,81834.2973275102,42062.05352475833,39772.243802751866,48.60094740421465,86466.85769539431,94.64238612185525,1.0,9.9,128
192,COYOTSPR_ESR1,YBEEPR,81154.91352549553,55572.94295,25581.97057549554,31.522392747616863,131788.62078184984,61.579606072235585,1.05,,128
193,SBEAN_ESR1,Hunt Energy Network,81076.00199190975,52154.31576666666,28921.686225243102,35.67231426646948,129957.36756467356,62.386614557702636,1.0,9.9,128
194,PIRATE_ESR1,YREGSI,81039.71935354915,33646.131209349995,47393.58814419915,58.481925310521866,97147.52467981541,83.41923236916708,1.32,,128
195,SGSA_ESR1,NW Group,80585.74997335367,75322.60590591666,5263.144067437004,6.531110114601285,191054.38281208524,42.179482505049435,2.02,9.9,128
196,FRMRSVLW_ESR1,Adapture Renewables,78552.72031470771,48265.994725,30286.725589707716,38.555922020738755,129593.19706985955,60.61484868867186,1.1,9.9,128
197,CAMWIND_ESR1,Ingka Investments,76883.02772426323,50895.41766258333,25987.6100616799,33.80149147466336,239405.66022693383,32.114122803690364,2.0,16.4,128
198,MAINLAND_ESR1,Hunt Energy Network,76103.55396821444,43266.53190833333,32837.02205988112,43.147816820218274,99359.19427211539,76.5943751111642,1.0,9.9,128
199,HOLCOMB_ESR1,Hunt Energy Network,75659.89745952045,45993.163583333335,29666.733876187114,39.21064510041057,119853.4950625404,63.126984674114496,1.0,9.9,128
200,PAULN_ESR1,Hunt Energy Network,74551.53874026438,44052.45411666666,30499.084623597715,40.91006723530648,113148.40623131869,65.888280023894,1.0,9.9,128
201,ZAPATA_ESR1,YBRPIN,74336.80263378238,19249.280959958334,55087.521673824056,74.1053148939036,104615.68216159235,71.05703571187314,0.96,,128
202,W_HARLIN_ESR1,YSMTTX,74120.50260378764,45299.45456594166,28821.048037845976,38.88404291037982,113212.51130443643,65.4702397727689,1.14,,128
203,DIBOL_ESR1,YHENI1,73214.52985013087,43043.530666666666,30170.999183464213,41.20903220333973,117534.94659816464,62.29171150299748,0.99,,128
204,ZAPATA_ESR2,ENGIE,72831.07481968706,18721.904532474997,54109.17028721205,74.29407079488237,215680.77973703947,33.767994954619304,1.01,19.8,128
205,CARRIZO_ESR1,YREGCS,72790.82311695084,67258.73651799999,5532.086598950839,7.599978076992757,154788.5232581694,47.02598202034923,1.22,,128
206,LFSTH_ESR1,Hunt Energy Network,72461.20108679796,42464.957383333334,29996.243703464632,41.396282774189054,114493.30999382677,63.28858960467202,1.0,9.9,128
207,FALFUR_ESR2,Hunt Energy Network,71922.91245870621,16122.7531076,55800.15935110621,77.5832866656273,82229.84935245637,87.46569892208824,1.15,9.9,128
208,GREGORY_ESR1,REX Storage Holdings,71646.11559562192,37368.950774325,34277.16482129691,47.84232129870204,76110.69260580155,94.13410014108933,1.0,9.9,128
209,LOPENO_ESR1,YSUEZ,71502.20339278804,19973.284833241665,51528.91855954638,72.06619672470647,96530.38460220146,74.07222470670376,1.0,,128
210,DPCRK_ESR1,Gore Street Energy Storage Fund,71371.91496778817,45898.25629333333,25473.658674454833,35.691432247476754,218387.80119020684,32.681273669506,2.0,10.0,128
211,LIGSW_ESR1,Prologis,71104.47254470398,43726.98661759167,27377.485927112313,38.50318404359143,116233.39309834773,61.173876671173886,0.97,9.8,128
212,MV_VALV4_ESR1,Hunt Energy Network,71098.87046077162,36984.867216666666,34114.003244104955,47.98107624357711,94554.7471209183,75.19333785521007,1.0,10.0,128
213,N_MERCED_ESR1,SMT Energy,70965.660668861,40236.85618046667,30728.80448839433,43.3009489361068,108080.8328887534,65.65980180954499,1.0,10.0,128
214,TYNAN_ESR1,Hunt Energy Network,70552.99726603396,36767.57063333334,33785.42663270062,47.88659297535727,89913.93692586459,78.46725399668126,1.09,9.9,128
215,BAY_CITY_ESR1,SMT Energy,70480.27079920028,43249.18082685833,27231.089972341946,38.636471829008535,90431.84651034261,77.93744517993395,1.0,9.9,128
216,PUEBLO_ESR1,YSUEZ,69567.95206823961,28831.402435924996,40736.54963231462,58.55648818346112,140244.47529415667,49.60477189730566,1.0,,128
217,N_ALAMO_ESR1,SMT Energy,69495.61731041945,33952.422401649994,35543.19490876944,51.14451282590515,91980.92065586375,75.5543832513152,1.0,10.0,128
218,PAVLOV_ESR1,Hunt Energy Network,68900.45514499194,36529.15773333333,32371.297411658605,46.98270474924654,94677.0984719457,72.77415157099286,1.0,9.9,128
219,SP_ESR1,On.Energy,67733.85718970893,41475.76301174167,26258.094177967254,38.76657150119712,177662.52152263254,38.12501174091479,2.02,9.9,128
220,L_463S_ESR1,YSUEZ,67217.91877882779,12482.807868491669,54735.11091033612,81.429344890066,77057.3262812453,87.23105514133017,0.88,,128
221,EUNICE_ESR1,Orsted,66454.87420151813,55704.110761924996,10750.763439593133,16.17753937354912,526868.8205429864,12.613172693163039,0.99,40.3,128
222,MAYBERRY_ESR2,SMT Energy,64492.11901942786,34534.249377291664,29957.869642136193,46.45198529313569,113528.72114260934,56.806875273804906,1.46,9.9,128
223,PUEBLO_ESR2,ENGIE,64404.91631616421,28209.28211694166,36195.63419922254,56.20011059643011,280976.6597534529,22.921802961383783,1.01,19.8,128
224,FLAT_TOP_ESR1,YKEYCA,64122.272345918,58083.069046041666,6039.203299876341,9.418261516524055,146743.11307551037,43.69695517698487,1.44,,128
225,L_FRESNO_ESR1,SMT Energy,63794.65734007664,33589.61688754166,30205.040452534977,47.34728849081814,84936.98399536738,75.10822063514301,1.0,10.0,128
226,FALFUR_ESR1,Hunt Energy Network,63027.24830165555,28626.770991666664,34400.477309988884,54.58032555275823,81833.33056638655,77.01904329865356,1.0,9.9,128
227,WEIL_TRC_ESR1,Hunt Energy Network,63006.152721847204,29161.884033333332,33844.26868851387,53.71581540286377,84964.19510202005,74.15612264224136,1.09,9.9,128
228,RIO_GRAN_ESR1,SMT Energy,62902.595216589696,32568.10964528333,30334.48557130637,48.224537424659495,124412.95634404811,50.559521343292104,1.0,10.0,128
229,ELSA_ESR1,SMT Energy,62553.0222310046,31600.36342823333,30952.658802771275,49.48227551414693,95477.60482238351,65.515910613145,1.0,10.0,128
230,MUENSTER_ESR1,Excelsior Energy Capital,61294.8981498911,51294.50725609166,10000.390893799455,16.315209251746218,171644.95479880951,35.710282438383814,1.22,9.9,128
231,ODESW_ESR1,ENGIE,60957.08220238084,20786.746678508338,40170.335523872505,65.89937390786652,133344.41473002586,45.714012338497156,1.0,9.9,128
232,MIDWY_ESR1,Prologis,60191.212212691986,49725.75221483334,10465.459997858647,17.387023143640707,130610.30439996767,46.084581526101154,1.0,9.9,128
233,S_SNROSA_ESR1,SMT Energy,59478.30358514092,28679.508580816666,30798.795004324264,51.78156259994363,92951.19711303402,63.988744021028445,1.0,10.0,128
234,HEIGHTTN_ESR1,ENGIE,59280.790161708705,6239.158259875001,53041.631901833694,89.4752444377756,100017.2903756141,59.27054206235761,1.0,9.9,128
235,K0_ESR1,YSUEZ,58421.595370983174,19081.04455990833,39340.55081107484,67.33905597965662,95557.47194082236,61.13765274908381,0.99,,128
236,EMPCT_ESR1,YSMTII,57797.80018031955,48135.724837216665,9662.075343102886,16.71702956333773,154480.26364943973,37.41435884099695,1.33,,128
237,PRCRK_ESR1,SMT Energy,57676.03963770944,48260.91291470833,9415.12672300111,16.324156065745825,175940.66944167673,32.78152789843095,1.52,9.9,128
238,BRAZORIA_ESR1,ENGIE,57318.98305004675,7109.05850055,50209.92454949675,87.59737503656879,89036.91271419756,64.37665155129176,1.0,10.0,128
239,CFLAT_ES_ESR1,YCITFE,57095.023662858344,57095.023662858344,0.0,0.0,2229566.569007967,2.5608126914220124,1.42,,128
240,MAYBERRY_ESR1,SMT Energy,56841.69426055599,27942.478793208335,28899.21546734765,50.841580011455804,85086.84222924135,66.80432928444195,1.0,10.0,128
241,LAURELES_ESR1,YREGL,56790.643681782494,45084.43035336666,11706.213328415837,20.612925949580315,105130.90941307227,54.01897881301975,1.22,,128
242,SWEENY_ESR1,YSUEZ,56176.17502023831,15572.250335183333,40603.924685054975,72.2796179526762,78384.02253036271,71.6678899688747,0.9,,127
243,ANGLETON_ESR1,ENGIE,55639.011254549354,6664.275479941666,48974.73577460769,88.02229707236798,177122.38415038268,31.41274973315062,1.0,19.9,128
244,WCOLLOCL_ESR1,YGLIDE,55530.70340032151,3820.3020101833326,51710.40139013818,93.1203788602447,44207.467355849774,125.61385377118506,0.23,,128
245,GARCENO_ESR1,SMT Energy,52411.964701462886,18682.50197596666,33729.46272549621,64.35450935224105,246210.72330305283,21.287441910867013,1.0,19.9,128
246,GOODWIN_ESR1,YREGGO,50510.562913926384,38995.72059215833,11514.842321768057,22.796899613631656,95870.02579854109,52.68650184789565,0.32,,128
247,MAGNO_TN_ESR1,YSUEZ,48487.01344447655,11076.283081324998,37410.73036315155,77.15618617342008,66497.58491081513,72.91545025207472,0.86,,128
248,DICKNSON_ESR1,YSUEZ,47929.74013849618,8733.743346233332,39195.99679226284,81.77802900454581,58223.935055691254,82.31965100375186,0.71,,128
249,POTEETS_ESR1,YHENI1,47249.72581760315,30181.053625,17068.672192603142,36.1243835752463,95373.17878609395,49.54194294349396,1.09,,128
250,GZ_ESR1,YREGGE,45170.62906433539,38630.75057786667,6539.878486468728,14.478165617649786,104078.6573397815,43.40047250693158,1.3,,128
251,ALVIN_ESR1,ENGIE,42538.5200815192,-1832.8693491500005,44371.389430669195,104.30872852566932,100025.290316032,42.52776467543144,1.0,10.0,128
252,LYSSY_ESR1,YREGLY,37624.16338509167,37624.16338509167,0.0,0.0,133730.92219439094,28.134228619467137,1.26,,128
253,STADIUM_ESR1,YBESST,36408.31124600833,36408.31124600833,0.0,0.0,141343.85815681706,25.75867938005083,0.74,,128
254,DA_ESR1,YBACCH,31624.111723255584,28555.848901666664,3068.262821588917,9.702289343142539,80122.53470517347,39.46968457703277,2.19,,128
255,GZ_ESR2,YESTH7,31528.676861321244,25200.278527216666,6328.398334104577,20.071880472307832,121746.22837139847,25.89704607943994,2.41,,128
256,X4_ESR1,CPS Energy,31401.08964293457,29716.086241041667,1685.0034018929007,5.366066659002187,105721.02303096413,29.701840506913797,1.0,10.0,128
257,ELMCRK_ESR1,YDGSP2,31108.9763522,31108.9763522,0.0,0.0,85095.37834871063,36.55777429500243,1.42,,123
258,GEORSO_ESR1,Ormat,31076.367531745826,19211.08043935,11865.287092395825,38.18106179969371,103303.93481019716,30.08246257883903,1.0,9.9,128
259,HEARN_RD_ESR1,Excelsior Energy Capital,30968.312231116666,30968.312231116666,0.0,0.0,80218.82561788139,38.60479381564718,1.0,9.9,128
260,BLSUMMIT_ESR1,NextEra Energy Resources,29801.749405,29801.749405,0.0,0.0,98040.83316651583,30.397282889654463,0.42,15.0,128
261,E_HARRIS_ESR1,YAGPC5,27666.188935366667,27666.188935366667,0.0,0.0,141256.08242211008,19.585839038557552,1.42,,128
262,OLMITO_ESR1,YAGPC7,27621.81514210833,27621.81514210833,0.0,0.0,124504.26018441338,22.185437752246724,1.42,,128
263,CASL_GAP_ESR1,Luminant,26751.237960833332,26751.237960833332,0.0,0.0,366912.4820419926,7.290904308284528,4.24,9.9,128
264,JOHNCI_ESR1,Pedernales Electric Cooperative,23702.553092315775,23553.4617,149.09139231577245,0.6290098443619012,24384.737540025904,97.20241217855894,1.0,2.3,128
265,MESQUITE_ESR1,YBESLF,23178.052415558333,23178.052415558333,0.0,0.0,121517.26676504851,19.07387569897592,1.42,,128
266,WORSHAM_ESR1,Key Capture Energy,20576.378617717397,3265.1255081166682,17311.253109600726,84.13168046341634,206185.50824771012,9.979546473749771,1.81,9.9,128
267,HV_ESR1,YREGHI,19130.170309840927,11604.158762,7526.011547840928,39.34105878800986,85690.47982653564,22.32473239567147,0.69,,128
268,PYR_ESR1,RWE,19120.340928541664,19120.340928541664,0.0,0.0,163133.21719999998,11.720691381388184,1.0,13.299999999999999,128
269,MDWPK_ESR1,YMEADP,18402.575951841667,18402.575951841667,0.0,0.0,142874.03598555372,12.88028004871535,1.42,,128
270,INDL_ESR1,RWE,18122.36688532602,18122.366774525,0.00011080102040816325,6.114047966763141e-07,121429.98874285715,14.92412794643533,1.0,9.9,128
271,LANTANA_ESR1,YAGPC2,17696.564477466665,17696.564477466665,0.0,0.0,99090.21272045879,17.859043786080118,1.42,,128
272,BY_ESR1,YESTHB,13712.197570364631,13519.420374483334,192.77719588129733,1.4058811134543114,110558.44534968333,12.402668585827675,2.5,,128
273,ABINDUST_ESR1,YDIST,13336.171728791667,13336.171728791667,0.0,0.0,126908.59711781402,10.508485659494918,1.42,,128
274,UTOPIA_ESR1,YREGUT,12414.500206516666,12414.500206516666,0.0,0.0,74253.63041984652,16.719048127778162,1.42,,123
275,Z0_ESR1,YBEXCO,9444.166688075,9444.166688075,0.0,0.0,169946.3433381674,5.557146157174175,1.42,,128
276,FERD_ESS_ESR1,YCPS,7743.452091508333,7743.452091508333,0.0,0.0,402650.70308424905,1.9231189793522163,1.42,,123
277,PRTLAVS_ESR1,Key Capture Energy,4640.4226395161895,351.3449466583333,4289.077692857856,92.42860028165528,115960.04550155139,4.001742685978945,1.2,9.9,128
278,GODY_SLR_ESR1,YMRGS,4479.713049574999,4479.713049574999,0.0,0.0,538796.2420754712,0.8314298986791204,1.42,,128
279,ELM_ST_ESR1,YELMST,2597.0670815749995,2597.0670815749995,0.0,0.0,0.0,0.0,1.42,,128
280,PAD3_ESS_ESR3,Eolian,933.7894166666667,933.7894166666667,0.0,0.0,1132120.7687161136,0.08248143152833727,2.37,51.4,128
281,HRMS_SLR_ESR1,YBELST,758.4700603916666,758.4700603916666,0.0,0.0,59634.36944420132,1.2718673266116307,1.42,,117
282,CONTINEN_ESR1,REX Storage Holdings,3.1473663003669117,-2257.5976666666666,2260.745032967033,71829.74008152407,123427.7460551713,0.0025499666006702105,1.0,9.9,128
283,AMAD_ESS_ESR1,YBTAMS,0.0,0.0,0.0,0.0,672792.4230091475,0.0,1.42,,128
284,CNTYRDS_ESR1,YCORDI,0.0,0.0,0.0,0.0,0.0,0.0,1.42,,128
285,BCNV2_ES_ESR1,YBOCP2,0.0,0.0,0.0,0.0,0.0,0.0,1.42,,39
286,LK_ESR1,YESTH5,0.0,0.0,0.0,0.0,0.0,0.0,1.42,,95
287,HWY6_ESR1,YHWY6,0.0,0.0,0.0,0.0,0.0,0.0,1.42,,128
288,HARLIN_1_ESR1,SMT Energy,0.0,0.0,0.0,0.0,113570.13641789583,0.0,1.0,10.0,128
289,GRIZZLY_ESR1,YGRIZZ,0.0,0.0,0.0,0.0,161274.4006875748,0.0,1.42,,128
290,ESCONDID_ESR1,YREGES,0.0,0.0,0.0,0.0,0.0,0.0,1.42,,128
291,HDNLAKES_ESR1,YSBES6,0.0,0.0,0.0,0.0,0.0,0.0,1.42,,49
292,KEG_ESR1,YSMTX3,0.0,0.0,0.0,0.0,405.89864320116055,0.0,1.42,,94
306,NEDIN_ESR1,YINFGC,0.0,0.0,0.0,0.0,0.0,0.0,1.42,,128
307,CHISMGRD_ESR1,YCHISH,0.0,0.0,0.0,0.0,0.0,0.0,1.42,,35
305,DRAK_ESS_ESR1,YMALES,0.0,0.0,0.0,0.0,991181.1659656165,0.0,1.42,,63
296,BUDA_ESR1,YBUDAI,0.0,0.0,0.0,0.0,0.0,0.0,1.42,,128
297,SE_EDINB_ESR1,,0.0,0.0,0.0,0.0,0.0,0.0,1.42,,121
298,DRAK_ESS_ESR2,YMALES,0.0,0.0,0.0,0.0,660787.4439770776,0.0,1.42,,63
299,DA_ESR2,,0.0,0.0,0.0,0.0,0.0,0.0,1.42,,121
300,COTULLA_ESR1,,0.0,0.0,0.0,0.0,0.0,0.0,1.42,,121
301,OR_ESR1,YIEPTE,0.0,0.0,0.0,0.0,117554.35075243657,0.0,1.42,,128
302,BIRD_BES_ESR1,YVES37,0.0,0.0,0.0,0.0,0.0,0.0,1.42,,61
303,PALMVIEW_ESR1,,0.0,0.0,0.0,0.0,0.0,0.0,1.42,,121
304,MESQUITE_ESR2,YMSCEC,0.0,0.0,0.0,0.0,0.0,0.0,1.42,,128
293,HNY_COMB_ESR1,YHONHO,0.0,0.0,0.0,0.0,423512.30744954885,0.0,1.42,,95
294,APPLE_ESR1,YAPPFR,0.0,0.0,0.0,0.0,0.0,0.0,1.42,,128
295,KNAPP_ESR1,YKNAPP,0.0,0.0,0.0,0.0,0.0,0.0,1.42,,128
308,TORR_ESR1,YNEXTE,-58.59167083333333,-58.59167083333333,0.0,-0.0,0.0,0.0,1.42,,128
309,QTUM_SLR_ESR2,YIPQB2,-287.9473109250006,-287.9473109250006,0.0,-0.0,925386.4125350587,-0.031116440335035887,1.42,,128
310,QTUM_SLR_ESR1,YIPQB2,-386.3519235833336,-386.3519235833336,0.0,-0.0,927125.5743573855,-0.04167201663605537,1.94,,128
311,DA_ESR3,Vopak Energy Storage Texas,-3516.5112058333334,-3516.5112058333334,0.0,-0.0,69244.93468012968,-5.078365980237427,1.42,5.0,128
312,SLK_BESS_ESR1,YMENTB,-6180.623803216666,-6180.623803216666,0.0,-0.0,2853418.229717625,-0.21660420259627705,1.42,,128
313,ARY_BESS_ESR1,YBTCS,-6371.299948574999,-6371.299948574999,0.0,-0.0,0.0,0.0,1.42,,128
314,LYNX_ESS_ESR1,YCORBS,-7468.935369158333,-7468.935369158333,0.0,-0.0,37896.65383998263,-19.708693545070403,1.42,,93
315,DESN_ESS_ESR1,YSUEZ,-7919.883115683333,-7919.883115683333,0.0,-0.0,1069198.9019422166,-0.7407305695223537,1.42,,126
316,SOLC_SLR_ESR2,YIPQB,-10603.204244175,-10603.204244175,0.0,-0.0,463125.9523063956,-2.289486087180041,1.42,,128
317,SOLC_SLR_ESR1,YIPQB,-13230.193437566666,-13230.193437566666,0.0,-0.0,569566.9638163183,-2.322851267376757,1.42,,128
318,CARA_ESS_ESR1,YHEI8,-17548.499379166667,-17548.499379166667,0.0,-0.0,590929.4206011306,-2.969643880874171,1.42,,95
319,SAH_ESR1,YESTH2,-21271.71015054167,-21271.71015054167,0.0,-0.0,2869045.8636328713,-0.7414210563928315,1.42,,123
320,GAIA_SLR_ESR1,YGAIA,-24648.5138984,-24648.5138984,0.0,-0.0,539522.2158026277,-4.568581826001603,1.42,,128
321,HEN_ESR1,YCROWN,-28830.1099328,-28830.1099328,0.0,-0.0,1187447.3076521363,-2.427906463471119,1.42,,128
322,PAD2_ESS_ESR2,YCPS,-32192.561650658332,-32192.561650658332,0.0,-0.0,853957.9392007774,-3.769806470888657,1.42,,123
323,SAH_ESR2,YESTH2,-32425.653087066665,-32425.653087066665,0.0,-0.0,2500796.3535471745,-1.2966130985065432,1.42,,123
324,RHA_ESR1,YDESTS,-37700.03574726666,-37700.03574726666,0.0,-0.0,1542212.8332908764,-2.444541695767102,1.42,,128
325,VERT_ESS_ESR1,YNRGTX,-42909.300524658334,-42909.300524658334,0.0,-0.0,2700257.826562839,-1.5890816092653501,1.42,,128
326,HEN_ESR2,YEONCR,-43582.82019714166,-43582.82019714166,0.0,-0.0,422027.36651351687,-10.327012808953889,1.42,,123
327,CAST_ESS_ESR1,YSUEZ,-207579.68181858334,-207579.68181858334,0.0,-0.0,1567432.1522648719,-13.243296146416267,1.42,,126
