rank,resource_name,da_energy_rev,rt_energy_rev,deviation_penalty,regup_rev,regdn_rev,rrs_rev,ecrs_rev,nonspin_rev,total_rev,settlement_point,hsl,qse,company,capacity_mw,site,eff_capacity_mw,duration_hours,optimization_rate
1,ANOL_ESS_ESR1,1078000.1319166666,2235051.0283181416,0.0,0.0,0.0,95930.94831525121,39911.51249663361,359377.2891084582,3808270.910155151,ANOL_ESS_RN,240.0,QESVEM,esVolta,247.1,Anole BESS,247.1,1.94,75.09266475801563
2,CNLY_ESS_ESR1,2089996.1130833335,634560.5893476501,0.0,104373.18480841568,148471.6819554656,115856.2765707306,70088.95210366628,480149.10623760533,3643495.904106867,CNLY_ESS_RN,125.0,QSUE76,YBTCOS,,,125.0,1.96,140.79190745710716
3,BOCO_ESS_ESR1,720245.723,1858728.7250823083,0.0,822.9263155348901,7523.157495069047,229729.64430870704,58554.3668221493,262152.8212446577,3137757.3642684263,BOCO_ESS_RN,150.0,QTEN28,Aypa Power,154.0,BoCo BESS,154.0,1.95,106.80347594218516
4,WAL_ESR1,1841009.7892499997,54716.17311166667,0.0,111342.87125108385,92016.01421832546,70915.26404399889,226497.53662787483,718116.4017622988,3114614.0502652484,WAL_RN,200.0,QSUE92,Tesla,200.0,Walstrom BESS,200.0,2.0,104.95466961829078
5,AVIL_ESS_ESR1,1688526.5432499999,494671.8757167833,0.0,115653.49546744645,37689.78380796428,270648.21317778836,275372.5155676971,200313.49131723333,3082875.9183049127,AVIL_ESS_RN,160.0,QSU100,ENGIE,160.0,Avila BESS,160.0,2.0,91.1775700243707
6,CACH_ESS_ESR1,1256292.2778333332,492684.6945108082,0.0,132346.30972585862,49359.627240995505,247160.90988482835,332832.44273863884,371011.37952944695,2881687.6414639098,CACH_ESS_RN,200.0,QSU100,ENGIE,200.0,Cachi BESS,200.0,2.0,79.69832290461224
7,BLVN_SLR_ESR1,2173339.7130833333,274661.0737607,0.0,370.5001511649821,293.4043177854674,48811.482832356545,66742.96880772687,277076.2340712696,2841295.3770243363,BLVN_RN,180.0,QSHEL8,National Grid Renewables,188.0,Blevins Storage,188.0,1.91,70.8599176257645
8,SHAMROCK_ESR1,1978211.9411666666,805043.286882275,0.0,0.0,0.0,0.0,0.0,0.0,2783255.228048941,SHAMROCK_RN,99.3,QFPL40,NextEra Energy Resources,99.3,Shamrock Energy Storage (SLF),99.3,2.62,92.61949847862063
9,TURQBESS_ESR1,1304314.6867499996,634138.6695698665,0.0,2728.180251572792,3444.6718270826987,279458.8214813676,143868.12976516763,174193.04883445665,2542146.208479514,TURQ_BESS1,188.0,QHEI3,YBTCUN,,,188.0,1.95,71.20503933836395
10,CHIL_SLR_ESR1,1669129.6165833331,-242919.76464447496,0.0,153638.35497874286,66114.82066186843,329272.7168071474,243783.38508616068,104291.67442540446,2323310.8038981818,CHIL_SLR,150.0,QSUE88,YSUEZ,,,150.0,2.25,59.46914537273725
11,BLSUMMIT_ESR2,639595.4156666667,1654083.2356394832,0.0,0.0,0.0,0.0,0.0,0.0,2293678.6513061495,BLSMT1_5_A_6,150.0,QFPL48,NextEra Energy Resources,15.0,Blue Summit,15.0,0.42,5151.624044452674
12,PINEFRST_ESR1,42397.7585,2211858.572775449,0.0,3390.9835487475343,7398.335471102827,13.997909666666668,333.511478974811,12960.065856081443,2278353.2255400224,PINEFRST_RN,200.0,QTEN21,YPFHYB,,,200.0,1.98,48.13947260947505
13,DSWL_ESS_ESR1,1723896.65,256775.27962335004,0.0,18058.577862716775,22122.61969457321,41703.7039425576,35633.43405355328,134212.01154231053,2232402.276719061,DSWL_BES1,150.0,QPHIL3,esVolta,150.0,Desert Willow BESS,150.0,2.0,92.438794371309
14,JAG_SLR_ESR1,638292.9920833333,1055876.8154975667,0.0,47941.662937633366,84747.24699466767,12375.12850531317,36586.16670519144,341557.42956418055,2217377.442287886,JAG_SLR_RN,150.0,QLCRA,SER Capital Partners,78.55,Jaguar BESS 1,78.55,2.16,152.20405300544905
15,ANEM_ESS_ESR1,0.0,1536937.031403625,0.0,331942.59092746995,17547.044353576403,130121.49707747037,25152.360407848108,131605.989269217,2173306.513439207,ANEM_ESS_RN,200.0,QSUE53,Plus Power,205.0,Anemoi Energy Storage,205.0,1.95,51.647133870087174
16,RRANCHES_ESR1,5387.799999999999,1939299.0152840167,0.0,85089.91796499699,7745.79940401377,1827.5512071082458,36897.82786089075,90432.01007685142,2166679.9217978776,RRANCHES_ALL,150.0,QSUE51,Plus Power,150.0,Rodeo Ranch Energy Storage U1,150.0,2.0,56.80349776713126
17,GIGA_ESS_ESR1,1361471.7405833332,90866.84792774999,0.0,58657.40417158874,58013.218865022514,106710.14811803633,180160.69486969514,308032.19236059784,2163912.246896024,GIGA_ESS_RN,125.0,QSUE55,Tesla,128.0,Giga Texas Energy Storage,128.0,1.95,85.38337215701628
18,ANDMDSLR_ESR2,1599327.3320833335,37839.68556186672,0.0,19025.81570311513,34604.08206208943,65387.053201575305,45594.04445288154,312077.5341862559,2113855.547251117,ANDMDSLR_ALL,78.1,QIPLU2,YIPLU2,,,78.1,2.04,113.96428734168204
19,EBNY_ESS_ESR1,0.0,1890546.7235075831,0.0,82113.54767457578,13926.615210314632,3533.8405552960435,15627.024573237337,72516.92076065566,2078264.6722816632,EBNY_ESS_RN,200.0,QSUE52,Plus Power,203.5,Ebony Energy Storage,203.5,1.97,54.58710846840631
20,LON_ESR1,803514.5423333334,427889.59065704164,0.0,179456.13742059632,106128.50015484422,78618.57694809206,145103.74066533352,309198.9843535635,2049910.0725328045,LON_RN1,174.0,QTEN26,Tokyo Gas America,174.0,Longbow BESS,174.0,2.0,69.51452244219485
21,CARN_ESS_ESR1,944016.5404166665,64895.155015033335,0.0,206378.62446013273,73604.26587412639,297043.82277160516,385819.5801210726,31705.603494043797,2003463.5921526807,CARN_ESS_RN,150.0,QSU100,ENGIE,150.0,Carina BESS,150.0,2.0,75.99899819451016
22,TBWF_ESS_ESR1,0.0,1724233.951120433,0.0,18603.460663741116,17408.16518680462,83660.42703314078,35334.52268451452,111633.43231577279,1990873.9590044068,TBWF_ES_BES1,150.0,QTEN29,Spearmint Energy,150.0,Timberwolf Bess,150.0,2.0,59.60240427413622
23,RRANCHES_ESR2,0.0,1778501.8433565584,0.0,59738.1605194172,8801.6621933979,1491.6087081368773,39605.280538681975,93079.56145898765,1981218.1167751797,RRANCHES_ALL,150.0,QSUE51,Plus Power,150.0,Rodeo Ranch Energy Storage U1,150.0,2.0,51.669356705875686
24,HYDR_ESS_ESR1,1269887.3051666664,-93100.31430364169,0.0,101357.05024577174,32739.837178890448,323619.5637052756,244872.45929032995,100856.22022896123,1980232.1215122542,HYDR_ESS_RN,200.0,QSUE74,ENGIE,200.8,Hydra BESS,200.8,1.0,70.68738144943674
25,BKSL_ESS_ESR1,463263.09508333326,1199329.7745842915,0.0,2852.7637466280084,6245.261884254389,49497.51107298699,15916.287133380018,159833.1029847976,1896937.7964896716,BKSL_RN,100.0,QESVEM,esVolta,103.0,Burksol BESS,103.0,1.94,82.689266889888
26,HMNG_ESS_ESR1,96340.27691666664,1212013.3751562666,0.0,512.3965048410915,2369.131416048005,47442.026164183946,146821.45874380233,339364.42028652865,1844863.0851883371,HMNG_ESS_RN,100.0,QMEA8,Key Capture Energy,103.8,Hummingbird Storage,103.8,2.19,67.62121065742346
27,JAG_SLR_ESR2,69976.11249999999,1664115.1504781833,0.0,0.0001435646661238,2.698944216166859e-05,0.0001414922684147,1311.2852562434368,2286.687053843709,1737689.235600317,JAG_SLR_RN,150.0,QMITS2,SER Capital Partners,78.55,Jaguar BESS 1,78.55,2.16,106.50247473061548
28,SGAL_BES_ESR2,0.0,1441343.5639149165,0.0,6747.383119196834,7323.833932745962,58271.311970954615,34407.61947948186,142073.70638108978,1690167.4187983857,SG_BES_BESS1,100.0,QJPEM2,Jupiter Power,103.5,St. Gall 2 Energy Storage,103.5,1.95,76.80427615688455
29,PHO_ESR2,369678.521,713764.7866420749,0.0,241.8605630946737,1652.524683210503,127862.4627593486,104854.0466968611,365402.6756604927,1683456.8780050827,PHO_ALL,150.0,QENE15,Enel North America,150.0,Photon BESS 1,150.0,1.55,61.75819323512419
30,RRC_WIND_ESR2,800694.0712499999,879056.7498992332,0.0,0.0,0.0,0.0,0.0,0.0,1679750.8211492335,RRC_WIND_ALL,75.0,QFPL35,YNEXTE,,,75.0,2.98,94.04967293801528
31,PHO_ESR1,513557.0624166666,543405.2438848751,0.0,10270.504208569577,11349.588439044028,122807.07345059693,103862.75588136396,370472.020612134,1675724.2488932502,PHO_ALL,150.0,QENE15,Enel North America,150.0,Photon BESS 1,150.0,1.55,62.9321106474921
32,JAR_ESR2,821749.7792499999,296008.256796225,0.0,1147.6940800531572,1428.4768824836588,296345.3449916912,105496.09836755606,143842.71088658486,1666018.3612545938,JAR_RN,156.0,QHEI1,SMT Energy,154.2,Jarvis BESS U1,154.2,1.43,89.37747955150722
33,SWOOSEII_ESR1,368294.4368333333,724764.5910797083,0.0,530.6317999325122,1897.2289748780545,79516.67533463523,146759.42666510327,338501.2647494629,1660264.2554370535,SWOOSEII_RN,100.0,QMEA5,Jupiter Power,101.0,Swoose 2,101.0,2.03,50.480173698714246
34,WFTANK_ESR1,126797.11825,588782.6053386749,0.0,9687.12583336734,8621.10328044662,662157.995580611,128160.3672181973,120230.85925443009,1644437.174755727,WFTANK_ESS1,150.0,QTEN28,Aypa Power,155.0,Wolf Tank,155.0,1.12,78.70961948113364
35,PALE_ESS_ESR1,689048.4318333333,99991.984422375,0.0,101308.46977855083,52210.6517896951,407334.14412009355,177837.88749689038,104946.18474170119,1632677.7541826393,PALE_ESS_EN,200.0,QSUE74,ENGIE,200.8,Paleo BESS,200.8,1.06,75.14992718829835
36,BLACKSPR_ESR1,1069321.6432499997,518116.92141068325,0.0,10306.260867270328,3978.7007241886863,0.0,3986.789305683752,23394.054999766824,1629104.3705575927,BLACKSPR_RN,120.0,QBROOK,YBLKSP,,,120.0,2.32,42.77134769901803
37,FIVEWSLR_ESR1,370940.265,245260.20515563327,0.0,180895.16046536702,45094.090057057205,359281.215874526,300805.7367702661,121135.8460661055,1623412.5193889556,FIVEWSLR_ALL,220.0,QSUE61,Key Capture Energy,199.7,Five Wells BESS,199.7,1.0,80.1626253013158
38,VORTEX_ESR1,690682.0129999998,431030.94289859995,0.0,2387.6166488353665,9027.00648286494,191753.26611845588,41670.47233947948,241467.40639204794,1608018.7238802833,VORT_ALL_RN,121.8,QENEL8,Enel North America,121.8,Azure Sky Wind,121.8,1.48,62.99987038807801
39,SGAL_BES_ESR1,0.0,1362628.0525260414,0.0,6532.391454829839,8468.879353372118,58491.89763763469,33627.22717722509,135816.40502304945,1605564.8531721532,SG_BES_BESS1,98.1,QJPEM,Jupiter Power,103.5,St. Gall 2 Energy Storage,103.5,1.95,70.37612313132395
40,RRC_WIND_ESR1,788796.20925,814286.5947232333,0.0,0.0,0.0,0.0,0.0,0.0,1603082.8039732333,RRC_WIND_ALL,75.0,QFPL35,YNEXTE,,,75.0,3.0,92.51950207943648
41,JAR_ESR1,785522.8899166666,257683.59907549998,0.0,1263.447126631506,1599.5163530698371,280613.4653164156,99802.41952852525,132991.12748629632,1559476.4648031048,JAR_RN,147.0,QHEI1,SMT Energy,154.2,Jarvis BESS U1,154.2,1.43,82.69511926307482
42,PLATINUM_ESR1,679990.4733333333,586022.0841378584,0.0,46553.183860862286,21080.7710392307,59184.547912963375,42954.38491554839,66037.7111403622,1501823.1563401588,PLATINUM_RN,133.0,QSUE99,YSUEZ,,,133.0,1.91,75.79402259578255
43,FTDUNCAN_ESR1,225084.223,985549.0925749416,0.0,4429.945294667987,3190.606974119175,99970.83401744584,31855.304948808436,149853.93775880296,1499933.944568786,FTDUNCAN_RN,100.0,QTEN26,Excelsior Energy Capital,87.1,Fort Duncan BESS,87.1,1.99,78.18588072387524
44,PLATINUM_ESR2,757253.4054999999,470516.73756769166,0.0,50745.151675219415,18875.573904286037,55503.85513614112,46045.32463845192,69149.27916001741,1468089.3275818073,PLATINUM_RN,136.0,QSUE99,YSUEZ,,,136.0,1.84,77.85793494123921
45,ANDMDSLR_ESR1,615494.2101666667,541203.30862875,0.0,25210.292801583546,38595.66971226076,32001.286636818062,33230.63423769254,182312.98945954928,1468048.391643321,ANDMDSLR_ALL,81.9,QIPLU2,YIPLU2,,,81.9,1.95,115.70111350850587
46,ESTONIAN_ESR1,587756.4554166667,454026.73599022505,0.0,5555.838814349775,7851.877272301787,170301.43663280123,38588.98568341045,187558.55465339564,1451639.8844631503,ESTONIAN_ALL,101.6,QENE14,Enel North America,101.6,Estonian Storage,101.6,1.74,58.2256778988151
47,FLOWERII_ESR1,0.0,1213641.05844845,0.0,7036.798858616924,19881.455725966756,50733.30664084503,60313.80576760627,97089.1288067927,1448695.5542482776,FLOWERII_RN,95.0,QJPEM,Jupiter Power,119.9,Flower Valley 1 (DGR),119.9,1.98,55.23044162156144
48,CORAZON_ESR1,451575.37425,391835.8142444251,0.0,11880.054967727256,9081.11351412971,307900.9476879867,156675.9995280627,117351.97384545836,1446301.2780377897,CORAZON_RN,200.0,QHEI4,YGUAJI,,,200.0,1.22,78.14571353793323
49,SMTH_ESS_ESR1,344516.1008333333,760638.4345579583,0.0,38259.11527247823,54525.081995132896,34338.49694911306,64457.74150081334,119709.514322891,1416444.4854317203,SMTH_ESS_RN,125.0,QSUE77,YBTSMS,,,125.0,2.04,109.00812273410466
50,MADERO_ESR2,421962.5305833333,526646.480633875,0.0,2070.031138527578,3755.688920047145,125987.6897584377,49639.699316120576,268704.2044757856,1398766.324826127,MADERO_RN,100.0,QTEN25,Eolian,100.0,Madero Grid 1,100.0,2.73,60.99900552632806
51,LMO_ESR1,-61656.53675,1376443.4478336168,0.0,790.9710803582517,0.000163659458146,7054.013422388653,9394.515829799802,59425.44194068674,1391451.8535205096,LMO_ESR_RN,100.0,QSHEL2,Key Capture Energy,105.0,Limousin Oak Storage,105.0,2.16,58.5296806267772
52,CLO_ESR2,68158.35724999999,726440.8680508666,0.0,2383.0036179395606,3789.0849290279566,82441.78897638166,145656.1607171587,337309.08151978283,1366178.3450611574,CLO_RN,100.0,QMEA1,Jupiter Power,101.5,Callisto 1 Energy Center Unit 1,101.5,2.09,54.04482824773805
53,ANTL_ESS_ESR1,718747.7966666666,246933.0241,0.0,49606.86892172088,21878.68949097932,98455.41678443791,128456.70048208848,95641.54468109949,1359720.0411269928,ANTL_ESS_ES1,70.0,QSU100,ENGIE,72.4,Antlia BESS,72.4,1.93,76.45035577808557
54,CARTWHL_ESR1,0.0,1337358.1087936494,0.0,0.0,0.0,0.0,0.0,0.0,1337358.1087936494,CARTWHL_RN,150.0,QECNR,YEONCR,,,150.0,1.87,26.407975217836572
55,CLO_ESR1,59401.90066666666,732725.4799570751,0.0,2311.304482671553,3236.191089620337,58205.42537755206,143347.7624051715,332873.14465691644,1332101.2086356734,CLO_RN,100.0,QMEA1,Jupiter Power,101.5,Callisto 1 Energy Center Unit 1,101.5,2.09,53.51252413861888
56,MADERO_ESR1,419986.3,455868.82216115,0.0,1278.9264389811399,3056.2339984117925,127340.42700295663,48756.169969858,261776.7277634737,1318063.6073348315,MADERO_RN,100.0,QTEN25,Eolian,100.0,Madero Grid 1,100.0,2.73,59.45048214954226
57,BYP_ESR1,-8133.507,1253525.060543383,0.0,0.0,0.0,438.236,1141.9864379652777,42440.74778491667,1289412.5237662648,BYP_RN,200.0,QEXELO,YEXELO,,,200.0,2.25,1.7355931148547648
58,TDWLPR_1_ESR2,67612.06683333333,724305.1340794,0.0,501.9264781551039,2376.447050802664,35333.417754650705,133558.77110911513,317121.89083823323,1280809.6541436904,TDWLPR_1_RN,0.0,QMEA6,Jupiter Power,102.0,Tidwell Prairie Storage U1,102.0,1.96,79.92382836718663
59,JADE_SLR_ESR2,731025.419,299666.949099825,0.0,20657.940144078075,11817.463343750502,54777.7948956044,24933.758998024583,119864.6926818994,1262744.0181631818,JADE_SLR_ALL,81.9,QIPLUM,Intersect Power,80.4,Jade Storage SLF 1,80.4,1.99,86.00261510462883
60,TDWLPR_1_ESR1,67659.82683333334,704061.5923744167,0.0,503.5183195468989,1134.2156148438564,34576.38015226238,133509.6863583847,317159.983543743,1258605.2031965307,TDWLPR_1_RN,0.0,QMEA6,Jupiter Power,102.0,Tidwell Prairie Storage U1,102.0,1.96,78.9719574571243
61,WIG_ESS_ESR1,676692.50075,174888.5567491667,0.0,1331.9910920955697,1049.8206630077202,216532.25079040288,78534.0985462119,99460.44018125517,1248489.6587721398,WIG_BESS_RN,120.0,QHEI1,UBS Asset Management,122.9,Wigeon Whistle BESS,122.9,1.42,71.72492660201912
62,JADE_SLR_ESR1,709904.8724166666,313609.2832841084,0.0,21754.60401367335,10712.914635994011,51880.50595329671,23537.517584353205,113697.72817156423,1245097.4260596565,JADE_SLR_ALL,78.1,QIPLUM,Intersect Power,80.4,Jade Storage SLF 1,80.4,1.99,85.06149746158451
63,ALP_BESS_ESR1,597519.6370000001,331469.3969966666,0.0,927.8182911427137,961.1572602429794,151839.51973410317,67836.33178049282,86735.99105649463,1237289.852119143,ALP_BESS_RN,100.3,QHEI1,YHABIT,,,100.3,1.43,66.0577102004152
64,TSECA_ES_ESR1,0.0,1125850.974886125,0.0,6653.650206945644,6244.242613148169,8972.954341248864,12037.159373562921,56996.958335129195,1216755.93975616,TSECA_ES_RN,100.0,QTEN36,YTIERS,,,100.0,2.4,62.06929394260469
65,LUCKYBLU_ESR1,773324.5908333334,345423.0211478583,0.0,9968.081687232045,3699.284135761228,0.0,3393.029398180998,15617.930189740826,1151425.937392107,LUCKYBLU_RN,100.0,QBROOK,YLUCKB,,,100.0,2.14,50.83243972384878
66,ELZA_SLR_ESR1,462231.07175000006,328350.836809775,0.0,0.0004370214054984,837.0717077998645,118324.19551433934,92855.08451655573,137631.40568152073,1140229.6664170122,ELZA_SLR_RN,100.0,QENE16,Enel North America,100.0,Eliza Storage,100.0,1.79,39.513745707503354
67,CROSSTRL_ESR1,1525180.1324999998,-765286.6417228751,0.0,85294.85098599247,2.698944216166859e-05,136570.38281410013,43007.562250222545,51275.325425721734,1076041.612280151,CROSSTRL_RN,57.0,QGRIE4,Energy Vault,58.0,Cross Trails Storage,58.0,1.97,58.7984744875622
68,SHEEPCRK_ESR1,176579.56525,238500.9101430084,0.0,101326.86918643999,60763.02995197581,244248.02628546627,157698.8875734694,80628.77842155413,1059746.0668119139,SHEEPCRK_1,135.0,QSUE70,ENGIE,142.0,Sheep Creek Storage,142.0,1.29,54.53930752055611
69,LBRA_ESS_ESR1,-37855.95933333335,164393.80707633338,0.0,172194.01674756838,25764.38631434237,414356.6860337672,278275.8749231103,0.0,1017128.8117617881,LBRA_BES1,200.0,QSUE48,ENGIE,200.0,Libra BESS,200.0,1.0,39.373648664713684
70,HEADCAMP_ESR1,-1722.7746666666658,988686.936951525,0.0,0.0,0.0,0.0,0.0,0.0,986964.1622848583,HEADCAMP_RN,150.0,QTEN34,YMOMEH,,,150.0,1.06,56.18390061385939
71,ENDPARKS_ESR1,712700.51275,-120848.26860583329,0.0,119470.23513510925,104248.53172272918,6846.4230563221245,92107.21660640008,61285.74901905615,975810.3996837835,ENDPARK_ESS1,50.0,QGRIE4,Key Capture Energy,50.0,Endurance Park,50.0,1.98,105.51541841654108
72,MUSTNGCK_ESR1,477341.2608333333,169445.1385902833,0.0,7224.788289353478,4923.325525105375,103847.70338363915,37526.98494579458,150632.4550098393,950941.6565773485,MUSTNGCK_ALL,71.0,QENE10,Enel North America,69.3,Mustang Creek Storage,69.3,1.18,40.921601993505554
73,HLY_ESR1,468171.1606666667,90124.8894225,0.0,738.6963278711779,1056.0478629601248,198599.29140106274,79584.23815768643,89952.96288770228,928227.2867264494,HLY_RN,102.0,QHEI1,UBS Asset Management,104.7,Holy ESS U1,104.7,0.98,96.24783781892747
74,HLY_ESR2,470086.228,83620.5541925,0.0,738.8550642005665,1566.3061279180283,200302.32236164418,79447.35540526702,90215.58530469613,925977.206456226,HLY_RN,101.8,QHEI1,UBS Asset Management,104.7,Holy ESS U1,104.7,0.98,97.76454555055248
75,RADN_SLR_ESR2,26196.101000000002,878318.2426017583,0.0,476.6273451319444,8559.753312661636,280.50422120128326,364.31483613620435,-2671.3061329722022,911524.2371839172,RADN_SLR_ALL,81.9,QIPRAD,YIPRAD,,,81.9,2.0,65.63067819515652
76,CROSSETT_ESR1,0.0,722565.1987051166,0.0,5270.168872998753,7671.344605110972,77062.74001415918,24359.735894118163,47333.741546352074,884262.9296378557,CROSSETT_ALL,100.0,QJPEM1,Jupiter Power,101.5,Crossett Power 1,101.5,0.99,68.0082151465907
77,RADN_SLR_ESR1,25244.729,846938.4098854,0.0,483.05734984290757,8061.089581933251,279.6556569820666,411.0726773999784,-4644.210420159449,876773.8037313988,RADN_SLR_ALL,78.1,QIPRAD,YIPRAD,,,78.1,1.96,63.16434431609344
78,HOUSEMTN_ESR1,0.0,696117.9596932749,0.0,5147.731873704037,13226.877495975134,37861.579532772645,41973.563955928934,68837.24551800685,863164.9580696627,HOUSEMTN_RN,60.0,QJPEM,Jupiter Power,60.0,House Mountain BESS,60.0,2.24,57.41070347570941
79,CTW_ESR1,0.0,838757.7120704915,0.0,1032.844041826332,2769.551488564411,1228.405330447477,2311.976683438361,9639.038345326037,855739.5279600943,CTW_RN,150.0,QTOTL5,YTOTAL,,,150.0,1.53,22.276582477648315
80,ANG_SLR_ESR1,0.0,658092.236579275,0.0,0.0004471756911097,0.000163659458146,22206.609419857985,28559.409791538194,144481.339050773,853339.5954522793,ANG_ALL,0.0,QTEN26,Apex Clean Energy,103.0,Angelo Storage,103.0,1.94,39.58276402270956
81,CROSSETT_ESR2,0.0,684095.9539779582,0.0,5204.870006815563,7490.599487543211,76973.76839087193,24913.02685061298,46072.49842081686,844750.7171346188,CROSSETT_ALL,100.0,QJPEM1,Jupiter Power,101.5,Crossett Power 1,101.5,0.99,64.61279856625671
82,SEVNF_ES_ESR1,0.0,716963.7805662417,0.0,13240.076627876422,9506.275984853535,11345.116403841004,13843.419327660284,71017.48715029954,835916.1560607725,SEVNF_ES_RN,100.0,QTEN37,YSEVFL,,,100.0,2.34,52.92881535887184
83,EVLN_ESS_ESR1,488631.23541666666,338251.6710705583,0.0,0.0,0.0,0.0,0.0,0.0,826882.9064872249,EVLN_ESS_RN,165.0,QSHE15,Excelsior Energy Capital,167.5,Evelyn BESS,167.5,1.99,46.764454330439044
84,BCNV_ESS_ESR1,523410.072,77359.89451069997,0.0,189.35391025641027,0.013,16594.519889221247,19997.42966727102,155287.3914519681,792838.6744294168,BCNV_RN,150.0,QSHE11,Nightpeak Energy,150.0,Bocanova BESS,150.0,2.0,32.03438756005815
85,STAM_SLR_ESR1,380210.5473333333,120280.42204080832,0.0,4567.211845503134,413.0803107182817,99739.49780186797,45762.42743677957,129164.7395031216,780137.9262721322,STAM_SLR_ALL,70.0,QENE12,Enel North America,71.5,Stampede BESS,71.5,1.57,52.60771558045013
86,FENCESLR_ESR1,344579.7306666667,99357.45830984999,0.0,3472.8396537631425,3531.2449645237275,126687.6175181404,33237.95540293311,128737.74725379694,739604.593769674,FENCESLR_ALL,71.0,QENE13,ENGIE,86.6,Fence Post BESS,86.6,1.43,42.690372006267
87,PAVO_ESS_ESR2,301331.7098333333,24251.099336475,0.0,72060.26695472117,20993.92879845429,204066.36569594697,74639.20191145428,37095.62777513575,734438.2003055207,PAVO_ESS_ALL,87.5,QSUE74,ENGIE,86.5,Pavo BESS 1,86.5,1.01,54.89082468947792
88,BEXAR_ES_ESR1,807460.8254999998,-130680.90537647497,0.0,0.0,0.0,0.0,15860.601909248679,37408.20981468082,730048.7318474544,BEXAR_ES_RN,100.0,QTEN32,YBEXES,,,100.0,0.88,84.2026432605464
89,TANZ_ESS_ESR1,381660.2129166667,-161375.41970286664,0.0,36927.57387444511,14499.60299759668,159513.3934671377,140147.04463854156,144634.6184841509,716007.026675672,TANZ_ESS_RN,128.8,QSUE99,ENGIE,132.9,Tanzanite Storage U1,132.9,1.93,-1.9852303357334415
90,GKS_BESS_ESR1,1056.5,376197.9025906833,0.0,0.0004471895799986,0.000163659458146,92256.02439909808,33603.88022182121,192199.69268742795,695314.0005098796,GKS_BESS_RN,0.0,QTEN26,SA Grid Solutions,103.0,Great Kiskadee Storage,103.0,1.94,66.94524114346609
91,RBN_ESR1,219993.69208333336,-14140.873927416667,0.0,28209.19091971038,13752.01681197839,286388.7052098366,92990.9570021985,61056.54632710859,688250.2344267492,RBN_BESS1,100.0,QTEN19,Cypress Creek Renewables,101.6,River Bend,101.6,1.48,50.282292646150125
92,DGFS_ESR_ESR1,158402.07116666666,327364.98246580834,0.0,1191.4439323603206,25173.844601515288,118543.764069762,29304.278602913535,26268.289341292842,686248.674180319,DGFS_ESR_RN,75.0,QTEN26,Gore Street Energy Storage Fund,75.0,Dogfish BESS,75.0,1.22,57.3270409143388
93,TANZ_ESS_ESR2,192275.92525000003,-19296.763238499996,0.0,36061.927934715975,15934.258324387944,161648.81492261478,137407.37304727573,143560.3093996942,667591.8456401887,TANZ_ESS_RN,128.8,QSUE99,ENGIE,132.9,Tanzanite Storage U1,132.9,1.93,-0.5991598892001369
94,RVRVLYS_ESR1,46577.68541666667,533086.5304256834,0.0,22476.81155394307,17148.78728747323,3902.7184773795857,4639.027706038158,34657.57957216543,662489.1404393493,RVRVLYS_ALL,50.0,QSHEL2,Key Capture Energy,50.0,River Valley 1,50.0,1.99,68.68331517910075
95,AZURE_ESR1,104168.63591666668,315312.18117025,0.0,0.0003949218122297,63.036134465013696,34597.03336350863,18864.615355819064,156045.77813743154,629051.2804730628,AZURE_RN,77.6,QENEL6,Enel North America,77.2,Azure Sky Solar,77.2,1.5,61.01959189777359
96,PAVO_ESS_ESR1,262830.78500000003,39846.761509775,0.0,58200.99408738347,17859.951902248256,146984.99082663452,52754.90533106153,44658.34958794218,623136.738245045,PAVO_ESS_ALL,46.4,QSUE74,ENGIE,86.5,Pavo BESS 1,86.5,1.01,55.53605132811087
97,RVRVLYS_ESR2,-776.3246666666664,550498.6839486583,0.0,14791.415667620822,10783.525362705916,3836.0887407425257,4447.364415822925,34685.43752844476,618266.1909973286,RVRVLYS_ALL,50.0,QSHEL2,Key Capture Energy,50.0,River Valley 1,50.0,1.99,62.283641177506496
98,ZIER_SLR_ESR1,114277.94433333333,369339.0787721083,0.0,17871.0840713051,22087.989768225878,19998.122631981878,19433.23928645687,53039.93525358262,616047.394116994,ZIER_SLR_ALL,40.0,QTEN19,Cypress Creek Renewables,40.1,Zier Storage U1,40.1,1.95,80.9034216057636
99,STRG_SLR_ESR1,0.0,611476.3843269666,0.0,0.0,0.0,0.0,0.0,0.0,611476.3843269666,STRG_SLR_ALL,100.0,QECNR,YEONCR,,,100.0,1.92,20.551289630226012
100,BLUEJAY_ESR1,145459.9431666667,196671.29854283333,0.0,443.0721098097909,1634.3618706243,86395.77319525636,26051.53092007847,117859.27584461137,574515.2556498804,BLUEJAY_RN,50.0,QENEL7,Enel North America,51.4,Blue Jay,51.4,1.65,54.66851787000759
101,DAN_ESR1,0.0,556734.7238107084,0.0,879.7349716123665,3171.076260848155,511.83378034171426,1318.6151309676602,5414.988030291963,568030.97198477,DAN_ALL,76.3,QTOTL4,TotalEnergies,76.44999999999999,Danish Fields Storage U1,76.44999999999999,1.47,41.06024129548556
102,PAD1_ESS_ESR1,0.0,394110.2818333333,0.0,11903.157604352056,38000.796302685565,107229.93139652972,686.5977546453078,0.0,551930.7648915459,PAD1_ESS_RN,50.0,QCPSE,YCPS,,,50.0,2.02,62.49181232030384
103,MYR_ESR1,0.0,531814.9526271833,0.0,1804.0926115809427,3874.8711808362496,1173.018610690207,4327.5430939751195,8421.55915040388,551416.0372746696,MYR_ALL,75.6,QTOTL5,YTOTAL,,,75.6,1.52,47.37501250484559
104,BR_ARROW_ESR2,0.0,550367.628659475,0.0,4.608996539792388e-06,8.290657439446367e-06,0.0002125334845335,0.000245265280622,0.0,550367.6291301735,BR_ARROW_ALL,51.7,QECNR,RWE,51.05,Bright Arrow Storage U1,51.05,1.93,32.63330745684031
105,MYR_ESR2,0.0,535894.1379285667,0.0,1177.4809106604216,1582.4151692486168,516.761440878748,1845.7001295681928,6571.340169066433,547587.835747989,MYR_ALL,72.9,QTOTL5,YTOTAL,,,72.9,1.53,48.131181070447425
106,ROSELAND_ESR1,124373.02966666667,178389.28136999998,0.0,255.3508110787245,1532.975419197654,94907.66387851046,33402.33029098186,113200.01183392876,546060.6432703641,ROSELAND_ALL,50.0,QENEL9,Enel North America,56.3,Roseland,56.3,1.46,49.28252277178139
107,BR_ARROW_ESR1,0.0,495780.5636148,0.0,0.0,2.284411344194541e-05,17398.278101560885,32179.181065581688,0.0,545358.0228047867,BR_ARROW_ALL,48.3,QECNR,RWE,51.05,Bright Arrow Storage U1,51.05,1.93,32.76912622986504
108,CORALSLR_ESR2,302289.1485,121974.66041098334,0.0,19.716443718943705,0.000163659458146,33508.881573587365,21410.844482486824,65294.26668060007,544497.518255036,CORALSLR_ALL,51.4,QNGRE1,National Grid Renewables,50.3,Coral Storage U1,50.3,1.2,86.03515108377148
109,DCSES_ESR1,0.0,227140.77300072502,0.0,15893.481844765198,1745.123623038843,159365.31800949518,67939.30570087167,62750.0349001619,534834.0370790577,DC2SES_ALL,66.5,QLUMN,Vistra corp,65.75,Decordova 1,65.75,1.0,58.40798119523437
110,BATCAVE_ESR1,52150.791833333344,9341.594410891666,0.0,42479.47186501217,24047.022970061465,259784.30440152655,124379.63828821802,13064.647653160057,525247.4714222032,BATCAVE_RN,100.5,QSUE74,ENGIE,100.5,Bat Cave,100.5,1.09,26.450218724241388
111,DAN_ESR2,0.0,514397.8188900916,0.0,771.4633522217266,2487.7663491983976,493.80728396295143,1123.9223415212211,5362.888490025549,524637.6667070216,DAN_ALL,73.7,QTOTL4,TotalEnergies,76.44999999999999,Danish Fields Storage U1,76.44999999999999,1.47,40.235537180748416
112,CORALSLR_ESR1,310854.0266666667,127699.17644653333,0.0,18.160443718943704,0.000163659458146,34356.672238368374,19047.73171379412,28672.191978111914,520647.9596508527,CORALSLR_ALL,47.6,QNGRE1,National Grid Renewables,50.3,Coral Storage U1,50.3,1.2,85.24249545718708
113,LILY_ESR1,50774.88675,211352.67053916663,0.0,153.77153325928376,384.8448889547438,115565.620730213,29913.927357347005,86417.62322322336,494563.34502216405,LILY_RN,50.0,QENEL5,Enel North America,50.0,Lily,50.0,1.45,54.980181294660966
114,DCSES_ESR2,0.0,206433.15394885003,0.0,0.0142543495207817,1789.1200908233818,204880.42250003165,12974.235279246073,67448.59103359643,493525.53710689704,DC2SES_ALL,66.5,QLUMN,Vistra corp,65.75,Decordova 1,65.75,1.0,48.87839345814418
115,DKNS_ESS_ESR1,220447.1293333333,-3491.3956136916704,0.0,56755.365816765436,15834.523966259347,105636.04924953482,49128.62224490578,24325.486013181846,468635.7810102889,DKNS_ESS_RN,50.0,QSUE74,ENGIE,52.475,Dickens BESS U1,52.475,1.0,81.44893574397948
116,WZRD_ESS_ESR1,11635.769,417896.3632983,0.0,0.0,0.0,964.6631149331854,4067.1686764215974,33767.98872480957,468331.95281446434,WZRD_ESS_RN,150.0,QTEN26,YWIZAR,,,150.0,1.42,17.753116377107375
117,DKNS_ESS_ESR3,223834.31699999998,-10147.848974741664,0.0,58395.93902470606,15581.457499118962,105431.41857178575,48654.5873731986,24066.82282216254,465816.6933162302,DKNS_ESS_RN,50.0,QSUE74,ENGIE,52.475,Dickens BESS U1,52.475,1.0,85.20410529152778
118,DKNS_ESS_ESR2,219573.11374999993,-3006.806188525001,0.0,55928.114861203365,14989.072276302271,104305.9551846453,49239.74008644202,23856.450483621422,464885.6404536895,DKNS_ESS_RN,50.0,QSUE74,ENGIE,52.475,Dickens BESS U1,52.475,1.0,79.922140838839
119,DCSES_ESR3,0.0,192724.7302087,0.0,0.0126192112941981,1744.5840594737622,191313.93802737552,11884.177107526004,63938.218885956274,461605.6609082428,DC2SES_ALL,63.5,QLUMN,Vistra corp,65.75,Decordova 1,65.75,1.0,46.21485976048596
120,BIG_STAR_ESR1,0.0,460008.7398170084,0.0,0.0,0.0,0.0,0.0,0.0,460008.7398170084,BIGSTAR_ALL,80.0,QECNR,YEONCR,,,80.0,1.36,36.277219603355526
121,DKNS_ESS_ESR4,213379.4835,-13524.17726809167,0.0,58373.514261993594,14770.763960303451,105712.62262507822,45237.52352581058,26428.003153059188,450377.7337581534,DKNS_ESS_RN,50.0,QSUE74,ENGIE,52.475,Dickens BESS U1,52.475,1.0,79.62603388619615
122,BCK_ESR2,0.0,436885.0117739083,0.0,0.0,0.0,0.0,0.0,0.0,436885.0117739083,BCK_RN,126.5,QHEI5,YOL300,,,126.5,2.17,47.46943042184876
123,BCK_ESR1,0.0,432361.66270814167,0.0,0.0,0.0,0.0,0.0,0.0,432361.66270814167,BCK_RN,123.5,QHEI5,YOL300,,,123.5,2.38,49.221060299093836
124,NOBLESLR_ESR1,320323.96266666666,-11883.315018200003,0.0,0.0004483279402447,0.000163659458146,57253.76417582928,26521.040396417447,33519.68490781275,425735.1377405136,NOBLESLR_ALL,62.5,QNGREN,National Grid Renewables,62.5,Noble 1,62.5,1.0,51.92486515131769
125,GAMBIT_ESR1,0.0,388152.94041128334,0.0,15531.633280042517,10684.71920813015,3336.7436627206826,1876.4565305700303,1046.3839652249071,420628.87705797155,GAMBIT_RN,100.0,QSUE23,On.Energy,109.9,Angleton BESS,109.9,1.68,25.578580329461943
126,MIDP_SLR_ESR1,0.0,417605.2504826416,0.0,0.0,0.0,0.0,0.0,0.0,417605.2504826416,MIDP_SLR_RN,50.9,QTEN26,YMIDPO,,,50.9,1.96,37.3666754092954
127,LOWR_ESS_ESR1,16641.439583333333,332345.9199124166,0.0,10908.646886523886,171.47958090176857,3405.3738575745792,17287.97415807255,33205.08911488382,413965.92309370654,LOWR_ESS_RN,60.0,QEDI10,Ormat,60.0,Lower Rio BESS,60.0,2.0,53.13496407305822
128,DCSES_ESR4,0.0,233567.9219833333,0.0,0.0142144485962574,1740.0035098243093,96701.8555818268,11824.263922718112,66109.11372794169,409943.17294009286,DC2SES_ALL,63.5,QLUMN,Vistra corp,65.75,Decordova 1,65.75,1.0,42.068365397145534
129,ANCHOR_ESR2,106465.63124999999,129105.68966666664,0.0,120.64220172089588,312.2513906012715,77085.61730384153,31622.256936762067,54239.760006833465,398951.84875642584,ANCHOR_ALL,36.3,QENE11,Enel North America,35.75,Anchor BESS 1,35.75,1.58,24.264845330390777
130,NOBLESLR_ESR2,267431.17275,10338.886167074983,0.0,0.0004483279402447,0.000163659458146,58140.324314953774,28732.286428211988,32691.937809214018,397334.6080814422,NOBLESLR_ALL,62.5,QNGREN,National Grid Renewables,62.5,Noble 1,62.5,1.0,57.846246697643906
131,NF_BRP_ESR1,-21429.789749999916,-29909.947195949993,0.0,38808.47873597166,15112.720461618168,254932.8713443627,115305.60718223076,13855.890089772849,386675.8308680061,NF_BRP_RN,100.5,QSUE74,ENGIE,100.0,North Fork,100.0,1.1,17.940203434530517
132,BYRDR_ES_ESR1,159040.45500000002,64074.66926666667,0.0,851.2560423295591,882.0368423540073,97310.89852030268,36211.179310546235,15401.174361605166,373771.6693438043,BYRDR_ES_ALL,50.0,QHABIT,GlidePath,50.0,Byrd Ranch,50.0,1.0,74.1147374379062
133,SUNVASLR_ESR1,64827.73066666666,76109.28580815834,0.0,34748.59027482896,17572.948327839593,96516.5048074761,66106.11164705145,0.0,355881.1715320211,SUNVASLR_ALL,53.0,QSUE38,ENGIE,50.7,Sun Valley Bess 1,50.7,0.99,53.78199148798172
134,ANCHOR_ESR1,111526.34,59315.08658333334,0.0,66.75979702252695,259.7924730500924,76308.83711200519,27439.881129903253,53733.61511699594,328650.3122123104,ANCHOR_ALL,35.2,QENE11,Enel North America,35.75,Anchor BESS 1,35.75,1.58,17.290449208217744
135,RPUBRDS_ESR1,-20439.395,278782.5557700583,0.0,0.0001059244244266,0.0001553688007065,8092.033067354814,10388.260097270106,20651.587754596745,297475.0419505732,RPUBRDS_RN,39.5,QSHEL2,Key Capture Energy,50.0,Republic Road,50.0,1.98,26.563361968944367
136,SUNVASLR_ESR2,40433.56799999999,78513.67564802499,0.0,31389.920365615217,13833.553410390543,76727.31440883815,56147.22250269949,0.0,297045.25433556834,SUNVASLR_ALL,46.0,QSUE38,ENGIE,50.7,Sun Valley Bess 1,50.7,0.99,46.374408223022456
137,TORT_ESS_ESR1,125622.96566666667,-67339.33593149166,0.0,36860.66776549863,10959.064139587454,137415.0816917371,30746.330913520942,16670.096241020456,290934.8704865396,TORT_ESS_RN,50.0,QSUE74,YSUEZ,,,50.0,0.8,70.19432561248728
138,INRT_W_ESR1,98615.78749999999,163273.14699416663,0.0,0.0,0.0,0.0,0.0,0.0,261888.93449416666,INRT_W_ALL,13.0,QFPL32,NextEra Energy Resources,13.0,Inertia BESS,13.0,3.8,64.02941835945414
139,NCO_ESR1,-25637.8405,240734.6687412833,0.0,0.0001496693223858,0.0001553688007065,8073.448871043194,9554.566704063567,21191.36143295974,253916.205554388,NCO_RN,38.8,QSHEL2,Key Capture Energy,50.0,North Columbia,50.0,1.96,29.539685463842478
140,ADL_ESR1,98112.17916666665,83060.96573333333,0.0,10879.442266986112,209.0944114027779,37188.62629092853,6843.733351015696,11748.215195448453,248042.2564157816,ADL_RN,60.0,QTEN26,YLIB1S,,,60.0,1.08,55.27754609818837
141,PALACIOS_ESR1,257659.4021666666,-21545.794119775,0.0,0.0,0.0,2093.9592176586775,4420.679673811245,0.0,242628.2469383616,PALACIOS_RN,9.9,QTEN30,REX Storage Holdings,9.9,Regis Palacios BESS,9.9,1.0,40.765132692213726
142,SLCNHLS_ESR2,3265.454333333333,192036.09856071664,0.0,0.000145060325846,0.000163659458146,6450.209891483074,8196.138695290869,21554.044534036246,231501.94632357993,SLCN_ESS_ALL,47.9,QSHEL2,Key Capture Energy,50.0,Silicon Hill 1,50.0,1.98,26.72211740718336
143,HI_LONEB_ESR1,59579.74683333334,141015.11025914166,0.0,458.6139433666996,0.0,5539.512607886639,17769.13467617378,0.0,224362.1183199021,HI_LONEB_RN1,50.0,QENEL1,YENELT,,,50.0,1.33,55.17924769988218
144,SLCNHLS_ESR1,14032.801333333333,172318.68021943333,0.0,0.000145060325846,0.000163659458146,6772.367858683287,7804.397924896358,20961.808685368655,221890.05633043472,SLCN_ESS_ALL,50.0,QSHEL2,Key Capture Energy,50.0,Silicon Hill 1,50.0,1.98,26.031315077883534
145,QUEEN_BA_ESR1,54910.48341666666,102777.60494400833,0.0,570.7781013378944,0.0,6289.944089406697,22159.459054230338,0.0,186708.2696056499,QUEEN_BA_RN,50.0,QENEL2,YENELT,,,50.0,0.96,46.223477538554306
146,JUNORTH_ESR1,56724.85083333333,110195.25088884169,0.0,2459.5589556108985,881.3369837435938,1478.1818033891545,429.71523752079696,6269.614803360864,178438.5095058003,JUNORTH_RN,9.9,QTEN26,Adapture Renewables,9.9,Junction North BESS,9.9,1.62,15.118585725243406
147,JUNCTION_ESR1,16421.06883333333,114272.87070833334,0.0,0.0001496832112747,439.6166681405577,12466.59753672404,12420.744562175594,8601.322975381021,164622.2214337711,JUNCTION_RN,9.9,QBEEP1,Hunt Energy Network,9.9,Junction (DGR),9.9,1.0,56.566863025987296
148,PYR_ESR3,0.0,87055.03007639998,0.0,0.0,0.0,76218.48798867794,0.0,0.0,163273.51806507792,PYR_PYRON1,15.1,QECNR,RWE,13.3,Pyron,13.3,1.0,49.81699634488847
149,SPTX12B_ESR1,6262.573833333332,114821.30440887497,0.0,31.210821696040586,29.6156468765001,19986.592116005027,10333.300885246417,3521.9716195719448,154986.56933160423,SPTX12B_RN,24.9,QEDIS9,Ormat,25.1,SP TX-12B,25.1,1.0,58.71544413959464
150,CNTRY_ESR1,104225.3490833333,20149.031056283333,0.0,559.2286709895924,915.292490673689,13601.559814124827,7444.796094631982,7504.222653754644,154399.4798637914,CNTRY_RN,9.8,QPROLO,Prologis,9.9,Century BESS,9.9,1.92,67.59752462863524
151,RUSSEKST_ESR1,9473.222166666668,110542.74646666665,0.0,0.0001496832112747,468.38325400245895,12744.55156261951,12562.136447439414,8402.148155162791,154193.18820224074,RUSSEKST_RN,9.9,QBEEP1,Hunt Energy Network,9.9,Russek Street BESS,9.9,1.09,60.3056665362399
152,PYR_ESR2,0.0,68986.849456125,0.0,0.0,0.0,85181.18157337497,0.0,0.0,154168.03102949995,PYR_PYRON1,15.1,QECNR,RWE,13.3,Pyron,13.3,1.0,53.35242497221856
153,ELM_ST_ESR2,0.0,147402.5461195667,0.0,1167.5104001784157,2064.4298902097808,0.0,215.9742611303008,2284.89233573148,153135.35300681664,ELM_ST_RN2,9.9,QSYSO,YNPCEC,,,9.9,1.82,77.82640940805491
154,TNFS_ESR1,-49.69799999999999,133924.03450945832,0.0,1351.4240395419358,2424.6761735768987,0.0,151.8229263049392,2151.745314036584,139954.0049629187,TNFS_RN,9.9,QSYSO,YFTSCE,,,9.9,1.82,68.59450178427636
155,FLAT_TOP_ESR2,0.0,113810.06976669165,0.0,872.5391150188248,2287.1347265051895,5449.385796840965,6041.198986923088,9414.456411547557,137874.7848035273,FLVABES1_ESR,9.9,QJPEM,YFLOWE,,,9.9,1.7,70.3812933541135
156,TV_ESR1,61452.78083333334,8456.631256191664,0.0,8768.262801738474,12309.546797543115,5435.728811617317,3820.240028320235,37236.741436716096,137479.93196546024,TV_RN,9.8,QAETE1,Agilitas Energy,9.9,Telview BESS,9.9,2.12,82.8035429616865
157,ALAMO_ST_ESR1,-1.188,125170.629306925,0.0,1022.0330502497685,1952.6628579410665,0.0,188.33689950928664,2243.3480229735455,130575.82213759865,ALAMO_ST_RN,9.9,QSYSO,YALCEC,,,9.9,1.93,72.29983305722983
158,CR_ESR1,75492.20458333332,17060.69464173333,0.0,1079.4477538107894,832.7190913058942,15207.003763108343,7400.766774955243,9941.746016455643,127014.58262470257,CR_RN,9.8,QPROLO,Prologis,9.9,Crockett BESS 1,9.9,2.02,73.4519501808644
159,OLNEYTN_ESR1,11128.305833333334,81912.64730833333,0.0,0.0001496832112747,447.0943894754484,12821.274994169677,11985.062862746117,7799.243178781286,126093.6287165224,OLNEYTN_RN,9.9,QBEEP1,Hunt Energy Network,9.9,Olney (DGR),9.9,1.0,47.16705601299319
160,SWTWR_ESR1,0.0,67035.9543975,0.0,135.857630170468,209.37073040020903,7.322448979591838e-05,10076.001582903957,44162.32086017322,121619.50527437234,SWT_BESS_RN,9.9,QTEN26,YSWTWA,,,9.9,2.34,63.43817096940336
161,CAMWIND_ESR1,6514.039333333333,60612.02372899999,0.0,2446.392390958699,7179.06354522451,5191.725932235573,7243.594525267434,29742.191547536906,118929.03100355645,CAMWIND_RN,0.0,QTEN26,Ingka Investments,16.4,Cameron Storage,16.4,2.0,73.79400351804189
162,AE_ESR1,36931.539000000004,32279.27823166666,0.0,2856.5382203640143,75.5282323434829,18340.200045180416,13289.254360145993,14376.69395234635,118149.0320420469,AE_RN,9.9,QTEN26,TotalEnergies,149.2,Myrtle Storage U1,149.2,1.64,4.115629507448956
163,CFLAT_ES_ESR1,0.0,118133.64766610834,0.0,0.0,0.0,0.0,0.0,0.0,118133.64766610834,CFLAT_ES_RN,100.0,QTEN26,YCITFE,,,100.0,2.19,23.931973543982558
164,PEARSALL_ESR1,14162.003166666664,54330.7414247,0.0,9539.532559681316,23.856108353427025,1183.4878561076393,2600.2380730239456,35050.408173717755,116890.26736225073,PEARSALL_RN,9.9,QTEN26,YSUNSE,,,9.9,2.27,77.48012821069591
165,MEDILA_ESR1,73601.35225,42695.26747111667,0.0,0.0,0.0,0.0,0.0,0.0,116296.61972111664,MEDILA_RN,9.9,QTEN30,YREGME,,,9.9,1.25,16.534528934097807
166,NWF_ESR1,0.0,-47864.200556641656,0.0,1.0537192726355248e-05,1.506684027777778e-05,163537.21033068665,0.0,0.0,115673.00979964896,NWF_NWF1,36.0,QDUKER,Duke Energy,36.0,Notrees,36.0,0.35,30.191145536918928
167,BELD_ESR1,0.0,95263.30068914167,0.0,470.5707195337363,1517.2757358444528,4658.839272023553,2855.31568114285,10027.390732644697,114792.69283033095,TRIPBUT1_RN,7.5,QJPEM,Jupiter Power,7.5,Triple Butte (DGR),7.5,2.0,67.30508516476768
168,WOVER_ESR1,0.0,92033.95442833332,0.0,165.7029384024749,656.1050200378781,0.0001800059320296,1965.7087959412956,19517.97358754522,114339.44495026613,WOV_BESS_RN,9.9,QTEN26,Gore Street Energy Storage Fund,9.9,Westover (DGR),9.9,2.02,47.081114928444634
169,PYOTE_ESR1,0.0,90476.30095291667,0.0,732.8863596537735,2529.6841645728314,5592.33302056639,5853.262453394246,9008.483085888942,114192.95003699284,SWOOSE1_U1,9.9,QJPEM,Jupiter Power,9.9,Swoose (DGR),9.9,2.0,46.64653841146706
170,HAMILTON_ESR1,11446.901083333332,69676.03274999998,0.0,0.0001496832112747,466.10279571671583,12745.0326362169,11541.546114820492,7882.09780625246,113757.7133360231,HAMI_BESS_RN,9.9,QBEEP1,Hunt Energy Network,9.9,Hamilton Bess (DGR) U1,9.9,1.0,60.972770430584916
171,PIN_BESS_ESR1,33090.73966666667,79685.6238683583,0.0,0.0,0.0,0.0,0.0,0.0,112776.36353502497,PIN_BESS_RN,200.0,QTEN34,YPINTP,,,200.0,1.42,-10.142921005562647
172,FORTMA_ESR1,55719.68825,9287.415315833332,0.0,11103.876203080861,9156.295564036158,18724.38928774356,5404.9421055535995,606.9029137052073,110003.50963995271,FORTMA_RN,9.8,QTEN30,YMASON,,,9.8,1.22,67.62312803937506
173,RIO_GRAN_ESR2,38245.41791666666,23652.54132916667,0.0,1249.4233907075272,605.6561897345343,25679.16179564677,4559.492669533624,10625.973862224972,104617.66715368077,RIOG_ESR2_RN,9.9,QPROLO,Prologis,9.9,Rio Grande City BESS 2,9.9,2.26,18.36854590818507
174,FRMRSVLW_ESR2,33756.17625,24378.82856045,0.0,9946.232563508864,9496.250419301407,14302.77162394199,1675.2382801440203,8458.555471690162,102014.05316903643,FRMR_BS2_RN1,9.9,QTEN26,Hunt Energy Network,9.9,Farmersville West BESS 2 (DGR),9.9,1.52,64.44398282416857
175,GRDNE_ESR1,10879.037916666666,58562.40379999999,0.0,0.0001496832112747,474.49103353370657,12565.73830944616,11560.915378946502,7717.381557864687,101759.96814614092,GRDNE_ESR_RN,9.9,QBEEP1,YHENI1,,,9.9,0.84,64.70173984393439
176,CITRUSCY_ESR1,44693.59766666666,11659.613576666663,0.0,1445.2665804423737,1162.1991462916196,13180.394132052537,14014.86134969661,15250.428948843335,101406.3614006598,CITRUSCY_RN,9.9,QPROLO,Prologis,9.9,Citrus City BESS,9.9,2.26,65.54936529331773
177,WR_ESR1,36928.33841666666,34985.679083241674,0.0,2861.286539266609,2374.4358293724904,4546.590698448841,3975.3276451165184,14992.79930118057,100664.45751329335,WR_RN,9.9,QAETEL,YIEYES,,,9.9,0.7,98.16772700856384
178,JDKNS_ESR1,10948.900666666665,56771.60613333333,0.0,0.0001496832112747,469.1879721412244,12615.648628311903,11574.6907997984,7832.367533911199,100212.40188384593,JDKNS_RN,9.9,QBEEP1,Hunt Energy Network,9.9,Judkins BESS (DGR),9.9,1.0,61.89969047743044
179,CISC_ESR1,11723.65608333333,54552.933808333335,0.0,0.0001496832112747,447.4083923679911,12465.196843383508,12159.01951377746,7688.043271298259,99036.25806217709,CISC_RN,9.9,QBEEP1,Hunt Energy Network,9.9,Cisco BESS,9.9,1.09,47.00423202062855
180,MNWLE_ESR1,11342.44325,54811.78335833333,0.0,0.0001496832112747,446.44429697803713,12593.54203540677,11951.755242333427,7593.482030421755,98739.45036315653,MNWL_BESS_RN,9.9,QBEEP1,YHENI1,,,9.9,1.02,65.63833239480311
181,CATARINA_ESR1,7908.62575,58736.01080833333,0.0,0.0001496832112747,465.9167775335336,12894.396762778964,11528.872744450293,7124.812799458347,98658.63579223768,CATARINA_B1,9.9,QBEEP1,Hunt Energy Network,9.9,Catarina (DGR),9.9,1.0,57.65771777701594
182,MILTON_ESR1,56899.83683333333,-11630.531795724997,0.0,9342.070179221035,5307.8990245804125,20533.611699274315,5225.291259872528,11011.772635292247,96689.94983584886,MILTON_RN,9.9,QTEN30,YREGMI,,,9.9,1.23,61.69789291328428
183,MU_ESR1,19620.298666666666,36251.6370179,0.0,3169.03705568448,0.0,12979.478336788174,10372.95927479131,13132.721132498233,95526.13148432886,MU_RN,9.9,QTEN26,On.Energy,10.0,Mustang Bayou BESS,10.0,1.97,56.10085115939498
184,PIRATE_ESR1,31250.69333333333,9400.003959666668,0.0,18385.992537616654,6492.439255775018,14523.99972905582,4078.711506919615,11174.007204589856,95305.84752695696,PIRATE_RN,9.8,QTEN30,YREGSI,,,9.8,1.28,113.87754924151713
185,RTLSNAKE_ESR1,11045.520166666667,50684.9757,0.0,0.0001496832112747,449.8151705924349,12714.805715037306,11439.977955908886,7575.781757622406,93910.8766155109,RTLSNAKE_BT,9.9,QBEEP1,Hunt Energy Network,9.9,Rattlesnake (DGR),9.9,1.0,59.64032517511923
186,CEDRVALE_ESR1,11063.432916666668,50600.13285833333,0.0,0.0001496832112747,468.7665740961677,12572.183932733155,11331.267164955916,7538.352389337381,93574.13598580583,CEDRVALE_RN,9.9,QBEEP1,Hunt Energy Network,9.9,Cedarvale (DGR),9.9,1.0,61.18035640757781
187,GOMZ_ESR1,11101.555583333333,50249.73689166667,0.0,0.0001496832112747,468.7583146876933,12679.212631294811,11390.711283448707,7654.7882428495495,93544.76309696397,GOMZ_RN,9.9,QBEEP1,Hunt Energy Network,9.9,Gomez (DGR),9.9,1.0,62.86451343439556
188,MOORE_FL_ESR1,24252.9165,23945.872010041665,0.0,16226.065587607714,3101.1879073477257,5711.809343053126,19961.036641251594,0.0,93198.88798930183,MOORE_FL_RN,9.9,QTEN30,REX Storage Holdings,9.9,Moore Field BESS,9.9,1.0,84.13649622829958
189,LONESTAR_ESR1,11041.710416666663,49651.38884166667,0.0,0.0001496832112747,472.57311724690896,12733.27102851557,11467.773332153916,7654.641156616059,93021.35804254899,LONESTAR_RN,9.9,QBEEP1,Hunt Energy Network,9.9,Lonestar,9.9,1.0,61.21578437619532
190,FAULKNER_ESR1,11063.342916666665,49397.67553333333,0.0,0.0001496832112747,470.62769557061546,12892.721860215168,11452.549798678441,7623.567993844259,92900.48594799169,FAULKNER_RN,9.9,QBEEP1,Enel North America,15.9,Faulkner (DGR),15.9,1.22,32.184709268994766
191,SADLBACK_ESR1,11068.746416666663,49717.432774999994,0.0,0.0001496832112747,468.35460302466873,12444.936720307242,11491.58673578433,7655.50161943031,92846.55901989642,SADLBACK_RN,9.9,QBEEP1,Hunt Energy Network,9.9,Saddleback (DGR),9.9,1.0,60.037383802766456
192,CS_ESR1,24386.303166666665,33075.780867141664,0.0,2620.893615438346,0.0,8204.706845173969,10679.536852197496,13301.566621928441,92268.78796854657,CS_RN,9.9,QTEN26,On.Energy,9.9,Crosby BESS,9.9,2.02,40.804978723152566
193,CHERRYCR_ESR1,11118.781,48902.76301666667,0.0,0.0001496832112747,469.01602917275113,12328.74871753989,11373.205297277007,7623.111010947386,91815.62522128691,TOYAH_RN,9.9,QBEEP1,Hunt Energy Network,10.4,Toyah Power Station (DGR),10.4,0.95,63.73737751205762
194,DPCRK_ESR1,0.0,60506.96178916666,0.0,412.55479397130296,180.5171317493,0.0001800059320296,16005.126136815476,14415.771742758974,91520.93177446765,SNY_BESS_RN,9.9,QTEN26,Gore Street Energy Storage Fund,10.0,Snyder (DGR),10.0,2.0,49.688895147366566
195,SANDLAKE_ESR1,11062.59908333333,48219.722125,0.0,0.0001496832112747,467.4733139748204,12316.416645306923,11121.00607458833,7358.075670278284,90545.29306216488,SANDLAKE_RN,9.9,QBEEP1,Hunt Energy Network,9.9,Sandlake BESS,9.9,1.0,49.59978272538042
196,SGSA_ESR1,18922.606666666663,63203.98169583334,0.0,5.66715626201461e-06,2.752850466166859e-05,787.3160657852378,1151.3850821492545,4759.98355679082,88825.27310042096,SGSA_DGR,9.9,QAMA1,NW Group,9.9,Saragosa (DGR),9.9,2.02,41.07464641405861
197,CARRIZO_ESR1,49967.88541666667,25039.225926224997,0.0,6182.891612450752,4779.437180477471,0.0,1704.8855876642149,506.5630425172995,88180.8887660014,CARRIZO_ESR1,9.8,QTEN30,YREGCS,,,9.8,1.08,129.91583615449997
198,COYOTSPR_ESR1,11063.342916666665,48657.67937499999,0.0,0.0001496832112747,465.2317843550089,8199.548692574781,11258.997445162184,8357.380318371468,88002.18068181332,COYOTSPR_RN,9.9,QBEEP1,YBEEPR,,,9.9,0.9,60.44201245382658
199,SBEAN_ESR1,11044.80716666667,44171.48096666666,0.0,0.0001496832112747,468.336312996222,12402.885136229597,11449.190763366068,7599.392249495781,87136.09274510421,SBEAN_BESS,9.9,QBEEP1,Hunt Energy Network,9.9,Screwbean (DGR),9.9,1.0,58.5865454347328
200,FRMRSVLW_ESR1,9339.71075,43320.61615833332,0.0,0.0001496832112747,450.16508900210647,12940.499968016185,12035.995326441263,7667.467325086699,85754.4547665628,FRMRSVLW_RN,9.9,QBEEP1,Adapture Renewables,9.9,Farmersville BESS (DGR),9.9,1.1,49.2284828876025
201,W_HARLIN_ESR1,21311.85083333333,29874.665025375,0.0,1353.9388155811157,81.36448364070301,17716.41977035975,7359.372160205354,7151.967729180848,84849.5788176761,W_HRL_ESR_RN,9.9,QTEN24,YSMTTX,,,9.9,1.15,61.71665975617831
202,ZAPATA_ESR1,26177.484999999997,-5033.939441608332,0.0,16154.780646200956,3085.1067101630097,28253.7552674553,13746.099703999478,0.0,82383.2878862104,BRP_ZPT1_RN,9.9,QSUE74,YBRPIN,,,9.9,0.93,97.09464560367121
203,PAULN_ESR1,8305.522833333333,40094.686675,0.0,0.0001496832112747,446.7746592580868,12883.980208774157,12080.728061854,7701.04770500697,81512.74029290974,PAULN_RN,9.9,QBEEP1,Hunt Energy Network,9.9,Pauline BESS (DGR),9.9,1.0,51.748076913552296
204,ZAPATA_ESR2,26113.419,-4332.4951570583335,0.0,13129.153685211038,2948.8723825744264,29054.720430887774,14501.599692593358,0.0,81415.27003420827,BRP_ZPT2_RN,9.9,QSUE74,ENGIE,19.8,Zapata 1 (DGR),19.8,1.01,35.88819234397009
205,DIBOL_ESR1,7854.181416666665,40036.64495833332,0.0,0.0001473787130048,446.9567720392641,12764.44613380696,12089.21124243556,7671.010906674398,80862.4515773349,DIBOL_RN,9.9,QBEEP1,YHENI1,,,9.9,0.97,76.56155947404062
206,FALFUR_ESR2,18137.99183333333,-3765.715910783333,0.0,21106.1469004537,2233.352246129145,8090.605813826268,21000.898341943495,13909.401283687868,80712.68050859049,FALFUR_RN2,9.8,QTEN30,Hunt Energy Network,9.9,Falfur BESS,9.9,1.15,82.14996087977124
207,PUEBLO_ESR1,36718.372416666665,-1413.4207251916664,0.0,6669.013611610741,1657.6957180922373,24775.44397217086,12188.448277910962,0.0,80595.55327125978,BRP_PBL1_RN,9.9,QSUE74,YSUEZ,,,9.9,0.99,68.80814397357041
208,SP_ESR1,23044.5575,21320.809770066662,0.0,75.50741913616976,0.0,6581.6447171848595,4839.483983095419,24454.21921775896,80316.22260724207,SP_RN,9.0,QTEN26,On.Energy,9.9,Spencer BESS,9.9,2.02,63.981663129879095
209,MAINLAND_ESR1,8722.053416666666,35205.66825,0.0,0.0001485309621397,315.45794664387864,12975.80845708188,13885.176940783118,8314.75423660211,79418.91939630861,MAINLAND_RN,9.9,QBEEP1,Hunt Energy Network,9.9,Mainland BESS (DGR),9.9,1.0,48.83441693205683
210,HOLCOMB_ESR1,5343.339666666667,41093.439083333324,0.0,0.0001496832112747,541.1146684761314,12807.564627995323,12019.922638208502,7566.749597954035,79372.13043231722,HOLCOMB_RN1,9.9,QBEEP1,Hunt Energy Network,9.9,Holcomb (DGR),9.9,1.0,50.700082478675846
211,PAD2_ESS_ESR2,0.0,54376.52717843335,0.0,1617.5818599478962,1514.990060761497,2696.5337933449214,0.0,18826.59202254993,79032.22491503759,PAD2_ESS_RN,150.0,QCPSE,YCPS,,,150.0,1.42,7.714655362639071
212,L_FRESNO_ESR1,19873.605333333337,19510.289906525002,0.0,2908.222640083664,267.321393578449,15083.420980778263,10179.319175709954,11176.529132397523,78998.70856240619,L_FRE_ESR_RN,9.9,QTEN24,SMT Energy,10.0,Los Fresnos (DGR),10.0,1.0,101.61597112190725
213,N_MERCED_ESR1,16293.906666666666,27333.58594378333,0.0,2667.144246561957,92.74241917355847,16597.026401475214,9803.80130518572,5539.573598550962,78327.78058139741,N_MRD_ESR_RN,9.9,QTEN24,SMT Energy,10.0,North Mercedes BESS (DGR),10.0,1.0,47.43187761512928
214,N_ALAMO_ESR1,26251.380333333327,11580.725498533333,0.0,7533.271460774768,51.71603722953409,7677.910581757401,12049.617733860601,13018.1970490058,78162.81869449477,N_AL_BESS_RN,9.9,QTEN24,SMT Energy,10.0,North Alamo Bess,10.0,1.0,51.48070380641485
215,LOPENO_ESR1,30568.503166666662,-8655.823301225,0.0,15958.408890580728,2942.783477606353,24358.761045635765,12671.014068142631,0.0,77843.64734740715,BRP_LOP1_RN,9.9,QSUE74,YSUEZ,,,9.9,0.95,69.24868959350245
216,L_463S_ESR1,26243.614416666667,-9859.824991358333,0.0,18451.304228030185,2515.4599822814453,23187.446722855282,16439.07661828581,0.0,76977.07697676106,BRP_LOOP_RN,9.9,QSUE74,YSUEZ,,,9.9,0.58,107.21853733788008
217,BAY_CITY_ESR1,30175.074499999995,18036.6860255,0.0,781.2568929567286,70.94274446166287,14669.79810866313,5876.458906763505,6966.51118993491,76576.72836827993,BAYC_BESS_RN,9.9,QTEN24,SMT Energy,9.9,Bay City,9.9,1.0,53.22950241897364
218,LFSTH_ESR1,7854.208416666667,36124.31768333333,0.0,0.0001496832112747,446.5739327868852,12948.311443566092,12066.700164412068,7136.344374269097,76576.45616471735,LFSTH_RN,9.9,QBEEP1,Hunt Energy Network,9.9,Lufkin South BESS (DGR),9.9,1.0,51.18708138169973
219,MV_VALV4_ESR1,3172.600916666667,34833.69384166667,0.0,0.0001496832112747,315.4884091739676,12972.75141006966,15619.940162451807,9348.157769795851,76262.63265950781,MV_VALV4_RN,9.9,QBEEP1,Hunt Energy Network,10.0,Val Verde,10.0,1.0,52.598645362129886
220,MAYBERRY_ESR2,26511.054916666664,13574.440226166667,0.0,2862.721778530504,116.61048215206094,8045.2059145182375,12199.763473271509,12757.401773987374,76067.19856529303,MYRY_BES2_RN,9.9,QTEN24,SMT Energy,9.9,Mayberry BESS 2,9.9,1.46,62.650352424826025
221,GREGORY_ESR1,27983.158916666664,8580.327129541667,0.0,9448.712784858808,4652.817360901198,22474.49497763827,2857.1406222576124,0.0,75996.65179186422,GREGORY_RN,9.9,QTEN30,REX Storage Holdings,9.9,Gregory BESS,9.9,1.0,47.25222588757029
222,PAVLOV_ESR1,3785.592083333333,36395.610199999996,0.0,0.0001496832112747,308.9213400019523,12498.13330542306,13780.772424189814,8374.210757125618,75143.24025975697,PAVLOV_BT_RN,9.9,QBEEP1,Hunt Energy Network,9.9,Pavlov BESS,9.9,1.0,51.029216545046786
223,GODY_SLR_ESR1,0.0,74735.90219790833,0.0,0.0,0.0,0.0,0.0,0.0,74735.90219790833,GODY_SLR_RN,18.0,QTEN26,YMRGS,,,18.0,1.42,17.258919297035803
224,TYNAN_ESR1,6923.360083333333,30886.355116666662,0.0,0.0001496832112747,494.279869413688,13143.250260902132,14021.807690456058,8648.220725232979,74117.27389568808,TYNAN_RN,9.9,QBEEP1,Hunt Energy Network,9.9,Tynan BESS,9.9,1.09,51.42207136788836
225,PUEBLO_ESR2,40764.591833333325,-7780.835592891667,0.0,5441.753586607791,1610.5013816650944,21779.53199633976,11825.423138871696,0.0,73640.966343926,BRP_PBL2_RN,7.4,QSUE74,ENGIE,19.8,Pueblo 1 (DGR),19.8,1.01,26.5996503474437
226,LIGSW_ESR1,43253.401750000005,2625.364052733333,0.0,655.484751454343,737.3900693476329,19003.142931502716,6410.415199541544,418.6107803170065,73103.80953489657,LIGSW_RN,9.8,QPROLO,Prologis,9.8,Liggett Switch BESS,9.8,0.97,18.769398435560138
227,FLAT_TOP_ESR1,42.672,65246.382773166675,0.0,0.0001473648241159,0.0001202741295047,599.7377441881589,1484.495857252856,5479.933795851344,72853.22243809798,FLTBES1,8.5,QSHEL2,YKEYCA,,,8.5,1.0,67.21080732097154
228,EUNICE_ESR1,0.0,60247.59165246667,0.0,0.0,0.0,5340.876012881672,6646.21941242251,0.0,72234.68707777085,EUNICE_ALL,20.0,QTENSK,Orsted,40.3,Eunice,40.3,0.99,13.70583498563471
229,LAURELES_ESR1,36792.35058333333,10854.7852084,0.0,9469.09336159253,6278.376571209374,0.0,2707.9731634436434,5980.611574798794,72083.19046277767,LAUR_BESS_RN,9.8,QTEN30,YREGL,,,9.8,1.19,182.8416679428053
230,ODESW_ESR1,40503.08983333333,-14347.729425283333,0.0,7859.7756375865565,1447.1676394143133,21517.929903526277,11613.53796886131,3355.3837093027587,71949.15526674122,ODESW_RN,9.9,QSUE74,ENGIE,9.9,Odessa SW (DGR),9.9,1.0,47.60470542942009
231,MUENSTER_ESR1,43864.19016666667,11024.74326989167,0.0,6140.815596228498,3733.822784474991,2482.9303849785265,2703.683366566526,751.9954945315093,70702.18106333839,MUENSTER_RN,9.9,QTEN30,Excelsior Energy Capital,9.9,Muenster BESS,9.9,1.22,41.67545478108994
232,RIO_GRAN_ESR1,15847.701583333333,16716.796460949998,0.0,4698.912401882531,275.0250767500057,15822.511077822877,10489.454411141916,5799.479060267358,69649.88007214802,RIOG_ESR_RN,9.9,QTEN24,SMT Energy,10.0,Rio Grande City BESS (DGR),10.0,1.0,56.49495500038333
233,FALFUR_ESR1,3436.0951666666665,27751.58773333333,0.0,0.0001496832112747,309.3311082446792,13061.497852857825,15571.688273878699,9433.555584177935,69563.75586884235,FALFUR_RN,9.9,QBEEP1,Hunt Energy Network,9.9,Falfurrias BESS,9.9,1.0,58.51451516449486
234,WEIL_TRC_ESR1,3400.553083333333,28056.228783333336,0.0,0.0001485309621397,315.3181055058971,13001.21146156092,15267.43158908185,8973.958741824434,69014.70191317073,WLTC_ESR_RN,9.9,QBEEP1,Hunt Energy Network,9.9,Weil Tract BESS,9.9,1.09,56.44351833084711
235,ELSA_ESR1,19930.284,14393.973662183334,0.0,1342.7115404201909,426.1520272046368,15157.68311886756,11560.645017872386,5773.349705846678,68584.79907239479,ELSA_ESR_RN,9.9,QTEN24,SMT Energy,10.0,Elsa (DGR),10.0,1.0,46.52213534415556
236,HEIGHTTN_ESR1,13527.532666666664,-4522.073220249999,0.0,12747.708143857131,4188.803612758344,24331.534723023175,14846.264417612807,2165.6945683092113,67285.46491197732,BRHEIGHT_RN,9.9,QSUE74,ENGIE,9.9,Heights (DGR),9.9,1.0,62.33006815514459
237,EMPCT_ESR1,35953.1575,20711.746035291664,0.0,470.226366042283,121.51924242828134,2902.8758683586334,2272.5218456462067,4792.448613829308,67224.49547159638,EMPCT_RN,9.9,QTEN24,YSMTII,,,9.9,1.24,39.4318658046589
238,PRCRK_ESR1,22026.72325,33627.002569016666,0.0,700.8841216132722,75.99739531114818,2421.317682327756,2257.5868281637736,5461.053720919196,66570.5655673518,PRCRK_RN,9.9,QTEN24,SMT Energy,9.9,Prairie Creek BESS,9.9,1.52,38.12390719545124
239,BRAZORIA_ESR1,18477.551166666668,-7242.014270975,0.0,13344.472470622088,3713.227416763791,23161.856118638985,12282.369934373133,2812.2240575126066,66549.68689360228,BRP_BRAZ_RN,9.9,QSUE74,ENGIE,10.0,Brazoria (DGR),10.0,1.0,69.67443320158068
240,SWEENY_ESR1,30218.690416666668,-10265.292197691668,0.0,10917.655968811388,1967.742565196778,24085.623957215328,8548.422845316005,0.0,65472.843555514504,BRP_SWNY_RN,9.9,QSUE74,YSUEZ,,,9.9,0.78,82.56481731603361
241,S_SNROSA_ESR1,22427.52491666667,10806.334622724999,0.0,675.242189965941,476.3329452764978,15840.710773732315,10535.53890569866,4539.9422290458215,65301.62658311091,SROSA_ESR_RN,9.9,QTEN24,SMT Energy,10.0,Santa Rosa (DGR),10.0,1.0,44.247455841807934
242,K0_ESR1,25505.572666666663,-3045.8532294999986,0.0,10289.730084589663,1668.3524142243623,20658.622307443955,10211.958807413968,0.0,65288.38305083861,BRP_RN_UNIT1,9.9,QSUE74,YSUEZ,,,9.9,0.72,66.69734365362643
243,MIDWY_ESR1,36437.248,15477.130825658334,0.0,266.9751594635024,956.2960313546627,7966.657083556127,3401.213215466105,0.0,64505.52031549873,MIDWY_RN,9.9,QPROLO,Prologis,9.9,Midway BESS,9.9,1.0,46.22369263404633
244,MAYBERRY_ESR1,23361.229916666663,6923.938975058333,0.0,1154.604889915011,312.02728614411274,15321.263344980922,10726.7926236988,6438.185035024906,64238.04207148876,MYRY_ESR_RN,9.9,QTEN24,SMT Energy,10.0,Mayberry Bess,10.0,1.0,53.7968787785745
245,ANGLETON_ESR1,15934.348583333332,-5267.574907408333,0.0,9075.579019647523,3553.992887815717,25320.699060768995,15618.61702134395,0.0,64235.66166550118,BRPANGLE_RN,9.9,QSUE74,ENGIE,19.9,BRP Angleton (DGR),19.9,1.0,35.173008794485085
246,GARCENO_ESR1,25671.099,-2245.812513416666,0.0,2488.0491691784946,523.5824334507114,15569.466196030604,12560.202167990677,8729.264034006814,63295.850487240634,GARC_BESS_RN,9.9,QTEN24,SMT Energy,19.9,Garceno Bess (DGR),19.9,1.0,35.08659945867939
247,GOODWIN_ESR1,35695.30891666667,5857.421392716665,0.0,11482.96277241562,2546.9712187662935,0.0,4185.290346048714,595.7587467709214,60363.713393384875,GOODWIN_ESR,9.9,QTEN30,YREGGO,,,9.9,1.2,68.06954957280917
248,WCOLLOCL_ESR1,-8.82,2982.8061399166663,0.0,0.0,0.0,43599.95537722581,12244.906809743848,0.0,58818.84832688631,BSS_U1,9.9,QHABIT,YGLIDE,,,9.9,1.42,141.17708903516504
249,GEORSO_ESR1,3369.9145000000003,41246.281087891664,0.0,1.1046893457060278,14.11860599630163,7686.681156328947,4537.790064161869,1322.5574983154963,58178.44760203999,RHESS2_ESS1,9.8,QEDIS9,Ormat,9.9,Rabbit Hill,9.9,1.0,60.99259436970418
250,GZ_ESR1,37805.152500000004,2867.8352853499996,0.0,3142.3667176718072,5058.951913706563,4222.737136050748,2222.312163120657,667.4428596608259,55986.79857556059,GZ_RN,8.0,QTEN30,YREGGE,,,8.0,1.64,73.12924231154108
251,MAGNO_TN_ESR1,11157.64775,3630.1529253499994,0.0,10196.612089390292,3327.3040671566914,20222.981371816983,7217.348025391303,0.0,55752.04622910525,BRPMAGNO_RN,7.4,QSUE74,YSUEZ,,,7.4,0.71,97.23230119092979
252,DICKNSON_ESR1,12498.953999999998,-546.665912891666,0.0,10888.566913121911,3228.129242186178,21213.128665970504,8229.90767770848,0.0,55512.02058609541,BRP_DIKN_RN,7.4,QSUE74,YSUEZ,,,7.4,0.52,99.49341337166265
253,OLMITO_ESR1,11876.926833333333,41175.5675584,0.0,0.0,0.0,0.0,0.0,0.0,53052.49439173333,OLMITO_RN,9.9,QTEN26,YAGPC7,,,9.9,1.84,19.007982527908844
254,POTEETS_ESR1,2133.0353333333333,29213.101,0.0,0.0,103.77274725274724,9697.529276678119,6477.246291969101,3881.2636953286724,51505.94834456197,POTEETS_RN,9.9,QBEEP1,YHENI1,,,9.9,1.0,70.62881681787088
255,ALVIN_ESR1,3668.0577499999986,-3353.488242741666,0.0,11480.619945654356,3723.1748558968848,20865.06581748708,10116.659842463181,2296.2165846999587,48796.30655345979,ALVIN_RN,7.4,QSUE74,ENGIE,10.0,Alvin (DGR),10.0,1.0,51.33980271926532
256,E_HARRIS_ESR1,6815.348333333333,41068.36595695833,0.0,0.0,0.0,0.0,0.0,0.0,47883.71429029167,E_HARRIS_RN,9.9,QTEN26,YAGPC5,,,9.9,1.85,43.047479269248505
257,STADIUM_ESR1,311.74,44055.959464658335,0.0,1.6516666666666666,0.0,38.60012179487179,162.51,1717.5196336996337,46287.9808868195,STADIUM_RN,9.9,QTEN26,YBESST,,,9.9,1.49,51.606973900058776
258,HEARN_RD_ESR1,34800.21508333333,5674.326313783333,0.0,0.0,0.0,0.0,0.0,0.0,40474.54139711666,HEARN_RD_RN,9.8,QTEN30,Excelsior Energy Capital,9.9,Hearn Road BESS,9.9,1.0,66.97467498992032
259,LYSSY_ESR1,62762.92116666667,-24390.505208041664,0.0,0.0,0.0,0.0,0.0,0.0,38372.41595862498,LYSSY_RN,9.9,QTEN30,YREGLY,,,9.9,1.06,1.9210206829862306
260,X4_ESR1,0.0,34228.75893034166,0.0,965.9705689579379,2165.6141163069487,0.0,-1614.7230570136462,0.0,35745.620558592906,X443ESRN,10.0,QCPSE,CPS Energy,10.0,Commerce St (DGR),10.0,1.0,31.685892204194097
261,LANTANA_ESR1,3509.6745,31087.932734966664,0.0,0.0,0.0,0.0,0.0,0.0,34597.607234966665,LANTANA_RN,9.9,QTEN26,YAGPC2,,,9.9,2.01,38.04037224923518
262,BLSUMMIT_ESR1,0.0,32884.45059765,0.0,0.0,0.0,0.0,0.0,0.0,32884.45059765,BLSMT1_5_A_6,30.0,QFPL12,NextEra Energy Resources,15.0,Blue Summit,15.0,0.42,18.198602809388046
263,RHA_ESR1,0.0,31422.26757772499,0.0,0.0,0.0,0.0,0.0,0.0,31422.26757772499,RN_RHN_ESR,200.0,QTEN19,YDESTS,,,200.0,1.87,-3.437666453403823
264,DA_ESR1,0.0,28306.0078875,0.0,0.0001473787130048,0.0001566145715639,445.75038193626693,633.1981119650837,1908.8233944690076,31293.78007986364,DA_BESS,5.0,QSHE16,YBACCH,,,5.0,2.04,50.15412304526993
265,HV_ESR1,22675.50516666667,-8442.6205025,0.0,2623.7247272619234,5452.8337676909,5864.663176567307,2240.6458037410102,566.2497427339744,30981.001882161778,HV_BESS1_RN,0.0,QTEN30,YREGHI,,,0.0,1.42,74.14725415356195
266,CASL_GAP_ESR1,0.0,30869.444829166663,0.0,0.0,0.0,0.0,0.0,0.0,30869.444829166663,CASL_GAP_UN1,3.9,QLUMN1,Luminant,9.9,Castle Gap Battery,9.9,4.24,8.114351821267661
267,ELMCRK_ESR1,0.0,28256.681638241662,0.0,0.0,0.0,0.0,0.1371220414201183,938.6189927995972,29195.437753082682,ELMCRK_RN,9.9,QMP2M1,YDGSP2,,,9.9,2.64,28.967359768504927
268,GZ_ESR2,2707.3545,21786.948051849995,0.0,197.77563834027777,292.88877289543336,1103.1810120030448,1540.4148511543979,1565.6102194122404,29194.173045655392,GZ_RN,9.9,QPROLO,YESTH7,,,9.9,2.13,26.05309761385548
269,MESQUITE_ESR1,363.495,26550.852652366666,0.0,0.0,0.0,0.0,38.58539864429487,1449.1313774822192,28402.06442849318,MESQUITE_RN,9.9,QTEN26,YBESLF,,,9.9,2.01,47.10851035440601
270,MDWPK_ESR1,2727.3766666666666,21098.132534666667,0.0,0.0,0.0,0.0,0.0,0.0,23825.509201333338,MDWPK_RN,9.9,QTEN26,YMEADP,,,9.9,0.48,50.5648069833764
271,JOHNCI_ESR1,-11621.198999999997,34798.34813333333,0.0,413.5386280677656,-204.97310256410256,0.0,0.0,0.0,23385.714658836998,JC_BAT_RN,1.3,QLCRA,Pedernales Electric Cooperative,2.3,Johnson City,2.3,1.0,-7.9490634445796005
272,KEG_ESR1,0.0,21752.186830724997,0.0,0.0,0.0,0.0,0.0,0.0,21752.186830724997,KEG_RN,0.0,QEDF27,YSMTX3,,,0.0,1.42,0.0
273,ABINDUST_ESR1,0.0,20078.563534691664,0.0,0.0,0.0,0.0,19.84431957527942,1152.1688410147601,21250.576695281703,ABINDUST_RN,9.9,QMP2M1,YDIST,,,9.9,0.48,22.159412885968614
274,INDL_ESR1,0.0,20787.312532341668,0.0,6.56173469387755e-05,4.518367346938775e-05,0.0,0.0,0.0,20787.312643142686,IND_INADALE1,9.9,QECNR,RWE,9.9,Inadale,9.9,1.0,17.132907385544584
275,PYR_ESR1,0.0,20735.53238748333,0.0,0.0,0.0,0.0,0.0,0.0,20735.53238748333,PYR_PYRON1,9.9,QECNR,RWE,13.3,Pyron,13.3,1.0,9.512516186333702
276,WORSHAM_ESR1,-6745.224999999999,7243.768500525,0.0,0.0001496832112747,6.596728930542806e-05,2124.5163367868167,8521.120541477552,8172.336202050019,19316.516796489886,WRSBES_BESS1,9.7,QSHEL2,Key Capture Energy,9.9,Worsham (DGR),9.9,1.81,10.17380663140102
277,Z0_ESR1,-3749.733166666667,21172.132677108333,0.0,0.0,0.0,0.0,0.0,0.0,17422.399510441664,Z0_DGR2_RN,9.9,QTEN26,YBEXCO,,,9.9,2.03,29.4783700671023
278,UTOPIA_ESR1,25679.267666666667,-8659.089942816665,0.0,0.0,0.0,0.0,0.0,0.0,17020.17772385,UTOPIA_RN,9.9,QTEN30,YREGUT,,,9.9,0.4,33.44146323730372
279,SAH_ESR1,0.0,16981.10362986667,0.0,0.0,0.0,0.0,0.0,0.0,16981.10362986667,SAH_RN,200.0,QGFEN,YESTH2,,,200.0,2.07,6.64679219026979
280,BY_ESR1,0.0,12814.1058006,0.0,0.0,0.0,68.75717038793557,6.213780699919461,92.95350118017672,12982.030252868028,RN_BY_ESR1,9.9,QPROLO,YESTHB,,,9.9,0.75,-0.025199399035161413
281,ELM_ST_ESR1,0.0,4488.233568924999,0.0,0.0,0.0,0.0,0.0,0.0,4488.233568924999,ELM_ST_RN,0.0,QTEN26,YELMST,,,0.0,1.42,3.3719482727470993
282,PRTLAVS_ESR1,0.0,-303.5644159666667,0.0,0.0,0.0,3742.2002991850795,0.0,0.0,3438.6358832184123,PTLBES_BESS1,6.0,QSTEC3,Key Capture Energy,9.9,Port Lavaca (DGR),9.9,1.2,0.6092191142037618
283,CONTINEN_ESR1,9545.731166666666,-11328.666333333333,0.0,1562.9451538461537,758.7533562271062,2677.431301282051,-162.3725961538461,0.0,3053.8220485347974,CONTINEN_RN,9.9,QTEN30,REX Storage Holdings,9.9,Continental BESS (DGR),9.9,1.0,3.991081122114239
284,PAD3_ESS_ESR3,0.0,933.7634286333335,0.0,0.0,0.0,0.0,0.0,0.0,933.7634286333335,RN_PAD3_ESS,0.0,QTEN25,Eolian,51.4,Padua BESS 1,51.4,2.37,-1.76447485234375e-05
285,BUDA_ESR1,0.0,159.8148661416667,0.0,0.0,0.0,0.0,0.0,0.0,159.8148661416667,BUDA_RN,0.0,QTEN26,YBUDAI,,,0.0,1.42,0.6563513215127246
286,HNY_COMB_ESR1,0.0,8.24645,0.0,0.0,0.0,0.0,0.0,0.0,8.24645,HNY_COMB_RN,61.5,QHEI6,YHONHO,,,61.5,1.42,0.00281549939481575
287,RVN_ESR1,0.0,0.0,0.0,0.0,0.0,0.0,0.0,0.0,0.0,RVN_RN,0.0,QTEN26,,,,0.0,1.42,0.0
288,SE_EDINB_ESR1,0.0,0.0,0.0,0.0,0.0,0.0,0.0,0.0,0.0,,,,,,,,1.42,0.0
289,CLT_ESR1,0.0,0.0,0.0,0.0,0.0,0.0,0.0,0.0,0.0,CLT_RN,100.0,QNRGTX,YNRGTX,,,100.0,1.42,0.0
290,CLT_ESR2,0.0,0.0,0.0,0.0,0.0,0.0,0.0,0.0,0.0,CLT_RN,100.0,QNRGTX,YNRGTX,,,100.0,1.42,0.0
291,NEDIN_ESR1,0.0,0.0,0.0,0.0,0.0,0.0,0.0,0.0,0.0,NEDIN_RN,0.0,QTEN26,YINFGC,,,0.0,1.42,0.0
292,HDNLAKES_ESR1,0.0,0.0,0.0,0.0,0.0,0.0,0.0,0.0,0.0,HDNLAKES_RN,0.0,QTEN26,YSBES6,,,0.0,1.42,
293,GRIZZLY_ESR1,0.0,0.0,0.0,0.0,0.0,0.0,0.0,0.0,0.0,POTSVIL_RN,9.9,QPRIO1,YGRIZZ,,,9.9,1.42,0.0
294,BIRD_BES_ESR1,0.0,0.0,0.0,0.0,0.0,0.0,0.0,0.0,0.0,BIRD_ESR1,0.0,QEDIS7,YVES37,,,0.0,1.29,0.0
295,AMAD_ESS_ESR1,0.0,0.0,0.0,0.0,0.0,0.0,0.0,0.0,0.0,AMAD_ESS_RN,0.0,QGRIE4,YBTAMS,,,0.0,1.42,0.0
296,APPLE_ESR1,0.0,0.0,0.0,0.0,0.0,0.0,0.0,0.0,0.0,APPLE_ESR_RN,0.0,QTEN26,YAPPFR,,,0.0,1.42,0.0
297,HARLIN_1_ESR1,0.0,0.0,0.0,0.0,0.0,0.0,0.0,0.0,0.0,HARLIN_1_RN,0.0,QTEN26,SMT Energy,10.0,Harlingen II,10.0,1.0,0.0
298,CLO_ESR3,0.0,0.0,0.0,0.0,0.0,0.0,0.0,0.0,0.0,CLO_RN,100.0,QNRGTX,Jupiter Power,67.66666666666667,Callisto 1 Energy Center Unit 1,67.66666666666667,1.42,0.0
299,OR_ESR1,0.0,0.0,0.0,0.0,0.0,0.0,0.0,0.0,0.0,OR_BESS_RN,9.9,QCWPE3,YIEPTE,,,9.9,1.42,0.0
300,MESQUITE_ESR2,0.0,0.0,0.0,0.0,0.0,0.0,0.0,0.0,0.0,MESQUITE_RN2,0.0,QSYSO,YMSCEC,,,0.0,1.42,0.0
301,LEAKEY_ESR1,0.0,0.0,0.0,0.0,0.0,0.0,0.0,0.0,0.0,LEAKEY_RN,0.0,QTEN30,YRELE,,,0.0,1.42,0.0
302,KNAPP_ESR1,0.0,0.0,0.0,0.0,0.0,0.0,0.0,0.0,0.0,KNAPP_RN,0.0,QTEN26,YKNAPP,,,0.0,1.42,0.0
303,MEDINA1_ESR1,0.0,0.0,0.0,0.0,0.0,0.0,0.0,0.0,0.0,MEDINA1_RN,0.0,QTEN30,YREMED,,,0.0,1.42,0.0
304,LK_ESR1,0.0,0.0,0.0,0.0,0.0,0.0,0.0,0.0,0.0,LK_RN,0.0,QPROLO,YESTH5,,,0.0,1.42,0.0
305,COTULLA_ESR1,0.0,0.0,0.0,0.0,0.0,0.0,0.0,0.0,0.0,,,,,,,,1.42,0.0
306,DRAK_ESS_ESR1,0.0,0.0,0.0,0.0,0.0,0.0,0.0,0.0,0.0,DRAK_ESS_RN,150.0,QNRGTX,YMALES,,,150.0,1.42,0.0
307,CHISMGRD_ESR1,0.0,0.0,0.0,0.0,0.0,0.0,0.0,0.0,0.0,CHISMGRD_RN,0.0,QTEN25,YCHISH,,,0.0,1.42,
308,ESCONDID_ESR1,0.0,0.0,0.0,0.0,0.0,0.0,0.0,0.0,0.0,ESCONDID_ESR,0.0,QTEN30,YREGES,,,0.0,1.42,0.0
309,PALMVIEW_ESR1,0.0,0.0,0.0,0.0,0.0,0.0,0.0,0.0,0.0,,,,,,,,1.42,0.0
310,DRAK_ESS_ESR2,0.0,0.0,0.0,0.0,0.0,0.0,0.0,0.0,0.0,DRAK_ESS_RN,100.0,QNRGTX,YMALES,,,100.0,1.42,0.0
311,DA_ESR2,0.0,0.0,0.0,0.0,0.0,0.0,0.0,0.0,0.0,,,,,,,,1.42,0.0
312,CNTYRDS_ESR1,0.0,-122.7064564,0.0,0.0,0.0,0.0,0.0,0.0,-122.7064564,CNTYRDS_RN,0.0,QTEN26,YCORDI,,,0.0,1.42,-0.44391551619812086
313,HWY6_ESR1,0.0,-220.26386250833332,0.0,0.0,0.0,0.0,0.0,0.0,-220.26386250833332,HWY6_RN,0.0,QTEN26,YHWY6,,,0.0,1.42,-0.8715775678855971
314,TORR_ESR1,0.0,-1034.5808133333333,0.0,0.0,0.0,0.0,0.0,0.0,-1034.5808133333333,TORR_ALL,0.0,QFPL33,YNEXTE,,,0.0,1.42,0.0
315,SLK_BESS_ESR1,11759.840166666665,-13202.599423399997,0.0,0.0,0.0,0.0,0.0,0.0,-1442.7592567333345,SLK_BESS_RN,200.0,QTEN34,YMENTB,,,200.0,1.42,1.916833627140565
316,DA_ESR3,0.0,-1818.0011833333324,0.0,0.0,0.0,0.0,0.0,0.0,-1818.0011833333324,DA_BESS2,9.9,QSHE16,Vopak Energy Storage Texas,5.0,Damon Storage,5.0,1.94,-1.6802454970268712
317,SAH_ESR2,0.0,-2057.4052521416634,0.0,0.0,0.0,0.0,0.0,0.0,-2057.4052521416634,SAH_RN,200.0,QGFEN,YESTH2,,,200.0,2.18,1.2480693233901956
318,BCNV2_ES_ESR1,0.0,-4010.4462324166666,0.0,0.0,0.0,0.0,0.0,0.0,-4010.4462324166666,BCNV2_ES_RN,0.0,QSU115,YBOCP2,,,0.0,1.42,0.0
319,HEN_ESR1,0.0,-6371.566826116664,0.0,0.0,0.0,0.0,0.0,0.0,-6371.566826116664,HEN_RN,150.0,QECNR,YCROWN,,,150.0,1.75,0.7607319253036356
320,ARY_BESS_ESR1,0.0,-7954.572898708333,0.0,0.0,0.0,0.0,0.0,0.0,-7954.572898708333,ARY_BESS_RN,0.0,QTEN32,YBTCS,,,0.0,1.42,0.0
321,QTUM_SLR_ESR2,0.0,-8668.336291475,0.0,0.0,0.0,0.0,0.0,0.0,-8668.336291475,RN_QTUM_SLR,0.0,QTEN33,YIPQB2,,,0.0,1.42,-1.0336716273923612
322,CARA_ESS_ESR1,0.0,-12536.18819666667,0.0,0.0,0.0,0.0,0.0,0.0,-12536.18819666667,CARA_ESS_RN,98.3,QHEI8,YHEI8,,,98.3,1.42,-3.8129460630659624
323,LYNX_ESS_ESR1,0.0,-14901.047180166664,0.0,0.0,0.0,0.0,0.0,0.0,-14901.047180166664,LYNX_ESS_RN,0.0,QSU101,YCORBS,,,0.0,1.42,-27.03009942674383
324,HRMS_SLR_ESR1,0.0,-16574.21680020833,0.0,0.0,0.0,0.0,0.0,0.0,-16574.21680020833,HRMS_SLR_RN,20.0,QTOT11,YBELST,,,20.0,1.42,-33.31125807068294
325,QTUM_SLR_ESR1,0.0,-16934.547112091666,0.0,0.0,0.0,0.0,0.0,0.0,-16934.547112091666,RN_QTUM_SLR,0.0,QTEN33,YIPQB2,,,0.0,1.42,-3.6375919132952608
326,CAST_ESS_ESR1,0.0,-17049.953308666667,0.0,0.0,0.0,0.0,0.0,0.0,-17049.953308666667,CAST_ESS_RN,200.0,QSUE79,YSUEZ,,,200.0,1.42,-4.223259172746919
327,SOLC_SLR_ESR2,0.0,-17299.831354208334,0.0,0.0,0.0,0.0,0.0,0.0,-17299.831354208334,RN_SOLC_SLR,160.0,QTEN33,YIPQB,,,160.0,1.42,-3.7565884277348713
328,SOLC_SLR_ESR1,0.0,-20794.795115299996,0.0,0.0,0.0,0.0,0.0,0.0,-20794.795115299996,RN_SOLC_SLR,160.0,QTEN33,YIPQB,,,160.0,1.42,-7.34910031184733
329,GAIA_SLR_ESR1,0.0,-24219.055066233333,0.0,0.0,0.0,0.0,0.0,0.0,-24219.055066233333,GAIA_SLR_RN,76.3,QTEN26,YGAIA,,,76.3,1.42,-5.843595186807876
330,DESN_ESS_ESR1,0.0,-52066.200649591665,0.0,0.0,0.0,0.0,0.0,0.0,-52066.200649591665,DESN_ESS_RN,200.0,QSUE79,YSUEZ,,,200.0,0.45,-8.613631902881838
331,HEN_ESR2,0.0,-56821.08760963333,0.0,0.0,0.0,0.0,0.0,0.0,-56821.08760963333,HEN_RN,0.0,QECNR,YEONCR,,,0.0,1.42,-9.72741542635437
332,VERT_ESS_ESR1,0.0,-70099.099031325,0.0,0.0,0.0,0.0,0.0,0.0,-70099.099031325,VERT_ESS_RN,200.0,QNRGTX,YNRGTX,,,200.0,1.42,-8.309085966774537
333,FERD_ESS_ESR1,0.0,-99084.42867058332,0.0,272.5129763611111,102.83548911805556,320.43875534722224,0.0,1048.9131928541667,-97339.72825690277,FERD_ESS_RN,200.0,QCPSE,YCPS,,,200.0,2.51,-25.239004430750864
