resource_name,da_energy_rev,rt_energy_rev,deviation_penalty,regup_rev,regdn_rev,rrs_rev,ecrs_rev,nonspin_rev,total_rev,settlement_point,hsl,qse,company,capacity_mw,energy_mwh,site,eff_capacity_mw,tb_index,theoretical_rev,duration_hours,optimization_rate
ABINDUST_ESR1,0.0,225.63268016666663,0.0,0.0,0.0,0.0,0.0,0.0,225.63268016666663,ABINDUST_RN,9.9,QMP2M1,YDIST,,,,9.9,74.23505252525251,734.9270199999999,2.51,30.70137224872569
ADL_ESR1,780.9570000000001,-837.1209999999999,0.0,0.0,0.0,194.91000000000003,0.0,35.815000000000005,174.56100000000026,ADL_RN,60.0,QTEN26,YLIB1S,,,,60.0,24.53633333333333,1472.1799999999998,1.07,11.857313643712066
AE_ESR1,26.369999999999997,286.6582266666667,0.0,0.0,0.0,0.0,10.2,117.67599999999999,440.90422666666666,AE_RN,9.9,QTEN26,TotalEnergies,149.2,244.0,Myrtle Storage U1,149.2,30.760140750670235,4589.412999999999,1.64,9.60698517798827
ALAMO_ST_ESR1,0.0,65.26173084166668,0.0,0.0,0.0,0.0,0.0,0.0,65.26173084166668,ALAMO_ST_RN,9.9,QSYSO,YALCEC,,,,9.9,67.3653192171717,666.9166602499998,1.78,9.785590124139757
ALP_BESS_ESR1,837.8399999999999,-1949.6820324999997,0.0,0.0,0.0,196.984,275.281,443.538,-196.03903249999962,ALP_BESS_RN,100.3,QHEI1,YHABIT,,,,100.3,145.6685429710868,14610.554860000006,1.6,-1.3417630909877678
ALVIN_ESR1,40.499999999999986,-8.815680924999988,0.0,38.661,17.046,6.836,6.9399999999999995,0.0,101.16731907499998,ALVIN_RN,9.9,QSUE74,ENGIE,10.0,10.0,Alvin (DGR),10.0,21.052500000000006,210.52500000000006,1.0,48.05477690298062
AMAD_ESS_ESR1,0.0,0.0,0.0,0.0,0.0,0.0,0.0,0.0,0.0,AMAD_ESS_RN,0.0,QGRIE4,YBTAMS,,,,0.0,36.2739896073903,0.0,1.43,0.0
ANCHOR_ESR1,805.836,120.31824999999985,0.0,0.0,0.0,13.5,30.0,102.723,1072.3772499999998,ANCHOR_ALL,35.2,QENE11,Enel North America,35.75,56.5,Anchor BESS 1,35.75,55.08456293706295,1969.2731250000004,1.58,54.455485955001784
ANCHOR_ESR2,832.595,803.4380833333332,0.0,0.0,0.0,13.5,30.0,102.723,1782.2560833333332,ANCHOR_ALL,36.3,QENE11,Enel North America,35.75,56.5,Anchor BESS 1,35.75,55.08456293706295,1969.2731250000004,1.58,90.50324511656213
ANDMDSLR_ESR1,-2588.6040000000003,8236.502597425,0.0,0.0,0.0,35.439,155.884,1229.328,7068.549597425001,ANDMDSLR_ALL,81.9,QIPLU2,YIPXP,,,,81.9,63.99961965506715,5241.56884975,1.79,134.8556090751749
ANDMDSLR_ESR2,-1429.086,6846.612652433333,0.0,0.0,0.0,33.829,153.783,1190.808,6795.946652433333,ANDMDSLR_ALL,78.1,QIPLU2,YIPXP,,,,78.1,64.47257888924457,5035.308411250001,1.8,134.96584712169118
ANEM_ESS_ESR1,0.0,5204.098154258333,0.0,0.0,0.0,0.0,0.0,0.0,5204.098154258333,ANEM_ESS_RN,200.0,QSUE53,Plus Power,205.0,400.0,Anemoi Energy Storage,205.0,41.12981707317073,8431.6125,1.95,61.72126807604516
ANGLETON_ESR1,44.710999999999984,14.883714816666666,0.0,18.799,15.221,12.636000000000001,18.675,0.0,124.92571481666666,BRPANGLE_RN,9.9,QSUE74,ENGIE,19.9,19.9,BRP Angleton (DGR),19.9,21.9325,436.45675,1.0,28.62270197829834
ANG_SLR_ESR1,0.0,3205.7728605999996,0.0,0.0,0.0,0.0,0.0,3704.773,6910.545860599999,ANG_ALL,100.0,QTEN26,Apex Clean Energy,103.0,200.0,Angelo Storage,103.0,71.93463592233009,7409.267499999999,1.94,93.26894811936538
ANOL_ESS_ESR1,0.0,3709.0642859499994,0.0,0.0,0.0,0.0,0.0,3054.15,6763.21428595,ANOL_ESS_RN,240.0,QESVEM,esVolta,247.1,480.0,Anole BESS,247.1,48.52775698097937,11991.208750000002,1.94,56.40143897878518
ANTL_ESS_ESR1,1991.3749999999995,-211.55608333333362,0.0,348.133,159.99200000000002,97.474,28.341,294.764,2708.5229166666663,ANTL_ESS_ES1,70.0,QSU100,ENGIE,72.4,140.0,Antlia BESS,72.4,76.03604972375689,5505.009999999999,1.93,49.20105352518282
APPLE_ESR1,0.0,0.0,0.0,0.0,0.0,0.0,0.0,0.0,0.0,APPLE_ESR_RN,0.0,QTEN26,YAPPFR,,,,0.0,52.66989607390301,0.0,1.43,0.0
ARY_BESS_ESR1,0.0,-74.32572140833332,0.0,0.0,0.0,0.0,0.0,0.0,-74.32572140833332,ARY_BESS_RN,0.0,QTEN32,YBTCS,,,,0.0,32.99364318706698,0.0,1.43,0.0
AVIL_ESS_ESR1,9610.827999999998,1607.6120833333334,0.0,1147.175,175.071,57.998999999999995,111.728,227.872,12938.285083333329,AVIL_ESS_RN,160.0,QSU100,ENGIE,160.0,320.0,Avila BESS,160.0,75.22,12035.2,2.0,107.5036981797837
AZURE_ESR1,1004.2719999999999,3607.1965114333334,0.0,0.0,0.0,39.980000000000004,70.0,192.547,4913.9955114333325,AZURE_RN,77.6,QENEL6,Enel North America,77.2,116.0,Azure Sky Solar,77.2,52.70562176165803,4068.8740000000003,1.5,120.77040260851852
BATCAVE_ESR1,307.9340000000002,2818.197681841666,0.0,78.679,0.0,121.57400000000001,158.80100000000002,0.0,3485.1856818416663,BATCAVE_RN,100.5,QSUE74,ENGIE,100.5,110.0,Bat Cave,100.5,265.1451865671642,26647.091250000005,1.09,13.079047349461327
BAY_CITY_ESR1,0.0,108.90495600833334,0.0,6.215,0.0,0.0,11.440000000000001,45.425,171.98495600833334,BAYC_BESS_RN,9.9,QTEN24,SMT Energy,9.9,9.9,Bay City,9.9,24.580000000000002,243.342,1.0,70.67623180886709
BCK_ESR1,0.0,2494.3200920750005,0.0,0.0,0.0,0.0,0.0,0.0,2494.3200920750005,BCK_RN,123.5,QHEI5,YOL300,,,,123.5,72.02162323076924,8894.670469,2.35,28.04286118039209
BCK_ESR2,0.0,2509.8679409416663,0.0,0.0,0.0,0.0,0.0,0.0,2509.8679409416663,BCK_RN,126.5,QHEI5,YOL300,,,,126.5,71.37231195256918,9028.597462000002,2.33,27.799090074680148
BCNV2_ES_ESR1,0.0,-198.8310411,0.0,0.0,0.0,0.0,0.0,0.0,-198.8310411,BCNV2_ES_RN,0.0,QSU115,YBOCP2,,,,0.0,27.23162817551964,0.0,1.43,0.0
BCNV_ESS_ESR1,5821.162333333334,3472.1232430583336,0.0,0.0,0.0,31.331000000000003,0.0,3826.7309999999998,13151.347576391667,BCNV_RN,150.0,QSHE11,Nightpeak Energy,150.0,300.0,Bocanova BESS,150.0,35.51500000000001,5327.250000000001,2.0,246.86935241243916
BELD_ESR1,0.0,151.8905320833333,0.0,0.0,0.0,4.642,0.0,9.33,165.86253208333332,TRIPBUT1_RN,7.5,QJPEM,Jupiter Power,7.5,15.0,Triple Butte (DGR),7.5,74.9225,561.91875,2.0,29.517173449601618
BEXAR_ES_ESR1,2993.852,-2076.5355415583335,0.0,0.0,0.0,0.0,0.0,298.147,1215.4634584416663,BEXAR_ES_RN,91.0,QTEN32,YBEXES,,,,91.0,6.266735335164834,570.2729155,0.22,213.13715335331688
BIG_STAR_ESR1,0.0,1877.7318660083333,0.0,0.0,0.0,0.0,0.0,0.0,1877.7318660083333,BIGSTAR_ALL,80.0,QECNR,YEONCR,,,,80.0,31.4976286125,2519.810289,1.21,74.51877921942771
BIRD_BES_ESR1,0.0,0.0,0.0,0.0,0.0,0.0,0.0,0.0,0.0,,,,,,,,,0.0,0.0,1.43,0.0
BKSL_ESS_ESR1,0.0,5713.211863833333,0.0,0.0,0.0,0.0,0.0,1227.645,6940.856863833333,BKSL_RN,100.0,QESVEM,esVolta,103.0,200.0,Burksol BESS,103.0,68.59533980582526,7065.3200000000015,1.94,98.23839350281844
BLACKSPR_ESR1,15323.379999999997,-8084.737557191666,0.0,0.0,324.255,0.0,0.0,594.473,8157.370442808331,BLACKSPR_RN,120.0,QBROO2,YBLKSP,,,,120.0,158.94356295,19073.227554,1.56,42.768694599344734
BLSUMMIT_ESR1,0.0,149.94211689166664,0.0,0.0,0.0,0.0,0.0,0.0,149.94211689166664,BLSMT1_5_A_6,30.0,QFPL12,NextEra Energy Resources,15.0,6.3,Blue Summit,15.0,14.9352,224.028,0.42,66.93007878107497
BLSUMMIT_ESR2,0.0,11706.197949866666,0.0,0.0,0.0,0.0,0.0,0.0,11706.197949866666,BLSMT1_5_A_6,150.0,QFPL48,NextEra Energy Resources,15.0,6.3,Blue Summit,15.0,14.9352,224.028,0.42,5225.328061611346
BLUEJAY_ESR1,720.0049999999999,279.0390910666666,0.0,0.0,0.0,20.25,40.0,69.195,1128.4890910666663,BLUEJAY_RN,50.0,QENEL7,Enel North America,51.4,84.8,Blue Jay,51.4,39.84719844357977,2048.146,1.65,55.09807850937708
BLVN_SLR_ESR1,-2655.902666666667,4988.893867316667,0.0,0.0,0.0,29.221,0.0,3948.9809999999998,6311.193200649999,BLVN_RN,180.0,QSHEL8,National Grid Renewables,188.0,360.0,Blevins Storage,188.0,60.20744680851065,11319.000000000004,1.91,55.75751568733984
BOCO_ESS_ESR1,2038.5,7551.622985116666,0.0,0.0,0.0,0.0,227.31,730.6,10548.032985116666,BOCO_ESS_RN,150.0,QTEN28,Aypa Power,154.0,300.0,BoCo BESS,154.0,68.02704545454544,10476.164999999999,1.95,100.68601425346648
BRAZORIA_ESR1,33.18899999999999,36.05447073333334,0.0,50.503,17.817999999999998,5.813,7.146,0.0,150.5234707333333,BRP_BRAZ_RN,9.9,QSUE74,ENGIE,10.0,10.0,Brazoria (DGR),10.0,21.922499999999996,219.22499999999997,1.0,68.661635640704
BR_ARROW_ESR1,0.0,-1201.5197354583333,0.0,0.0,0.0,28.067,75.12,0.0,-1098.3327354583334,BR_ARROW_ALL,48.3,QECNR,RWE,51.05,98.4,Bright Arrow Storage U1,51.05,52.2314250734574,2666.4142500000003,1.93,-41.19137660092888
BR_ARROW_ESR2,0.0,1385.176125725,0.0,0.0,0.0,0.0,0.0,0.0,1385.176125725,BR_ARROW_ALL,51.7,QECNR,RWE,51.05,98.4,Bright Arrow Storage U1,51.05,52.2314250734574,2666.4142500000003,1.93,51.949022014302535
BUDA_ESR1,0.0,-33.422659425,0.0,0.0,0.0,0.0,0.0,0.0,-33.422659425,BUDA_RN,0.0,QTEN26,YBUDAI,,,,0.0,24.646176969696967,0.0,0.74,0.0
BYP_ESR1,0.0,0.0,0.0,0.0,0.0,0.0,0.0,0.0,0.0,BYP_RN,200.0,QEXELO,YEXELO,,,,200.0,29.020236720554273,5804.047344110854,1.43,0.0
BYRDR_ES_ESR1,395.95199999999994,-104.35497499999991,0.0,0.0,0.0,92.757,184.47,0.0,568.824025,BYRDR_ES_ALL,50.0,QHABIT,GlidePath,50.0,50.0,Byrd Ranch,50.0,21.900000000000002,1095.0,1.0,51.94739954337899
BY_ESR1,0.0,-4.226902908333333,0.0,0.0,0.0,0.0,0.0,0.0,-4.226902908333333,RN_BY_ESR1,0.0,QPROLO,YESTHB,,,,0.0,31.313498845265592,0.0,1.43,0.0
CACH_ESS_ESR1,4186.814,3189.71532685,0.0,276.759,113.89200000000001,184.471,119.67,584.535,8655.85632685,CACH_ESS_RN,200.0,QSU100,ENGIE,200.0,400.0,Cachi BESS,200.0,51.5275,10305.5,2.0,83.9925896545534
CAMWIND_ESR1,693.159,-351.0668113333333,0.0,0.0,188.928,9.3,38.14,181.691,760.1511886666666,CAMWIND_RN,16.4,QTEN26,Ingka Investments,16.4,32.8,Cameron Storage,16.4,41.50249999999999,680.6409999999997,2.0,111.68166311854075
CARA_ESS_ESR1,0.0,0.0,0.0,0.0,0.0,0.0,0.0,0.0,0.0,CARA_ESS_RN,98.3,QHEI8,YHEI8,,,,98.3,20.383826932858597,2003.7301875,0.76,0.0
CARN_ESS_ESR1,8624.827,-4835.460186258332,0.0,461.214,136.85,52.644000000000005,191.404,0.0,4631.478813741667,CARN_ESS_RN,150.0,QSU100,ENGIE,150.0,300.0,Carina BESS,150.0,37.69500000000001,5654.250000000001,2.0,81.91146153321247
CARRIZO_ESR1,347.932,-194.64050032499998,0.0,14.716000000000001,67.883,0.0,0.0,76.049,311.9394996750001,CARRIZO_ESR1,9.8,QTEN30,YREGCS,,,,9.8,28.628753849999995,280.56178773,0.78,111.18388651529287
CARTWHL_ESR1,0.0,-6019.24477235,0.0,0.0,0.0,0.0,0.0,0.0,-6019.24477235,CARTWHL_RN,150.0,QECNR,YEONCR,,,,150.0,51.166368676666664,7674.955301499999,1.99,-78.42709873728639
CASL_GAP_ESR1,0.0,113.84649833333333,0.0,0.0,0.0,0.0,0.0,0.0,113.84649833333333,CASL_GAP_UN1,3.9,QLUMN1,Luminant,9.9,42.0,Castle Gap Battery,9.9,140.169696969697,1387.6800000000003,4.24,8.20408871882086
CAST_ESS_ESR1,0.0,-876.9682861333334,0.0,0.0,0.0,0.0,0.0,0.0,-876.9682861333334,CAST_ESS_RN,200.0,QSUE79,YSUEZ,,,,200.0,14.970201193750006,2994.040238750001,0.68,-29.29046426241298
CATARINA_ESR1,0.0,27.545724999999997,0.0,0.0,0.0,0.0,2.455,8.365,38.365725,CATARINA_B1,9.9,QBEEP1,Hunt Energy Network,9.9,9.9,Catarina (DGR),9.9,41.8475,414.29024999999996,1.0,9.260590853875996
CEDRVALE_ESR1,0.0,-44.41413333333333,0.0,0.0,0.0,0.0,2.455,8.07,-33.889133333333334,CEDRVALE_RN,9.9,QBEEP1,Hunt Energy Network,9.9,9.9,Cedarvale (DGR),9.9,38.4675,380.82825,1.0,-8.898797117423229
CFLAT_ES_ESR1,0.0,5453.986369225,0.0,0.0,0.0,0.0,0.0,0.0,5453.986369225,CFLAT_ES_RN,100.0,QTEN26,YCITFE,,,,100.0,32.40153375,3240.153375,1.39,168.32494447041415
CHERRYCR_ESR1,0.0,-38.18100833333333,0.0,0.0,0.0,0.0,2.455,8.365,-27.36100833333333,TOYAH_RN,9.9,QBEEP1,Hunt Energy Network,10.4,9.9,Toyah Power Station (DGR),10.4,43.82653846153846,455.796,0.95,-6.002906636594734
CHIL_SLR_ESR1,2449.5349999999994,843.1831700000006,0.0,178.25900000000001,34.254999999999995,261.132,108.66499999999999,125.532,4000.5611700000004,CHIL_SLR,150.0,QSUE88,YSUEZ,,,,150.0,54.128480720000006,8119.272108000001,1.83,49.27241157564121
CISC_ESR1,0.0,-166.291925,0.0,0.0,0.0,0.0,2.455,8.365,-155.47192499999997,CISC_RN,9.9,QBEEP1,Hunt Energy Network,9.9,10.8,Cisco BESS,9.9,39.99204545454546,395.9212500000001,1.09,-39.268396177270084
CITRUSCY_ESR1,263.28000000000003,1.4681491666666233,0.0,0.0,0.0,6.930000000000001,18.88,66.52,357.07814916666666,CITRUSCY_RN,6.0,QPROLO,Prologis,9.9,22.4,Citrus City BESS,9.9,44.965303030303026,445.1565,2.26,80.21407059464855
CLO_ESR1,0.0,4618.9718046,0.0,0.0,0.0,0.0,34.5,1308.5,5961.9718046,CLO_RN,100.0,QMEA1,Jupiter Power,67.66666666666667,141.66666666666666,Callisto 1 Energy Center Unit 1,67.66666666666667,36.554199507389164,2473.5008333333335,2.09,241.03374958501797
CLO_ESR2,0.0,4693.62994965,0.0,0.0,0.0,0.0,34.5,1308.5,6036.62994965,CLO_RN,100.0,QMEA1,Jupiter Power,67.66666666666667,141.66666666666666,Callisto 1 Energy Center Unit 1,67.66666666666667,36.554199507389164,2473.5008333333335,2.09,244.05206856206837
CLO_ESR3,0.0,0.0,0.0,0.0,0.0,0.0,0.0,0.0,0.0,CLO_RN,100.0,QNRGTX,Jupiter Power,67.66666666666667,141.66666666666666,Callisto 1 Energy Center Unit 1,67.66666666666667,36.554199507389164,2473.5008333333335,2.09,0.0
CLT_ESR1,0.0,0.0,0.0,0.0,0.0,0.0,0.0,0.0,0.0,CLT_RN,100.0,QNRGTX,YNRGTX,,,,100.0,35.35374133949192,3535.3741339491917,1.43,0.0
CLT_ESR2,0.0,0.0,0.0,0.0,0.0,0.0,0.0,0.0,0.0,CLT_RN,100.0,QNRGTX,YNRGTX,,,,100.0,35.35374133949192,3535.3741339491917,1.43,0.0
CNLY_ESS_ESR1,-6849.576,6601.4726231333325,0.0,150.91500000000002,1718.558,0.30000000000000004,40.57,5402.289000000001,7064.528623133333,CNLY_ESS_RN,125.0,QSUE76,YBTCOS,,,,125.0,27.488382414,3436.04780175,1.26,205.60041741955177
CNTRY_ESR1,0.0,55.51374769166665,0.0,0.0,0.0,43.871,0.0,37.839,137.22374769166666,CNTRY_RN,9.8,QPROLO,Prologis,9.9,19.0,Century BESS,9.9,47.856818181818184,473.7825,1.92,28.963447930572922
CNTYRDS_ESR1,0.0,-4.637101266666666,0.0,0.0,0.0,0.0,0.0,0.0,-4.637101266666666,CNTYRDS_RN,0.0,QTEN26,YCORDI,,,,0.0,40.568968308080805,0.0,1.06,0.0
CONTINEN_ESR1,0.0,0.0,0.0,0.0,0.0,0.0,0.0,0.0,0.0,CONTINEN_RN,0.0,QTEN30,REX Storage Holdings,9.9,9.9,Continental BESS (DGR),9.9,26.737499999999994,264.70124999999996,1.0,0.0
CORALSLR_ESR1,938.4,165.18153533333322,0.0,0.0,0.0,0.0,0.0,96.08599999999998,1199.6675353333333,CORALSLR_ALL,47.6,QNGRE1,National Grid Renewables,50.3,60.4,Coral Storage U1,50.3,36.72203777335984,1847.1184999999996,1.2,64.94805478551233
CORALSLR_ESR2,938.4,151.18087544999995,0.0,0.0,0.0,0.0,0.0,104.16799999999999,1193.7488754499998,CORALSLR_ALL,51.4,QNGRE1,National Grid Renewables,50.3,60.4,Coral Storage U1,50.3,36.72203777335984,1847.1184999999996,1.2,64.62762813809726
CORAZON_ESR1,4848.8189999999995,-1890.052148033333,0.0,0.0,0.0,383.081,684.713,0.0,4026.5608519666666,CORAZON_RN,200.0,QHEI4,YGUAJI,,,,200.0,28.861304120000007,5772.260824000002,1.11,69.75708435116039
COTULLA_ESR1,0.0,0.0,0.0,0.0,0.0,0.0,0.0,0.0,0.0,,,,,,,,,0.0,0.0,1.43,0.0
COYOTSPR_ESR1,0.0,-43.30870833333333,0.0,0.0,0.0,0.0,2.455,6.966,-33.88770833333333,COYOTSPR_RN,9.9,QBEEP1,YBEEPR,,,,9.9,36.81940909090909,364.51215,0.96,-9.296729432292814
CROSSETT_ESR1,0.0,851.4446290583334,0.0,0.0,3.1,39.19,68.65,53.9,1016.2846290583334,CROSSETT_ALL,100.0,QJPEM1,Jupiter Power,101.5,100.0,Crossett Power 1,101.5,39.27339901477833,3986.2500000000005,0.99,25.494753943137873
CROSSETT_ESR2,0.0,844.1225657916666,0.0,0.0,3.1,39.19,68.65,53.9,1008.9625657916665,CROSSETT_ALL,100.0,QJPEM1,Jupiter Power,101.5,100.0,Crossett Power 1,101.5,39.27339901477833,3986.2500000000005,0.99,25.311070951186366
CROSSTRL_ESR1,10309.391166666666,-8579.728661475,0.0,0.0,0.0,0.0,0.0,428.828,2158.490505191667,CROSSTRL_RN,57.0,QGRIE4,Energy Vault,58.0,114.0,Cross Trails Storage,58.0,58.96991379310345,3420.255,1.97,63.10905196225624
CR_ESR1,0.0,56.13802083333332,0.0,0.0,0.0,19.268,0.0,32.15,107.55602083333332,CR_RN,9.8,QPROLO,Prologis,9.9,20.0,Crockett BESS 1,9.9,38.565429292929295,381.79775,2.02,28.170941508516833
CS_ESR1,156.45,56.854958591666644,0.0,0.0,0.0,0.0,6.2,116.776,336.2809585916666,CS_RN,7.0,QTEN26,On.Energy,9.9,20.0,Crosby BESS,9.9,40.833510101010106,404.2517500000001,2.02,83.1860242019154
CTW_ESR1,0.0,3898.896374425,0.0,0.0,0.0,0.0,0.0,0.0,3898.896374425,CTW_RN,150.0,QTOTL5,YTOTAL,,,,150.0,23.905366833333336,3585.805025,1.2,108.73141030374343
DAN_ESR1,0.0,1857.7652157166667,0.0,0.0,0.0,0.0,0.0,0.0,1857.7652157166667,DAN_ALL,76.3,QTOTL4,TotalEnergies,76.44999999999999,112.5,Danish Fields Storage U1,76.44999999999999,30.90341563113146,2362.566125,1.47,78.63336378433289
DAN_ESR2,0.0,1542.9030494916667,0.0,0.0,0.0,0.0,0.0,0.0,1542.9030494916667,DAN_ALL,73.7,QTOTL4,TotalEnergies,76.44999999999999,112.5,Danish Fields Storage U1,76.44999999999999,30.90341563113146,2362.566125,1.47,65.30623770336447
DA_ESR1,0.0,123.160735,0.0,85.682,22.5,0.0,19.14,0.0,250.482735,DA_BESS,5.0,QSHE16,YBACCH,,,,5.0,36.96712499999999,184.83562499999994,2.0,135.51648119782107
DA_ESR2,0.0,0.0,0.0,0.0,0.0,0.0,0.0,0.0,0.0,,,,,,,,,0.0,0.0,1.43,0.0
DA_ESR3,0.0,-7.047186666666666,0.0,0.0,0.0,0.0,0.0,0.0,-7.047186666666666,DA_BESS2,9.9,QSHE16,Vopak Energy Storage Texas,5.0,9.7,Damon Storage,5.0,36.13799999999999,180.68999999999994,1.94,-3.9001531167561394
DCSES_ESR1,0.0,-139.1195499999997,0.0,0.0,0.0,188.355,118.8,0.0,168.0354500000003,DC2SES_ALL,66.5,QLUMN,Vistra corp,65.75,65.75,Decordova 1,65.75,21.255000000000003,1397.5162500000001,1.0,12.023863765448187
DCSES_ESR2,0.0,116.44634166666671,0.0,0.0,0.0,256.4,0.0,0.0,372.8463416666667,DC2SES_ALL,66.5,QLUMN,Vistra corp,65.75,65.75,Decordova 1,65.75,21.255000000000003,1397.5162500000001,1.0,26.679213330554596
DCSES_ESR3,0.0,112.7521083333333,0.0,0.0,0.0,203.17,0.0,0.0,315.9221083333333,DC2SES_ALL,63.5,QLUMN,Vistra corp,65.75,65.75,Decordova 1,65.75,21.255000000000003,1397.5162500000001,1.0,22.605970294322752
DCSES_ESR4,0.0,419.63701666666674,0.0,0.0,0.0,26.599999999999998,0.0,0.0,446.23701666666676,DC2SES_ALL,63.5,QLUMN,Vistra corp,65.75,65.75,Decordova 1,65.75,21.255000000000003,1397.5162500000001,1.0,31.930721139497788
DESN_ESS_ESR1,0.0,-1580.1928684666666,0.0,0.0,0.0,0.0,0.0,0.0,-1580.1928684666666,DESN_ESS_RN,200.0,QSUE79,YSUEZ,,,,200.0,20.276240639999997,4055.2481279999993,0.77,-38.96661359772328
DGFS_ESR_ESR1,0.0,109.57205338333333,0.0,0.0,0.0,0.0,0.0,662.7,772.2720533833334,DGFS_ESR_RN,75.0,QTEN26,Gore Street Energy Storage Fund,75.0,91.5,Dogfish BESS,75.0,47.4593,3559.4474999999998,1.22,21.69640241591802
DIBOL_ESR1,0.0,-6.5697833333333335,0.0,0.0,0.0,0.0,2.455,8.365,4.250216666666667,DIBOL_RN,9.9,QBEEP1,YHENI1,,,,9.9,35.91512702078522,355.5597575057737,1.43,1.1953593107616096
DICKNSON_ESR1,43.72199999999998,4.144998416666661,0.0,51.404,19.754,8.251000000000001,10.908000000000001,0.0,138.18399841666667,BRP_DIKN_RN,9.9,QSUE74,YSUEZ,,,,9.9,9.175408863636365,90.83654775000002,0.46,152.12378920099002
DKNS_ESS_ESR1,0.0,0.0,0.0,0.0,0.0,0.0,0.0,0.0,0.0,DKNS_ESS_RN,50.0,QSUE74,ENGIE,52.475,52.475,Dickens BESS U1,52.475,35.540000000000006,1864.9615000000003,1.0,0.0
DKNS_ESS_ESR2,0.0,0.0,0.0,0.0,0.0,0.0,0.0,0.0,0.0,DKNS_ESS_RN,50.0,QSUE74,ENGIE,52.475,52.475,Dickens BESS U1,52.475,35.540000000000006,1864.9615000000003,1.0,0.0
DKNS_ESS_ESR3,0.0,0.0,0.0,0.0,0.0,0.0,0.0,0.0,0.0,DKNS_ESS_RN,50.0,QSUE74,ENGIE,52.475,52.475,Dickens BESS U1,52.475,35.540000000000006,1864.9615000000003,1.0,0.0
DKNS_ESS_ESR4,0.0,0.0,0.0,0.0,0.0,0.0,0.0,0.0,0.0,DKNS_ESS_RN,50.0,QSUE74,ENGIE,52.475,52.475,Dickens BESS U1,52.475,35.540000000000006,1864.9615000000003,1.0,0.0
DPCRK_ESR1,0.0,304.86259499999994,0.0,0.0,0.0,0.0,0.0,0.0,304.86259499999994,SNY_BESS_RN,9.9,QTEN26,Gore Street Energy Storage Fund,10.0,20.0,Snyder (DGR),10.0,61.205000000000005,612.0500000000001,2.0,49.810080058818706
DRAK_ESS_ESR1,0.0,0.0,0.0,0.0,0.0,0.0,0.0,0.0,0.0,DRAK_ESS_RN,150.0,QNRGTX,YMALES,,,,150.0,36.05009815242494,5407.514722863741,1.43,0.0
DRAK_ESS_ESR2,0.0,0.0,0.0,0.0,0.0,0.0,0.0,0.0,0.0,DRAK_ESS_RN,100.0,QNRGTX,YMALES,,,,100.0,36.05009815242494,3605.0098152424935,1.43,0.0
DSWL_ESS_ESR1,2800.8979999999997,3888.917216975,0.0,0.0,0.0,100.25,220.0,575.75,7585.815216974999,DSWL_BES1,150.0,QPHIL3,esVolta,150.0,300.0,Desert Willow BESS,150.0,50.32,7548.0,2.0,100.50099651530206
EBNY_ESS_ESR1,0.0,4086.4726725999994,0.0,0.0,0.0,0.0,0.0,0.0,4086.4726725999994,EBNY_ESS_RN,195.0,QSUE52,Plus Power,203.5,400.0,Ebony Energy Storage,203.5,44.008544226044236,8955.738750000002,1.97,45.62965475740344
ELMCRK_ESR1,0.0,239.71711175000002,0.0,0.0,0.0,0.0,0.0,0.0,239.71711175000002,ELMCRK_RN,9.9,QMP2M1,YDGSP2,,,,9.9,62.59402020202018,619.6807999999999,2.03,38.68396628554573
ELM_ST_ESR1,0.0,-4.112978283333332,0.0,0.0,0.0,0.0,0.0,0.0,-4.112978283333332,ELM_ST_RN,9.9,QTEN26,YELMST,,,,9.9,55.0261548989899,544.7589335,1.47,-0.7550088728069169
ELM_ST_ESR2,0.0,47.50541203333333,0.0,0.0,0.0,0.0,0.0,0.0,47.50541203333333,ELM_ST_RN2,9.9,QSYSO,YNPCEC,,,,9.9,66.56766479797979,659.0198814999999,1.8,7.208494518436366
ELSA_ESR1,0.0,269.075543925,0.0,0.0,0.0,0.0,0.0,0.0,269.075543925,ELSA_ESR_RN,9.9,QTEN24,SMT Energy,10.0,10.0,Elsa (DGR),10.0,26.6925,266.925,1.0,100.8056734756954
ELZA_SLR_ESR1,-813.314,1597.9509080166667,0.0,0.0,0.0,0.0,0.0,0.0,784.6369080166668,ELZA_SLR_RN,100.0,QENE16,Enel North America,100.0,178.6,Eliza Storage,100.0,44.275940000000006,4427.594000000001,1.79,17.721518911098592
EMPCT_ESR1,0.0,-41.638008858333336,0.0,0.0,0.0,0.0,0.0,0.0,-41.638008858333336,EMPCT_RN,9.9,QTEN24,YSMTII,,,,9.9,6.868351010101008,67.99667499999998,0.26,-61.23536019714692
ENDPARKS_ESR1,3506.7705,7.589125000000081,0.0,98.984,351.952,0.0,0.0,616.064,4581.359625,ENDPARK_ESS1,50.0,QGRIE4,Key Capture Energy,50.0,99.0,Endurance Park,50.0,74.93615,3746.8075,1.98,122.27368566439563
ESCONDID_ESR1,0.0,0.0,0.0,0.0,0.0,0.0,0.0,0.0,0.0,ESCONDID_ESR,0.0,QTEN30,YREGES,,,,0.0,35.654803695150115,0.0,1.43,0.0
ESTONIAN_ESR1,1668.6639999999998,1445.1763082083332,0.0,0.0,0.0,96.78,0.0,150.26999999999998,3360.8903082083334,ESTONIAN_ALL,101.6,QENE14,Enel North America,101.6,177.2,Estonian Storage,101.6,46.15768700787401,4689.620999999999,1.74,71.66656555419583
EUNICE_ESR1,0.0,-106.75419768333333,0.0,0.0,0.0,0.0,0.0,0.0,-106.75419768333333,EUNICE_ALL,17.0,QTENSK,Orsted,40.3,40.0,Eunice,40.3,36.98759305210918,1490.6,0.99,-7.161827296614338
EVLN_ESS_ESR1,10089.700499999999,1000.7926259333345,0.0,0.0,0.0,0.0,0.0,0.0,11090.493125933333,EVLN_ESS_RN,220.0,QSHE15,Excelsior Energy Capital,167.5,333.0,Evelyn BESS,167.5,34.84071641791045,5835.820000000001,1.99,190.0417272282787
E_HARRIS_ESR1,352.5469999999999,-185.97628416666666,0.0,0.0,0.0,0.0,0.0,0.0,166.57071583333325,E_HARRIS_RN,9.9,QTEN26,YAGPC5,,,,9.9,26.074599191919187,258.13853199999994,0.98,64.52764511472982
FALFUR_ESR1,0.0,-23.802566666666667,0.0,0.0,0.0,0.0,2.455,8.365,-12.982566666666665,FALFUR_RN,9.9,QBEEP1,Hunt Energy Network,9.9,9.9,Falfurrias BESS,9.9,26.380000000000006,261.1620000000001,1.0,-4.9710779771431755
FALFUR_ESR2,-86.90199999999999,183.680648575,0.0,56.208,18.708,2.9700000000000006,20.653,96.75,292.067648575,FALFUR_RN2,9.8,QTEN30,Hunt Energy Network,9.9,11.4,Falfur BESS,9.9,28.548560606060615,282.6307500000001,1.15,103.33894969850235
FAULKNER_ESR1,0.0,-46.26829166666666,0.0,0.0,0.0,0.0,2.455,8.07,-35.743291666666664,FAULKNER_RN,9.9,QBEEP1,Enel North America,15.9,19.4,Faulkner (DGR),15.9,46.182704402515725,734.3050000000001,1.22,-4.8676356100893585
FENCESLR_ESR1,1078.078,887.9422845833333,0.0,0.0,0.0,29.700000000000003,60.0,208.553,2264.2732845833334,FENCESLR_ALL,71.0,QENE13,ENGIE,86.6,123.6,Fence Post BESS,86.6,35.821495381062356,3102.1414999999997,1.43,72.99065128342255
FERD_ESS_ESR1,0.0,7313.877354058333,0.0,0.0,0.0,0.0,0.0,0.0,7313.877354058333,FERD_ESS_RN,200.0,QCPSE,YCPS,,,,200.0,49.232780000000005,9846.556,2.42,74.27853306332014
FIVEWSLR_ESR1,1846.051,978.4880422833332,0.0,280.662,6.008000000000001,165.43,347.89399999999995,156.84599999999998,3781.3790422833326,FIVEWSLR_ALL,220.0,QSUE61,Key Capture Energy,199.7,200.4,Five Wells BESS,199.7,34.10788808212319,6811.34525,1.0,55.515891552895994
FLAT_TOP_ESR1,0.0,-56.221493775,0.0,0.0,0.0,0.0,0.0,0.0,-56.221493775,FLTBES1,8.5,QSHEL2,YKEYCA,,,,8.5,59.75783333333332,507.94158333333326,1.6,-11.068495988465866
FLAT_TOP_ESR2,0.0,255.13688585,0.0,0.0,0.6,0.0,9.67,13.2,278.60688584999997,FLVABES1_ESR,9.9,QJPEM,YFLOWE,,,,9.9,58.5125,579.2737500000001,1.56,48.09589349595073
FLOWERII_ESR1,0.0,2650.9638623083333,0.0,0.0,6.2,11.0,94.95,132.0,2895.113862308333,FLOWERII_RN,100.0,QJPEM,Jupiter Power,119.9,237.8,Flower Valley 1 (DGR),119.9,73.32534403669725,8791.70875,1.98,32.93004744166864
FORTMA_ESR1,236.958,852.3547473916666,0.0,26.71,55.374,10.8,0.0,62.227000000000004,1244.4237473916667,FORTMA_RN,8.0,QTEN30,YMASON,,,,8.0,307.2264448684211,2457.8115589473687,1.33,50.63137338017193
FRMRSVLW_ESR1,0.0,-10.772641666666665,0.0,0.0,0.0,0.0,2.455,8.365,0.04735833333333517,FRMRSVLW_RN,9.9,QBEEP1,Adapture Renewables,9.9,10.9,Farmersville BESS (DGR),9.9,28.861641414141417,285.73025,1.1,0.016574490567006876
FRMRSVLW_ESR2,232.22899999999998,-66.950484175,0.0,15.018,0.0,0.0,0.0,51.518,231.814515825,FRMR_BS2_RN1,6.0,QTEN26,Hunt Energy Network,9.9,15.0,Farmersville West BESS 2 (DGR),9.9,39.067121212121215,386.76450000000006,1.52,59.93686489452883
FTDUNCAN_ESR1,0.0,-1468.4068430916666,0.0,0.0,0.0,0.0,0.0,174.0,-1294.4068430916666,FTDUNCAN_RN,100.0,QTEN26,Excelsior Energy Capital,87.1,172.9,Fort Duncan BESS,87.1,48.967873134328364,4265.10175,1.99,-30.34879163414253
GAIA_SLR_ESR1,0.0,-122.33891728333333,0.0,0.0,0.0,0.0,0.0,0.0,-122.33891728333333,GAIA_SLR_RN,76.3,QTEN26,YGAIA,,,,76.3,35.87426674364896,2737.2065525404155,1.43,-4.469480652448021
GAMBIT_ESR1,0.0,1465.0954386583328,0.0,0.0,0.0,0.0,0.0,0.0,1465.0954386583328,GAMBIT_RN,100.0,QSUE23,On.Energy,109.9,184.9,Angleton BESS,109.9,32.06841901728845,3524.3192500000005,1.68,41.57101938646258
GARCENO_ESR1,0.0,275.6080352416667,0.0,0.0,0.0,0.0,0.0,0.0,275.6080352416667,GARC_BESS_RN,9.9,QTEN24,SMT Energy,19.9,19.9,Garceno Bess (DGR),19.9,30.92,615.308,1.0,44.7918823161192
GEORSO_ESR1,229.35,146.26716601666666,0.0,0.0,0.0,0.0,17.795,0.0,393.4121660166667,RHESS2_ESS1,8.0,QEDIS9,Ormat,9.9,9.9,Rabbit Hill,9.9,106.3175,1052.54325,1.0,37.37729219361453
GIGA_ESS_ESR1,-3141.224,4192.4933512,0.0,0.0,0.0,65.897,695.719,1295.4160000000002,3108.3013511999998,GIGA_ESS_RN,125.0,QSUE55,Tesla,128.0,249.0,Giga Texas Energy Storage,128.0,62.881796875,8048.87,1.95,38.617860037495944
GKS_BESS_ESR1,0.0,1781.7023080416657,0.0,0.0,0.0,197.374,92.44,2163.116,4234.632308041666,GKS_BESS_RN,93.0,QTEN26,SA Grid Solutions,103.0,200.0,Great Kiskadee Storage,103.0,40.773665048543684,4199.687499999999,1.94,100.83208114988716
GODY_SLR_ESR1,0.0,1952.361812441667,0.0,0.0,0.0,0.0,0.0,0.0,1952.361812441667,GODY_SLR_RN,50.0,QTEN26,YMRGS,,,,50.0,64.66790896969697,3233.395448484848,2.71,60.38116412134289
GOMZ_ESR1,0.0,-42.159016666666666,0.0,0.0,0.0,0.0,2.455,8.365,-31.339016666666666,GOMZ_RN,9.9,QBEEP1,Hunt Energy Network,9.9,9.9,Gomez (DGR),9.9,38.9775,385.87725,1.0,-8.121498913622574
GOODWIN_ESR1,122.10000000000002,47.56964778333334,0.0,36.032000000000004,25.794,0.0,0.0,98.68900000000001,330.1846477833334,GOODWIN_ESR,7.0,QTEN30,YREGGO,,,,7.0,11.351197049999998,79.45837934999999,0.42,415.54415089304666
GRDNE_ESR1,0.0,-52.91885,0.0,0.0,0.0,0.0,2.455,8.365,-42.09885,GRDNE_ESR_RN,9.9,QBEEP1,YHENI1,,,,9.9,34.04552929292929,337.05073999999996,0.94,-12.49035976007648
GREGORY_ESR1,0.0,0.0,0.0,0.0,0.0,0.0,0.0,0.0,0.0,GREGORY_RN,0.0,QTEN30,REX Storage Holdings,9.9,9.9,Gregory BESS,9.9,28.51,282.249,1.0,0.0
GRIZZLY_ESR1,0.0,0.0,0.0,0.0,0.0,0.0,0.0,0.0,0.0,POTSVIL_RN,9.9,QPRIO1,YGRIZZ,,,,9.9,126.65693418013859,1253.903648383372,1.43,0.0
GZ_ESR1,315.27,-72.94999886666663,0.0,25.187,71.856,12.15,0.0,79.187,430.70000113333333,GZ_RN,9.0,QTEN30,YREGGE,,,,9.0,28.327119399999994,254.94407459999994,1.14,168.93901213789317
GZ_ESR2,0.0,-5.075137625,0.0,0.0,0.0,0.0,0.0,0.0,-5.075137625,GZ_RN,9.9,QPROLO,YESTH7,,,,9.9,33.943088914549655,336.0365802540416,1.43,-1.5102932011637622
HAMILTON_ESR1,0.0,-85.635775,0.0,0.0,0.0,0.0,2.455,8.365,-74.815775,HAMI_BESS_RN,9.9,QBEEP1,Hunt Energy Network,9.9,9.9,Hamilton Bess (DGR) U1,9.9,44.722500000000004,442.75275000000005,1.0,-16.89786794096705
HARLIN_1_ESR1,0.0,0.0,0.0,0.0,0.0,0.0,0.0,0.0,0.0,HARLIN_1_RN,0.0,QTEN26,SMT Energy,10.0,10.0,Harlingen II,10.0,28.070000000000004,280.70000000000005,1.0,0.0
HEADCAMP_ESR1,-270.0,-738.212043525,0.0,0.0,0.0,0.0,0.0,0.0,-1008.212043525,HEADCAMP_RN,150.0,QTEN34,YMOMEH,,,,150.0,65.75109495000001,9862.664242500001,1.73,-10.22251207924561
HEARN_RD_ESR1,161.28300000000002,15.38058707499997,0.0,0.0,0.0,0.0,0.0,0.0,176.66358707499998,HEARN_RD_RN,9.8,QTEN30,Excelsior Energy Capital,9.9,9.9,Hearn Road BESS,9.9,25.522499999999997,252.67274999999998,1.0,69.91794211089245
HEIGHTTN_ESR1,46.074,12.107274725000003,0.0,49.453,18.685,5.875,11.561,0.0,143.75527472500002,BRHEIGHT_RN,9.9,QSUE74,ENGIE,9.9,9.9,Heights (DGR),9.9,20.0625,198.61875,1.0,72.37749443343088
HEN_ESR1,0.0,-1137.5649571833333,0.0,0.0,0.0,0.0,0.0,0.0,-1137.5649571833333,HEN_RN,150.0,QECNR,YCROWN,,,,150.0,10.166866875,1525.03003125,0.46,-74.59295449093034
HEN_ESR2,0.0,-182.62347016666666,0.0,0.0,0.0,0.0,0.0,0.0,-182.62347016666666,HEN_RN,150.0,QECNR,YEONCR,,,,150.0,70.5122626595238,10576.83939892857,7.22,-1.726635559817296
HI_LONEB_ESR1,256.869,-186.98896077500004,0.0,0.0,0.0,20.25,48.488,0.0,138.618039225,HI_LONEB_RN1,50.0,QENEL1,YENELT,,,,50.0,64.65886130000001,3232.9430650000004,1.66,4.287673381127111
HLY_ESR1,1136.665,-870.7968841666668,0.0,0.0,0.0,182.584,287.037,486.55600000000004,1222.045115833333,HLY_RN,102.0,QHEI1,UBS Asset Management,104.7,102.2,Holy ESS U1,104.7,22.904708691499522,2398.123,0.98,50.95840020855198
HLY_ESR2,1288.302,-932.7020108333332,0.0,0.0,0.0,182.06,286.602,483.93899999999996,1308.2009891666667,HLY_RN,101.8,QHEI1,UBS Asset Management,104.7,102.2,Holy ESS U1,104.7,22.904708691499522,2398.123,0.98,54.55103800625183
HMNG_ESS_ESR1,0.0,-282.74348004166666,0.0,0.0,0.0,0.0,34.5,1308.5,1060.2565199583332,HMNG_ESS_RN,100.0,QMEA8,Key Capture Energy,103.8,227.0,Hummingbird Storage,103.8,58.199816955684,6041.140999999999,2.19,17.550600457071493
HNY_COMB_ESR1,0.0,0.0,0.0,0.0,0.0,0.0,0.0,0.0,0.0,HNY_COMB_RN,61.5,QHEI6,YHONHO,,,,61.5,33.32289260969978,2049.3578954965365,1.43,0.0
HOLCOMB_ESR1,0.0,-11.8573,0.0,0.0,0.0,0.0,2.455,8.365,-1.0373,HOLCOMB_RN1,9.9,QBEEP1,Hunt Energy Network,9.9,9.9,Holcomb (DGR),9.9,32.5525,322.26975000000004,1.0,-0.32187321335620234
HOUSEMTN_ESR1,0.0,1188.3366998083332,0.0,0.0,3.7,0.0,68.44,61.6,1322.0766998083332,HOUSEMTN_RN,60.0,QJPEM,Jupiter Power,60.0,134.6,House Mountain BESS,60.0,81.24066666666666,4874.44,2.24,27.12263767342163
HRMS_SLR_ESR1,0.0,-35.247462325,0.0,0.0,0.0,0.0,0.0,0.0,-35.247462325,HRMS_SLR_RN,100.0,QTOT16,YBELST,,,,100.0,42.46361431870669,4246.361431870669,1.43,-0.830062699337213
HV_ESR1,274.586,-216.7473825,0.0,27.262,86.04,12.15,0.0,32.900000000000006,216.19061750000003,HV_BESS1_RN,9.0,QTEN30,YREGHI,,,,9.0,33.9370207852194,305.4331870669746,1.43,70.78163953827136
HWY6_ESR1,0.0,-22.124808933333334,0.0,0.0,0.0,0.0,0.0,0.0,-22.124808933333334,HWY6_RN,9.9,QTEN26,YHWY6,,,,9.9,36.67328030303031,363.0654750000001,1.53,-6.093889520432459
HYDR_ESS_ESR1,5102.376,-205.71585081666663,0.0,1116.78,626.883,124.867,102.022,120.0,6987.212149183333,HYDR_ESS_RN,200.0,QSUE74,ENGIE,200.8,200.8,Hydra BESS,200.8,40.277499999999996,8087.722,1.0,86.39283285433567
INDL_ESR1,0.0,105.21042414166666,0.0,0.0,0.0,0.0,0.0,0.0,105.21042414166666,IND_INADALE1,9.9,QECNR,RWE,9.9,9.9,Inadale,9.9,33.4975,331.62525000000005,1.0,31.72569764867622
INRT_W_ESR1,0.0,1066.0614083333332,0.0,0.0,0.0,0.0,0.0,0.0,1066.0614083333332,INRT_W_ALL,13.0,QFPL32,NextEra Energy Resources,13.0,49.4,Inertia BESS,13.0,114.946,1494.298,3.8,71.34195510757112
JADE_SLR_ESR1,2247.5249999999996,3940.0465055416666,0.0,0.0,0.0,0.0,0.0,0.0,6187.571505541666,JADE_SLR_ALL,78.1,QIPLUM,Intersect Power,80.4,160.0,Jade Storage SLF 1,80.4,66.68526119402986,5361.495000000002,1.99,115.40757765402493
JADE_SLR_ESR2,2247.5249999999996,4424.987355316666,0.0,0.0,0.0,0.0,0.0,0.0,6672.512355316666,JADE_SLR_ALL,81.9,QIPLUM,Intersect Power,80.4,160.0,Jade Storage SLF 1,80.4,66.68526119402986,5361.495000000002,1.99,124.45245878839137
JAG_SLR_ESR1,8584.839,-2479.1464741249997,0.0,0.0,921.965,0.0,52.6,3310.225,10390.482525875,JAG_SLR_RN,150.0,QLCRA,SER Capital Partners,78.55,170.0,Jaguar BESS 1,78.55,57.18624443029916,4491.9794999999995,2.16,231.31188657194457
JAG_SLR_ESR2,-10875.599999999999,7513.153735925,0.0,0.0,0.0,0.0,0.0,0.0,-3362.446264074999,JAG_SLR_RN,150.0,QMITS2,SER Capital Partners,78.55,170.0,Jaguar BESS 1,78.55,57.18624443029916,4491.9794999999995,2.16,-74.85444366064003
JAR_ESR1,2098.02,-131.19100666666694,0.0,0.0,0.0,263.129,413.793,699.903,3343.6539933333333,JAR_RN,147.0,QHEI1,SMT Energy,154.2,220.5,Jarvis BESS U1,154.2,28.082942607003886,4330.389749999999,1.43,77.21369637301893
JAR_ESR2,2250.49,-110.02507656666671,0.0,0.0,0.0,279.184,438.865,742.39,3600.9039234333327,JAR_RN,156.0,QHEI1,SMT Energy,154.2,220.5,Jarvis BESS U1,154.2,28.082942607003886,4330.389749999999,1.43,83.15426858363807
JDKNS_ESR1,0.0,-30.05914166666666,0.0,0.0,0.0,0.0,2.455,8.365,-19.23914166666666,JDKNS_RN,9.9,QBEEP1,Hunt Energy Network,9.9,9.9,Judkins BESS (DGR),9.9,38.0075,376.27425,1.0,-5.1130635877067485
JOHNCI_ESR1,0.0,-7.716633333333333,0.0,0.0,0.0,0.0,0.0,0.0,-7.716633333333333,JC_BAT_RN,1.2,QLCRA,Pedernales Electric Cooperative,2.3,2.3,Johnson City,2.3,44.537499999999994,102.43624999999997,1.0,-7.5331079899286975
JUNCTION_ESR1,0.0,1534.8919666666666,0.0,0.0,0.0,0.0,2.455,8.365,1545.7119666666665,JUNCTION_RN,9.9,QBEEP1,Hunt Energy Network,9.9,9.9,Junction (DGR),9.9,589.6374999999999,5837.411249999999,1.0,26.479408430692057
JUNORTH_ESR1,0.0,0.0,0.0,0.0,0.0,0.0,0.0,0.0,0.0,JUNORTH_RN,0.0,QTEN26,Adapture Renewables,9.9,16.0,Junction North BESS,9.9,866.238611111111,8575.76225,1.62,0.0
K0_ESR1,25.70299999999999,23.15494405000001,0.0,35.599,6.734,7.952000000000001,15.535,0.0,114.67794405,BRP_RN_UNIT1,9.9,QSUE74,YSUEZ,,,,9.9,19.39771767676768,192.03740500000004,0.66,59.71646203509153
KEG_ESR1,0.0,-239.97474146666667,0.0,0.0,0.0,0.0,0.0,0.0,-239.97474146666667,KEG_RN,0.0,QEDF27,YSMTX3,,,,0.0,28.205946882217084,0.0,1.43,0.0
KNAPP_ESR1,0.0,0.0,0.0,0.0,0.0,0.0,0.0,0.0,0.0,KNAPP_RN,0.0,QTEN26,YKNAPP,,,,0.0,89.97169745958429,0.0,1.43,0.0
LANTANA_ESR1,291.53,-70.96594166666668,0.0,0.0,0.0,0.0,0.0,0.0,220.5640583333333,LANTANA_RN,9.9,QTEN26,YAGPC2,,,,9.9,35.37276919191918,350.1904149999999,1.87,62.98403636585351
LAURELES_ESR1,147.83599999999998,143.77314335833333,0.0,40.678,90.504,0.0,0.0,54.593,477.38414335833335,LAUR_BESS_RN,9.0,QTEN30,YREGL,,,,9.0,24.274811578947368,218.47330421052632,0.91,218.50914237938844
LBRA_ESS_ESR1,1345.8990000000001,-1624.2867281166668,0.0,171.921,6.327,0.0,571.313,0.0,471.17327188333326,LBRA_BES1,200.0,QSUE48,ENGIE,200.0,200.0,Libra BESS,200.0,28.635,5727.0,1.0,8.22722667859845
LEAKEY_ESR1,0.0,0.0,0.0,0.0,0.0,0.0,0.0,0.0,0.0,LEAKEY_RN,0.0,QTEN30,YRELE,,,,0.0,40.966697459584296,0.0,1.43,0.0
LFSTH_ESR1,0.0,-19.304266666666667,0.0,0.0,0.0,0.0,2.455,6.595,-10.254266666666666,LFSTH_RN,9.9,QBEEP1,Hunt Energy Network,9.9,9.9,Lufkin South BESS (DGR),9.9,25.549999999999997,252.945,1.0,-4.053951122444273
LIGSW_ESR1,0.0,-4.039780875,0.0,0.0,0.0,55.123999999999995,0.0,0.0,51.084219125,LIGSW_RN,9.8,QPROLO,Prologis,9.8,9.5,Liggett Switch BESS,9.8,25.301020408163264,247.95000000000002,0.97,20.602629209518046
LILY_ESR1,439.5079999999999,1127.8679716666666,0.0,0.0,0.0,59.68,0.0,120.21799999999999,1747.2739716666665,LILY_RN,50.0,QENEL5,Enel North America,50.0,72.7,Lily,50.0,36.59148,1829.5739999999998,1.45,95.50168354309072
LK_ESR1,0.0,0.0,0.0,0.0,0.0,0.0,0.0,0.0,0.0,LK_RN,0.0,QPROLO,YESTH5,,,,0.0,30.903897228637415,0.0,1.43,0.0
LMO_ESR1,0.0,377.8044519083335,0.0,0.0,0.0,0.0,0.0,0.0,377.8044519083335,LMO_ESR_RN,100.0,QSHEL2,Key Capture Energy,105.0,226.8,Limousin Oak Storage,105.0,52.26160000000001,5487.468000000001,2.16,6.8848593177825075
LONESTAR_ESR1,0.0,-46.5404,0.0,0.0,0.0,0.0,2.455,8.365,-35.7204,LONESTAR_RN,9.9,QBEEP1,Hunt Energy Network,9.9,9.9,Lonestar,9.9,38.235,378.5265,1.0,-9.436697298603928
LON_ESR1,6901.341,-84.89329867500027,0.0,0.0,416.36,0.0,0.0,1802.01,9034.817701324999,LON_RN1,174.0,QTEN26,Tokyo Gas America,174.0,348.0,Longbow BESS,174.0,35.68750000000001,6209.625000000001,2.0,145.4969938011554
LOPENO_ESR1,50.53099999999998,-40.08242649999997,0.0,68.436,10.209,4.622,6.755,0.0,100.47057350000001,BRP_LOP1_RN,9.9,QSUE74,YSUEZ,,,,9.9,17.27990833333333,171.0710925,0.65,58.73030447853136
LOWR_ESS_ESR1,0.0,574.9890625833333,0.0,0.0,0.0,0.0,0.0,0.0,574.9890625833333,LOWR_ESS_RN,13.0,QEDI10,Ormat,60.0,120.0,Lower Rio BESS,60.0,41.5625,2493.75,2.0,23.057205517126146
LUCKYBLU_ESR1,9837.538,-7070.9021279,0.0,0.0,344.69399999999996,0.0,0.0,1137.194,4248.5238721000005,LUCKYBLU_RN,100.0,QBROO1,YLUCKB,,,,100.0,58.233150990364024,5823.315099036402,1.23,72.95713523733266
LYNX_ESS_ESR1,0.0,-209.27881098333333,0.0,0.0,0.0,0.0,0.0,0.0,-209.27881098333333,LYNX_ESS_RN,20.0,QSU101,YCORBS,,,,20.0,31.226789838337186,624.5357967667437,1.43,-33.509498105117636
LYSSY_ESR1,0.0,0.0,0.0,0.0,0.0,0.0,0.0,0.0,0.0,LYSSY_RN,0.0,QTEN30,YREGLY,,,,0.0,34.916056581986155,0.0,1.43,0.0
L_463S_ESR1,356.21299999999997,-369.9886027333333,0.0,64.454,31.168,0.49000000000000005,2.16,0.0,84.49639726666662,BRP_LOOP_RN,9.9,QSUE74,YSUEZ,,,,9.9,20.340267676767677,201.36865,0.76,41.961048686906636
L_FRESNO_ESR1,0.0,243.1901975083333,0.0,20.389,0.0,0.0,19.846000000000004,95.225,378.65019750833335,L_FRE_ESR_RN,9.9,QTEN24,SMT Energy,10.0,10.0,Los Fresnos (DGR),10.0,26.692500000000003,266.925,1.0,141.85640067746868
MADERO_ESR1,1833.732,3580.1042608499997,0.0,0.0,0.0,0.0,46.479,216.6,5676.91526085,MADERO_RN,100.0,QTEN25,Eolian,100.0,273.0,Madero Grid 1,100.0,51.21355,5121.355,2.73,110.84791546084973
MADERO_ESR2,1833.732,3443.212077975,0.0,0.0,0.0,0.0,46.479,216.6,5540.023077975001,MADERO_RN,100.0,QTEN25,Eolian,100.0,273.0,Madero Grid 1,100.0,51.21355,5121.355,2.73,108.17494741089031
MAGNO_TN_ESR1,32.117000000000004,23.851757883333345,0.0,34.964,11.817,3.817,8.741,0.0,115.30775788333337,BRPMAGNO_RN,9.9,QSUE74,YSUEZ,,,,9.9,12.877378373493976,127.48604589759036,0.63,90.44735607845283
MAINLAND_ESR1,0.0,-14.481233333333332,0.0,0.0,0.0,0.0,2.455,8.365,-3.661233333333332,MAINLAND_RN,9.9,QBEEP1,Hunt Energy Network,9.9,9.9,Mainland BESS (DGR),9.9,20.335,201.31650000000002,1.0,-1.8186454331032635
MAYBERRY_ESR1,0.0,229.9700855583333,0.0,0.0,0.0,0.0,0.0,0.0,229.9700855583333,MYRY_ESR_RN,9.9,QTEN24,SMT Energy,10.0,10.0,Mayberry Bess,10.0,26.715,267.15,1.0,86.08275708715453
MAYBERRY_ESR2,0.0,87.39103464999997,0.0,6.215,0.0,0.0,11.440000000000001,45.425,150.47103464999998,MYRY_BES2_RN,9.9,QTEN24,SMT Energy,9.9,14.5,Mayberry BESS 2,9.9,33.64171717171716,333.0529999999999,1.46,45.17930619150707
MEDILA_ESR1,297.79299999999995,-240.42249999999996,0.0,0.0,0.0,0.0,0.0,0.0,57.37049999999999,MEDILA_RN,9.0,QTEN30,YREGME,,,,9.0,37.469480369515004,337.22532332563503,1.43,17.012512415801375
MEDINA1_ESR1,0.0,0.0,0.0,0.0,0.0,0.0,0.0,0.0,0.0,MEDINA1_RN,0.0,QTEN30,YREMED,,,,0.0,56.470623556582,0.0,1.43,0.0
MESQUITE_ESR1,0.0,74.48355785000001,0.0,0.0,0.0,0.0,0.0,16.225,90.70855785,MESQUITE_RN,9.9,QTEN26,YBESLF,,,,9.9,41.953302474747474,415.3376945,2.03,21.83971237168795
MESQUITE_ESR2,0.0,0.0,0.0,0.0,0.0,0.0,0.0,0.0,0.0,MESQUITE_RN2,0.0,QSYSO,YMSCEC,,,,0.0,33.04146073903003,0.0,1.43,0.0
MIDP_SLR_ESR1,0.0,1411.3188624,0.0,0.0,0.0,0.0,0.0,0.0,1411.3188624,MIDP_SLR_RN,50.9,QTEN26,YMIDPO,,,,50.9,43.30410510805501,2204.17895,1.86,64.02923239966519
MIDWY_ESR1,0.0,54.64570723333334,0.0,0.0,0.0,15.92,11.700000000000001,0.0,82.26570723333334,MIDWY_RN,9.9,QPROLO,Prologis,9.9,9.9,Midway BESS,9.9,37.745,373.6755,1.0,22.015279897486813
MILTON_ESR1,220.87199999999996,-153.414172925,0.0,18.112000000000002,43.464000000000006,10.005000000000003,0.0,73.358,212.39682707499995,MILTON_RN,8.0,QTEN30,YREGMI,,,,8.0,33.795658749999994,270.36526999999995,1.28,78.55921253310382
MNWLE_ESR1,0.0,-30.08977499999997,0.0,0.0,0.0,0.0,2.455,8.365,-19.269774999999967,MNWL_BESS_RN,9.9,QBEEP1,YHENI1,,,,9.9,50.137548989898974,496.36173499999984,0.76,-3.8822039736806007
MOORE_FL_ESR1,34.27733333333333,171.50442547499995,0.0,55.297000000000004,25.68,2.9700000000000006,0.0,0.0,289.72875880833334,MOORE_FL_RN,9.0,QTEN30,REX Storage Holdings,9.9,9.9,Moore Field BESS,9.9,26.71,264.42900000000003,1.0,109.56769446934085
MUENSTER_ESR1,318.387,-92.66489409166668,0.0,41.099000000000004,46.868,0.0,0.0,84.21199999999999,397.9011059083333,MUENSTER_RN,9.9,QTEN30,Excelsior Energy Capital,9.9,12.1,Muenster BESS,9.9,25.474999999999998,252.2025,1.22,157.77048439580628
MUSTNGCK_ESR1,935.5289999999999,1375.5937108333335,0.0,0.0,0.0,27.0,70.0,188.282,2596.4047108333334,MUSTNGCK_ALL,71.0,QENE10,Enel North America,69.3,81.5,Mustang Creek Storage,69.3,28.589310966810967,1981.2392499999999,1.18,131.04952926979078
MU_ESR1,130.906,134.39563338333332,0.0,0.0,0.0,0.0,10.2,117.67599999999999,393.1776333833333,MU_RN,9.9,QTEN26,On.Energy,10.0,19.7,Mustang Bayou BESS,10.0,34.772425,347.72425,1.97,113.0716748640146
MV_VALV4_ESR1,0.0,-14.103341666666665,0.0,0.0,0.0,0.0,2.455,8.365,-3.283341666666665,MV_VALV4_RN,9.9,QBEEP1,Hunt Energy Network,10.0,10.0,Val Verde,10.0,26.694999999999997,266.95,1.0,-1.2299463070487602
MYR_ESR1,0.0,2131.1949455416666,0.0,0.0,0.0,0.0,0.0,0.0,2131.1949455416666,MYR_ALL,76.3,QTOTL5,YTOTAL,,,,76.3,26.64487094885598,2033.0036533977113,1.35,104.82986304426214
MYR_ESR2,0.0,507.66189854999993,0.0,0.0,0.0,0.0,0.0,0.0,507.66189854999993,MYR_ALL,72.9,QTOTL5,YTOTAL,,,,72.9,29.060600627615052,2118.5177857531376,1.52,23.963069933327233
NCO_ESR1,0.0,145.93800008333335,0.0,0.0,0.0,0.0,0.0,0.0,145.93800008333335,NCO_RN,38.8,QSHEL2,Key Capture Energy,50.0,98.0,North Columbia,50.0,36.1265,1806.325,1.96,8.079276989652103
NEDIN_ESR1,0.0,0.0,0.0,0.0,0.0,0.0,0.0,0.0,0.0,NEDIN_RN,0.0,QTEN26,YINFGC,,,,0.0,33.0543013856813,0.0,1.43,0.0
NF_BRP_ESR1,542.2719999999999,-656.570876775,0.0,72.695,1.33,98.498,198.348,0.0,256.5721232249999,NF_BRP_RN,100.5,QSUE74,ENGIE,100.0,110.0,North Fork,100.0,71.63875,7163.875,1.1,3.5814712460086184
NOBLESLR_ESR1,953.15,271.00246014166663,0.0,0.0,0.0,0.0,0.0,62.86,1287.0124601416665,NOBLESLR_ALL,62.5,QNGREN,National Grid Renewables,62.5,62.5,Noble 1,62.5,28.215000000000003,1763.4375000000002,1.0,72.98316272290151
NOBLESLR_ESR2,953.15,474.397170175,0.0,0.0,0.0,0.0,0.0,62.86,1490.407170175,NOBLESLR_ALL,62.5,QNGREN,National Grid Renewables,62.5,62.5,Noble 1,62.5,28.215000000000003,1763.4375000000002,1.0,84.51715301364521
NWF_ESR1,0.0,-195.00646800833334,0.0,0.0,0.0,252.0,0.0,0.0,56.99353199166666,NWF_NWF1,36.0,QDUKER,Duke Energy,36.0,12.6,Notrees,36.0,13.105749999999999,471.80699999999996,0.35,12.079840271904965
N_ALAMO_ESR1,0.0,268.3430971,0.0,0.0,0.0,0.0,0.0,0.0,268.3430971,N_AL_BESS_RN,9.9,QTEN24,SMT Energy,10.0,10.0,North Alamo Bess,10.0,26.69750000000001,266.9750000000001,1.0,100.51244389924148
N_MERCED_ESR1,0.0,257.1531129416666,0.0,0.0,0.0,0.0,0.0,0.0,257.1531129416666,N_MRD_ESR_RN,9.9,QTEN24,SMT Energy,10.0,10.0,North Mercedes BESS (DGR),10.0,26.679999999999996,266.79999999999995,1.0,96.38422524050475
ODESW_ESR1,172.45099999999996,-64.05100660833332,0.0,78.666,16.308,6.257,4.168000000000001,0.0,213.79899339166664,ODESW_RN,9.9,QSUE74,ENGIE,9.9,9.9,Odessa SW (DGR),9.9,38.11,377.289,1.0,56.66716850787239
OLMITO_ESR1,0.0,0.0,0.0,0.0,0.0,0.0,0.0,0.0,0.0,OLMITO_RN,0.0,QTEN26,YAGPC7,,,,0.0,33.04716512702078,0.0,1.43,0.0
OLNEYTN_ESR1,0.0,3065.7205,0.0,0.0,0.0,0.0,2.455,8.365,3076.5404999999996,OLNEYTN_RN,9.9,QBEEP1,Hunt Energy Network,9.9,9.9,Olney (DGR),9.9,480.325,4755.2175,1.0,64.69820781068374
OR_ESR1,0.0,0.0,0.0,0.0,0.0,0.0,0.0,0.0,0.0,OR_BESS_RN,9.9,QCWPE3,YIEPTE,,,,9.9,29.28224018475751,289.89417782909936,1.43,0.0
PAD1_ESS_ESR1,0.0,1085.9825833333332,0.0,27.500000000000004,185.20000000000002,195.96,0.0,0.0,1494.6425833333333,PAD1_ESS_RN,50.0,QCPSE,YCPS,,,,50.0,39.33072,1966.536,1.69,76.00382516940108
PAD2_ESS_ESR2,0.0,0.0,0.0,0.0,0.0,0.0,0.0,0.0,0.0,PAD2_ESS_RN,150.0,QCPSE,YCPS,,,,150.0,35.31713625866051,5297.570438799076,1.43,0.0
PAD3_ESS_ESR3,0.0,-48.92544291666666,0.0,0.0,0.0,0.0,0.0,0.0,-48.92544291666666,RN_PAD3_ESS,0.0,QTEN25,Eolian,51.4,122.0,Padua BESS 1,51.4,56.639182879377444,2911.2540000000004,2.37,-1.6805624970087343
PALACIOS_ESR1,408.13800000000003,-368.35232499166665,0.0,0.0,0.0,6.193999999999999,0.0,0.0,45.97967500833339,PALACIOS_RN,7.0,QTEN30,REX Storage Holdings,9.9,9.9,Regis Palacios BESS,9.9,25.317500000000003,250.64325000000002,1.0,18.344669169560078
PALE_ESS_ESR1,2068.1950000000006,1899.542262958333,0.0,767.232,518.883,325.52,149.722,569.6,6298.694262958334,PALE_ESS_EN,200.0,QSUE74,ENGIE,200.8,212.5,Paleo BESS,200.8,45.55777016932271,9148.000250000001,1.06,68.85323667277264
PALMVIEW_ESR1,0.0,0.0,0.0,0.0,0.0,0.0,0.0,0.0,0.0,,,,,,,,,0.0,0.0,0.38,0.0
PAULN_ESR1,0.0,-6.193775,0.0,0.0,0.0,0.0,2.455,8.365,4.626225000000001,PAULN_RN,9.9,QBEEP1,Hunt Energy Network,9.9,9.9,Pauline BESS (DGR),9.9,25.6875,254.30625,1.0,1.8191550541915507
PAVLOV_ESR1,0.0,-5.427775,0.0,0.0,0.0,0.0,2.455,8.365,5.392225000000001,PAVLOV_BT_RN,9.9,QBEEP1,Hunt Energy Network,9.9,9.9,Pavlov BESS,9.9,24.667499999999997,244.20824999999996,1.0,2.2080437495457264
PAVO_ESS_ESR1,2362.619,-205.5820121666668,0.0,645.172,336.391,44.329,12.727,52.5,3248.1559878333333,PAVO_ESS_ALL,87.5,QSUE74,ENGIE,86.5,87.5,Pavo BESS 1,86.5,40.55069364161851,3507.635000000001,1.01,92.6024511624879
PAVO_ESS_ESR2,2367.1670000000004,196.11459784166647,0.0,542.914,281.401,36.975,28.302,0.0,3452.873597841667,PAVO_ESS_ALL,87.5,QSUE74,ENGIE,86.5,87.5,Pavo BESS 1,86.5,40.55069364161851,3507.635000000001,1.01,98.43879416876801
PEARSALL_ESR1,64.484,421.0301153583333,0.0,11.736,0.0,0.0,0.0,40.56,537.8101153583333,PEARSALL_RN,9.9,QTEN26,YSUNSE,,,,9.9,33.06151818181817,327.3090299999999,1.39,164.31264220187677
PHO_ESR1,1555.273,3072.5439352416665,0.0,0.0,0.0,40.5,140.0,1023.1,5831.416935241667,PHO_ALL,150.0,QENE15,Enel North America,150.0,232.0,Photon BESS 1,150.0,37.74913333333334,5662.370000000001,1.55,102.98544487982358
PHO_ESR2,1550.1629999999998,2932.4689084166657,0.0,0.0,0.0,40.5,140.0,1023.1,5686.231908416666,PHO_ALL,150.0,QENE15,Enel North America,150.0,232.0,Photon BESS 1,150.0,37.74913333333334,5662.370000000001,1.55,100.42141203094579
PINEFRST_ESR1,5838.866,3017.2438073083326,0.0,0.0,460.0,0.0,0.0,1435.939,10752.048807308332,PINEFRST_RN,200.0,QTEN21,YPFHYB,,,,200.0,33.78758906,6757.517812,1.24,159.11240053581278
PIN_BESS_ESR1,0.0,-1277.8529434499999,0.0,0.0,0.0,0.0,0.0,0.0,-1277.8529434499999,PIN_BESS_RN,0.0,QTEN34,YPINTP,,,,0.0,34.36265011547345,0.0,1.43,0.0
PIRATE_ESR1,287.74699999999996,-288.06261456666664,0.0,13.406,57.0,4.32,0.0,92.46000000000001,166.87038543333333,PIRATE_RN,5.0,QTEN30,YREGSI,,,,5.0,34.048256351039264,170.24128175519633,1.43,98.0199301326277
PLATINUM_ESR1,3475.192000000001,1738.3830337833333,0.0,163.078,128.856,182.764,121.691,528.4960000000001,6338.460033783334,PLATINUM_RN,148.3,QSUE80,YSUEZ,,,,148.3,48.966401552596096,7261.717350250002,1.82,87.28596457372605
PLATINUM_ESR2,4006.0430000000006,894.6891671666667,0.0,186.522,168.97400000000002,169.481,119.63,593.962,6139.301167166666,PLATINUM_RN,151.7,QSUE80,YSUEZ,,,,151.7,46.365690573500345,7033.675260000002,1.71,87.28439884167562
POTEETS_ESR1,0.0,-18.601008333333333,0.0,0.0,0.0,0.0,2.455,8.365,-7.781008333333334,POTEETS_RN,9.9,QBEEP1,YHENI1,,,,9.9,34.17303695150116,338.3130658198615,1.43,-2.299943194471956
PRCRK_ESR1,0.0,-40.259181925,0.0,0.0,0.0,0.0,0.0,0.0,-40.259181925,PRCRK_RN,9.9,QTEN24,SMT Energy,9.9,15.0,Prairie Creek BESS,9.9,38.20901515151515,378.26925000000006,1.52,-10.64299620574498
PRTLAVS_ESR1,0.0,-6.096973333333333,0.0,0.0,0.0,0.0,0.0,0.0,-6.096973333333333,PTLBES_BESS1,6.0,QSTEC3,Key Capture Energy,9.9,11.9,Port Lavaca (DGR),9.9,29.807626262626258,295.09549999999996,1.2,-2.0661017647959166
PUEBLO_ESR1,77.854,69.52238166666667,0.0,35.553,0.988,10.092,9.082,0.0,203.09138166666668,BRP_PBL1_RN,9.9,QSUE74,YSUEZ,,,,9.9,19.613968686868688,194.17829,0.69,104.59015869728108
PUEBLO_ESR2,77.854,38.784885833333334,0.0,35.728,0.988,10.022,8.952,0.0,172.32888583333332,BRP_PBL2_RN,9.9,QSUE74,ENGIE,19.8,20.0,Pueblo 1 (DGR),19.8,28.541792929292935,565.1275000000002,1.01,30.493806412417246
PYOTE_ESR1,0.0,208.1985283,0.0,0.0,0.0,4.642,0.0,12.44,225.2805283,SWOOSE1_U1,9.9,QJPEM,Jupiter Power,9.9,19.8,Swoose (DGR),9.9,73.05499999999999,723.2444999999999,2.0,31.148598890140196
PYR_ESR1,0.0,-3.5352613749999997,0.0,0.0,0.0,0.0,0.0,0.0,-3.5352613749999997,PYR_PYRON1,0.0,QECNR,RWE,13.299999999999999,13.299999999999999,Pyron,13.299999999999999,33.4975,445.51675,1.0,-0.7935192952902443
PYR_ESR2,0.0,209.11646935833332,0.0,0.0,0.0,76.21,0.0,0.0,285.3264693583333,PYR_PYRON1,15.1,QECNR,RWE,13.299999999999999,13.299999999999999,Pyron,13.299999999999999,33.4975,445.51675,1.0,64.04393759793169
PYR_ESR3,0.0,249.71959714166664,0.0,0.0,0.0,68.707,0.0,0.0,318.42659714166666,PYR_PYRON1,15.1,QECNR,RWE,13.299999999999999,13.299999999999999,Pyron,13.299999999999999,33.4975,445.51675,1.0,71.47354103783229
QTUM_SLR_ESR1,0.0,-59.399931466666665,0.0,0.0,0.0,0.0,0.0,0.0,-59.399931466666665,RN_QTUM_SLR,160.0,QTEN33,YIPQB2,,,,160.0,50.05065242494227,8008.104387990763,1.43,-0.7417477169221833
QTUM_SLR_ESR2,0.0,-64.886123375,0.0,0.0,0.0,0.0,0.0,0.0,-64.886123375,RN_QTUM_SLR,160.0,QTEN33,YIPQB2,,,,160.0,50.05065242494227,8008.104387990763,1.43,-0.8102557138529004
QUEEN_BA_ESR1,342.502,-272.95056465833335,0.0,0.0,0.0,0.0,90.05,0.0,159.60143534166667,QUEEN_BA_RN,50.0,QENEL2,YENELT,,,,50.0,58.5969714,2929.84857,1.54,5.44742950116588
RADN_SLR_ESR1,-557.4929999999999,2775.8543408166665,0.0,0.0,290.685,89.671,235.70300000000003,1491.69,4326.110340816666,RADN_SLR_ALL,78.1,QIPRAD,YIPXP,,,,78.1,65.77486355313702,5137.016843500001,1.85,84.21444726798208
RADN_SLR_ESR2,-584.7,2716.247011133333,0.0,0.0,265.103,102.499,253.456,1491.69,4244.295011133334,RADN_SLR_ALL,81.9,QIPRAD,YIPXP,,,,81.9,65.28734840659341,5347.033834500001,1.84,79.3766252936048
RBN_ESR1,1154.2259999999999,-25.30576133333348,0.0,58.825,3.04,112.302,181.68900000000002,350.709,1835.4852386666664,RBN_BESS1,100.0,QTEN19,Cypress Creek Renewables,101.6,150.0,River Bend,101.6,29.6182874015748,3009.2179999999994,1.48,60.995422686779975
RHA_ESR1,0.0,-5810.976509474999,0.0,0.0,0.0,0.0,0.0,0.0,-5810.976509474999,RN_RHN_ESR,0.0,QTEN19,YDESTS,,,,0.0,24.541765168749986,0.0,1.06,0.0
RIO_GRAN_ESR1,0.0,288.51070247499996,0.0,37.98,0.0,0.0,0.0,23.525,350.01570247499996,RIOG_ESR_RN,9.9,QTEN24,SMT Energy,10.0,10.0,Rio Grande City BESS (DGR),10.0,26.737499999999994,267.37499999999994,1.0,130.90816361851333
RIO_GRAN_ESR2,0.0,-7.824434166666666,0.0,0.0,0.0,0.0,0.0,0.0,-7.824434166666666,RIOG_ESR2_RN,0.0,QPROLO,Prologis,9.9,22.4,Rio Grande City BESS 2,9.9,45.16411616161614,447.12474999999984,2.26,-1.7499443201626992
ROSELAND_ESR1,643.683,1204.239771666667,0.0,0.0,0.0,13.5,40.0,193.62300000000002,2095.045771666667,ROSELAND_ALL,50.0,QENEL9,Enel North America,56.3,82.0,Roseland,56.3,40.49237122557727,2279.7205000000004,1.46,91.89923815953169
RPUBRDS_ESR1,0.0,-316.28299326666667,0.0,0.0,0.0,0.0,0.0,0.0,-316.28299326666667,RPUBRDS_RN,39.5,QSHEL2,Key Capture Energy,50.0,99.0,Republic Road,50.0,43.08985,2154.4925,1.98,-14.680162185139503
RRANCHES_ESR1,0.0,3950.9338894666666,0.0,0.0,0.0,0.0,0.0,0.0,3950.9338894666666,RRANCHES_ALL,150.0,QSUE51,Plus Power,150.0,300.0,Rodeo Ranch Energy Storage U1,150.0,73.3175,10997.625,2.0,35.92533742027635
RRANCHES_ESR2,0.0,3836.8021979083333,0.0,0.0,0.0,0.0,0.0,0.0,3836.8021979083333,RRANCHES_ALL,150.0,QSUE51,Plus Power,150.0,300.0,Rodeo Ranch Energy Storage U1,150.0,73.3175,10997.625,2.0,34.88755252073364
RRC_WIND_ESR1,0.0,-144.5194520416667,0.0,0.0,0.0,0.0,0.0,0.0,-144.5194520416667,RRC_WIND_ALL,52.0,QFPL35,YNEXTE,,,,52.0,49.81870669745958,2590.572748267898,1.43,-5.5786679659274165
RRC_WIND_ESR2,0.0,-106.13210220000002,0.0,0.0,0.0,0.0,0.0,0.0,-106.13210220000002,RRC_WIND_ALL,52.0,QFPL35,YNEXTE,,,,52.0,49.81870669745958,2590.572748267898,1.43,-4.096858591250208
RTLSNAKE_ESR1,0.0,-48.964925,0.0,0.0,0.0,0.0,2.455,8.07,-38.439925,RTLSNAKE_BT,9.9,QBEEP1,Hunt Energy Network,9.9,9.9,Rattlesnake (DGR),9.9,38.287499999999994,379.04624999999993,1.0,-10.141222871879094
RUSSEKST_ESR1,0.0,120.11417500000003,0.0,0.0,0.0,0.0,2.455,8.365,130.93417500000004,RUSSEKST_RN,9.9,QBEEP1,Hunt Energy Network,9.9,10.8,Russek Street BESS,9.9,64.55909090909091,639.1350000000001,1.09,20.486153160130492
RVN_ESR1,0.0,0.0,0.0,0.0,0.0,0.0,0.0,0.0,0.0,RVN_RN,0.0,QTEN26,,,,,0.0,35.301732101616636,0.0,1.43,0.0
RVRVLYS_ESR1,0.0,1471.4412448666665,0.0,0.0,0.0,0.0,0.0,0.0,1471.4412448666665,RVRVLYS_ALL,50.0,QSHEL2,Key Capture Energy,50.0,99.5,River Valley 1,50.0,63.84590000000001,3192.2950000000005,1.99,46.0935234640491
RVRVLYS_ESR2,0.0,1525.1825190916663,0.0,0.0,0.0,0.0,0.0,0.0,1525.1825190916663,RVRVLYS_ALL,50.0,QSHEL2,Key Capture Energy,50.0,99.5,River Valley 1,50.0,63.84590000000001,3192.2950000000005,1.99,47.77699175958569
SADLBACK_ESR1,0.0,-51.933775,0.0,0.0,0.0,0.0,2.455,8.07,-41.408775,SADLBACK_RN,9.9,QBEEP1,Hunt Energy Network,9.9,9.9,Saddleback (DGR),9.9,38.54,381.546,1.0,-10.852891918667735
SAH_ESR1,0.0,-11873.053718475001,0.0,0.0,0.0,0.0,0.0,0.0,-11873.053718475001,SAH_RN,200.0,QGFEN,YESTH2,,,,200.0,44.16198522875,8832.39704575,2.67,-134.426177366971
SAH_ESR2,0.0,-11982.658637308334,0.0,0.0,0.0,0.0,0.0,0.0,-11982.658637308334,SAH_RN,200.0,QGFEN,YESTH2,,,,200.0,44.06168923625,8812.337847249999,2.67,-135.97593334494857
SANDLAKE_ESR1,0.0,-40.24143333333333,0.0,0.0,0.0,0.0,2.455,8.365,-29.421433333333333,SANDLAKE_RN,9.9,QBEEP1,Hunt Energy Network,9.9,9.9,Sandlake BESS,9.9,46.41,459.459,1.0,-6.4034948348673835
SBEAN_ESR1,0.0,-44.504016666666665,0.0,0.0,0.0,0.0,2.455,8.07,-33.979016666666666,SBEAN_BESS,9.9,QBEEP1,Hunt Energy Network,9.9,9.9,Screwbean (DGR),9.9,38.285,379.0215,1.0,-8.964931189039847
SEVNF_ES_ESR1,0.0,4101.295709199999,0.0,0.0,0.0,0.0,0.0,0.0,4101.295709199999,SEVNF_ES_RN,100.0,QTEN37,YSEVFL,,,,100.0,39.4615,3946.15,1.76,103.93157151147317
SE_EDINB_ESR1,0.0,0.0,0.0,0.0,0.0,0.0,0.0,0.0,0.0,,,,,,,,,0.0,0.0,0.43,0.0
SGAL_BES_ESR1,0.0,2045.856925933333,0.0,0.0,0.0,39.482,12.9,167.264,2265.5029259333332,SG_BES_BESS1,98.1,QJPEM,Jupiter Power,103.5,201.5,St. Gall 2 Energy Storage,103.5,73.2030072463768,7576.511249999999,1.95,29.90166385529136
SGAL_BES_ESR2,0.0,2899.243340725,0.0,0.0,0.0,39.482,12.9,167.264,3118.8893407250002,SG_BES_BESS1,100.0,QJPEM2,Jupiter Power,103.5,201.5,St. Gall 2 Energy Storage,103.5,73.2030072463768,7576.511249999999,1.95,41.16524397327333
SGSA_ESR1,0.0,523.7566958333333,0.0,0.0,0.0,0.0,0.0,0.0,523.7566958333333,SGSA_DGR,9.9,QAMA1,NW Group,9.9,20.0,Saragosa (DGR),9.9,74.91396464646465,741.6482500000001,2.02,70.62063395057336
SHAMROCK_ESR1,0.0,269.50212602500005,0.0,0.0,0.0,0.0,0.0,0.0,269.50212602500005,SHAMROCK_RN,99.3,QFPL40,NextEra Energy Resources,99.3,259.9,Shamrock Energy Storage (SLF),99.3,93.69519385699898,9303.932749999998,2.62,2.896647399187189
SHEEPCRK_ESR1,2361.0909999999994,1060.4608371833333,0.0,451.13,275.568,107.14099999999999,158.683,80.69999999999999,4494.773837183332,SHEEPCRK_1,135.0,QSUE70,ENGIE,142.0,183.0,Sheep Creek Storage,142.0,45.03459507042253,6394.912499999999,1.29,70.28671365219355
SLCNHLS_ESR1,0.0,-26.94728848333333,0.0,0.0,0.0,0.0,0.0,0.0,-26.94728848333333,SLCN_ESS_ALL,50.0,QSHEL2,Key Capture Energy,50.0,99.0,Silicon Hill 1,50.0,72.15129999999999,3607.5649999999996,1.98,-0.7469661248884867
SLCNHLS_ESR2,0.0,1441.2723477916668,0.0,0.0,0.0,0.0,0.0,0.0,1441.2723477916668,SLCN_ESS_ALL,47.9,QSHEL2,Key Capture Energy,50.0,99.0,Silicon Hill 1,50.0,72.15129999999999,3607.5649999999996,1.98,39.951389588037
SLK_BESS_ESR1,0.0,0.0,0.0,0.0,0.0,0.0,0.0,0.0,0.0,SLK_BESS_RN,0.0,QTEN34,YMENTB,,,,0.0,55.25317551963049,0.0,1.43,0.0
SMTH_ESS_ESR1,-4855.0,6658.384313916666,0.0,0.0,0.0,54.127,704.909,1280.176,3842.5963139166656,SMTH_ESS_RN,125.0,QSUE77,YBTSMS,,,,125.0,36.76098863999999,4595.123579999999,1.48,83.62335086354015
SOLC_SLR_ESR1,0.0,-38.31308069166666,0.0,0.0,0.0,0.0,0.0,0.0,-38.31308069166666,RN_SOLC_SLR,160.0,QTEN33,YIPQB,,,,160.0,52.389526558891454,8382.324249422632,1.43,-0.45706989555200794
SOLC_SLR_ESR2,0.0,0.0,0.0,0.0,0.0,0.0,0.0,0.0,0.0,RN_SOLC_SLR,160.0,QTEN33,YIPQB,,,,160.0,52.389526558891454,8382.324249422632,1.43,0.0
SPTX12B_ESR1,0.0,683.9746196166666,0.0,0.0,0.0,0.0,39.15,0.0,723.1246196166666,SPTX12B_RN,24.9,QEDIS9,Ormat,25.1,25.1,SP TX-12B,25.1,40.2025,1009.08275,1.0,71.6615777662106
SP_ESR1,-30.51299999999999,136.015785,0.0,0.0,0.0,0.0,1.0,310.668,417.170785,SP_RN,8.0,QTEN26,On.Energy,9.9,20.0,Spencer BESS,9.9,37.55843434343434,371.8285,2.02,112.19440817473647
STADIUM_ESR1,0.0,107.52644076666665,0.0,0.0,0.0,0.0,0.0,34.265,141.79144076666665,STADIUM_RN,9.9,QTEN26,YBESST,,,,9.9,39.04212323232322,386.5170199999999,1.95,36.68439769267255
STAM_SLR_ESR1,1469.3719999999998,666.2338265666668,0.0,0.0,0.0,27.0,76.0,306.413,2545.0188265666666,STAM_SLR_ALL,70.0,QENE12,Enel North America,71.5,112.0,Stampede BESS,71.5,42.71674825174825,3054.2475,1.57,83.3271968485418
STRG_SLR_ESR1,0.0,419.6860087666667,0.0,0.0,0.0,0.0,0.0,0.0,419.6860087666667,STRG_SLR_ALL,100.0,QECNR,YEONCR,,,,100.0,27.724214110795455,2772.4214110795456,1.03,15.137886581363775
SUNVASLR_ESR1,782.912,-73.77887052500002,0.0,92.504,10.533999999999999,0.0,100.28,0.0,912.451129475,SUNVASLR_ALL,53.3,QSUE38,ENGIE,50.7,50.0,Sun Valley Bess 1,50.7,27.571499013806708,1397.8750000000002,0.99,65.274157523026
SUNVASLR_ESR2,-741.5841666666666,724.386884175,0.0,70.01299999999999,452.709,0.0,163.09,0.0,668.6147175083333,SUNVASLR_ALL,46.7,QSUE38,ENGIE,50.7,50.0,Sun Valley Bess 1,50.7,27.571499013806708,1397.8750000000002,0.99,47.830794420698076
SWEENY_ESR1,328.767,-253.68619956666666,0.0,64.454,31.05,0.49000000000000005,2.16,0.0,173.23480043333333,BRP_SWNY_RN,9.9,QSUE74,YSUEZ,,,,9.9,19.899136363636366,197.00145000000003,0.91,87.93579967727815
SWOOSEII_ESR1,0.0,1521.2296818166665,0.0,0.0,0.0,0.0,34.5,1308.5,2864.2296818166665,SWOOSEII_RN,100.0,QMEA5,Jupiter Power,101.0,204.8,Swoose 2,101.0,73.79346534653465,7453.139999999999,2.03,38.42983872323164
SWTWR_ESR1,0.0,214.8831025,0.0,0.0,0.0,0.0,37.3,331.35,583.5331025,SWT_BESS_RN,9.9,QTEN26,YSWTWA,,,,9.9,65.83317969999999,651.7484790299999,2.33,89.5334812853687
S_SNROSA_ESR1,0.0,229.83035314999998,0.0,0.0,0.0,0.0,0.0,0.0,229.83035314999998,SROSA_ESR_RN,9.9,QTEN24,SMT Energy,10.0,10.0,Santa Rosa (DGR),10.0,26.657500000000002,266.57500000000005,1.0,86.2160191878458
TANZ_ESS_ESR1,0.0,-4032.4351836999995,0.0,0.0,0.0,0.0,0.0,0.0,-4032.4351836999995,TANZ_ESS_RN,0.0,QSUE99,ENGIE,132.9,257.0,Tanzanite Storage U1,132.9,48.20227802859293,6406.0827500000005,1.93,-62.9469730733653
TANZ_ESS_ESR2,0.0,-2436.218220725,0.0,0.0,0.0,0.0,0.0,0.0,-2436.218220725,TANZ_ESS_RN,0.0,QSUE99,ENGIE,132.9,257.0,Tanzanite Storage U1,132.9,48.20227802859293,6406.0827500000005,1.93,-38.0297650810864
TBWF_ESS_ESR1,0.0,-556.7758333333334,0.0,0.0,0.0,0.0,0.0,0.0,-556.7758333333334,TBWF_ES_BES1,150.0,QTEN29,Spearmint Energy,150.0,300.0,Timberwolf Bess,150.0,76.2825,11442.375,2.0,-4.86591143301398
TDWLPR_1_ESR1,0.0,6539.344496899999,0.0,0.0,0.0,0.0,34.5,1308.5,7882.344496899999,TDWLPR_1_RN,100.0,QMEA6,Jupiter Power,102.0,200.0,Tidwell Prairie Storage U1,102.0,49.09019607843138,5007.200000000001,1.96,157.420204843026
TDWLPR_1_ESR2,0.0,6418.010211416667,0.0,0.0,0.0,0.0,34.5,1308.5,7761.010211416667,TDWLPR_1_RN,100.0,QMEA6,Jupiter Power,102.0,200.0,Tidwell Prairie Storage U1,102.0,49.09019607843138,5007.200000000001,1.96,154.99700853604142
TNFS_ESR1,0.0,174.06973994999996,0.0,0.0,0.0,0.0,0.0,0.0,174.06973994999996,TNFS_RN,9.9,QSYSO,YFTSCE,,,,9.9,69.22162459595958,685.2940834999999,1.83,25.400735850654687
TORR_ESR1,0.0,-28.602908333333332,0.0,0.0,0.0,0.0,0.0,0.0,-28.602908333333332,TORR_ALL,0.0,QFPL33,YNEXTE,,,,0.0,33.739064665127025,0.0,1.43,0.0
TORT_ESS_ESR1,590.3,-220.4080306583332,0.0,55.739,11.632,48.933,95.089,0.0,581.2849693416667,TORT_ESS_RN,50.0,QSUE74,YSUEZ,,,,50.0,15.565797450000005,778.2898725000002,0.74,74.68746412881873
TSECA_ES_ESR1,0.0,1485.8870096166668,0.0,0.0,0.0,0.0,0.0,0.0,1485.8870096166668,TSECA_ES_RN,100.0,QTEN36,YTIERS,,,,100.0,84.54602500000001,8454.6025,1.93,17.574889057370427
TURQBESS_ESR1,2695.553,2094.093453208334,0.0,0.0,0.0,238.829,616.754,970.595,6615.824453208334,TURQ_BESS1,188.0,QHEI3,YBTCUN,,,,188.0,45.437758094736836,8542.298521810526,1.81,77.44782550406727
TV_ESR1,104.297,168.122602675,0.0,38.952,89.16000000000001,2.9700000000000006,0.0,191.684,595.185602675,TV_RN,9.8,QAETE1,Agilitas Energy,9.9,21.0,Telview BESS,9.9,36.3734090909091,360.0967500000001,2.12,165.28491375581697
TYNAN_ESR1,0.0,-13.961433333333332,0.0,0.0,0.0,0.0,2.455,8.365,-3.1414333333333317,TYNAN_RN,9.9,QBEEP1,Hunt Energy Network,9.9,10.8,Tynan BESS,9.9,28.32568181818182,280.42425000000003,1.09,-1.1202431078386876
UTOPIA_ESR1,423.419,-285.5517332083333,0.0,0.0,0.0,0.0,0.0,0.0,137.86726679166668,UTOPIA_RN,7.0,QTEN30,YREGUT,,,,7.0,34.73196186666667,243.12373306666672,1.17,56.706626314372286
VERT_ESS_ESR1,0.0,-4424.113352191666,0.0,0.0,0.0,0.0,0.0,0.0,-4424.113352191666,VERT_ESS_RN,200.0,QNRGTX,YNRGTX,,,,200.0,27.809675099206355,5561.935019841271,1.5,-79.54270117161354
VORTEX_ESR1,575.218,5445.506444166666,0.0,0.0,0.0,44.550000000000004,120.0,606.011,6791.285444166666,VORT_ALL_RN,121.8,QENEL8,Enel North America,121.8,180.0,Azure Sky Wind,121.8,51.374064039408864,6257.361,1.48,108.53274158493758
WAL_ESR1,-4881.96,4141.960206466666,0.0,0.0,0.0,86.587,1127.879,3043.5119999999997,3517.9782064666656,WAL_RN,200.0,QSUE92,Tesla,200.0,400.0,Walstrom BESS,200.0,39.21000000000001,7842.000000000002,2.0,44.860726937855965
WCOLLOCL_ESR1,0.0,-14.507475175,0.0,0.0,0.0,14.742999999999999,22.594,0.0,22.829524825,BSS_U1,9.9,QHABIT,YGLIDE,,,,9.9,28.221847575057744,279.39629099307166,1.43,8.171019287283995
WEIL_TRC_ESR1,0.0,-45.90479166666667,0.0,0.0,0.0,0.0,2.455,8.365,-35.08479166666667,WLTC_ESR_RN,9.9,QBEEP1,Hunt Energy Network,9.9,10.8,Weil Tract BESS,9.9,25.33409090909091,250.80750000000003,1.09,-13.988733058886464
WFTANK_ESR1,0.0,1090.1008950999992,0.0,0.0,0.0,0.0,192.45,100.15,1382.7008950999993,WFTANK_ESS1,150.0,QTEN28,Aypa Power,155.0,173.0,Wolf Tank,155.0,28.895548387096778,4478.81,1.12,30.872059656471233
WIG_ESS_ESR1,1156.5700000000002,1296.7802475,0.0,0.0,0.0,191.847,308.745,550.55,3504.4922475000003,WIG_BESS_RN,120.0,QHEI1,UBS Asset Management,122.9,174.0,Wigeon Whistle BESS,122.9,35.72314483319772,4390.3745,1.42,79.82217114963656
WORSHAM_ESR1,0.0,-17.006969708333333,0.0,0.0,0.0,0.0,0.0,0.0,-17.006969708333333,WRSBES_BESS1,9.7,QSHEL2,Key Capture Energy,9.9,17.9,Worsham (DGR),9.9,66.60608585858584,659.4002499999999,1.81,-2.5791573036760806
WOVER_ESR1,0.0,-36.647146666666664,0.0,0.0,0.0,0.0,74.6,0.0,37.95285333333333,WOV_BESS_RN,9.9,QTEN26,Gore Street Energy Storage Fund,9.9,20.0,Westover (DGR),9.9,72.6789393939394,719.5215000000001,2.02,5.2747351306852295
WR_ESR1,49.831999999999994,22.006408999999998,0.0,32.968,44.117,12.704,0.0,212.436,374.063409,WR_RN,9.9,QAETEL,YIEYES,,,,9.9,5.988450000000004,59.28565500000004,0.26,630.9509593846938
WZRD_ESS_ESR1,0.0,870.5993468833334,0.0,0.0,0.0,0.0,0.0,0.0,870.5993468833334,WZRD_ESS_RN,138.0,QTEN26,YWIZAR,,,,138.0,6.288220273550726,867.7743977500002,0.31,100.32553958040913
W_HARLIN_ESR1,0.0,61.23407494166666,0.0,0.0,0.0,0.0,11.440000000000001,31.125,103.79907494166666,W_HRL_ESR_RN,9.9,QTEN24,YSMTTX,,,,9.9,28.923722500000004,286.34485275000003,1.15,36.249673756940496
X4_ESR1,0.0,126.91021825,0.0,0.0,0.0,0.0,0.0,0.0,126.91021825,X443ESRN,10.0,QCPSE,CPS Energy,10.0,10.0,Commerce St (DGR),10.0,28.4425,284.425,1.0,44.6199237936187
Z0_ESR1,466.8539999999999,-692.8119132083333,0.0,0.0,0.0,0.0,0.0,0.0,-225.95791320833337,Z0_DGR2_RN,9.9,QTEN26,YBEXCO,,,,9.9,33.99065025252525,336.5074375,1.33,-67.14797000833997
ZAPATA_ESR1,55.89499999999998,-9.956639999999998,0.0,29.929000000000002,12.693000000000001,10.576,6.257,0.0,105.39336,BRP_ZPT1_RN,9.9,QSUE74,YBRPIN,,,,9.9,12.228263636363641,121.05981000000006,0.46,87.05891740619778
ZAPATA_ESR2,37.77499999999999,-23.770946666666653,0.0,40.50600000000001,10.379000000000001,4.986000000000001,6.259,0.0,76.13405333333336,BRP_ZPT2_RN,9.9,QSUE74,ENGIE,19.8,20.0,Zapata 1 (DGR),19.8,26.94904040404041,533.5910000000001,1.01,14.268241655750066
ZIER_SLR_ESR1,80.809,2064.9274101916667,0.0,112.06800000000001,51.0,70.67500000000001,7.65,448.321,2835.4504101916673,ZIER_SLR_ALL,40.0,QTEN19,Cypress Creek Renewables,40.1,78.0,Zier Storage U1,40.1,77.60109725685786,3111.804,1.95,91.11918392648339
