OBJECTID,OBJECTNAME,OBJECTTYPE,ZONE,SUBTYPE
10000698380,HB_BUSAVG,price_node,,HUB
10000697077,HB_HOUSTON,price_node,HOUSTON,HUB
10000698382,HB_HUBAVG,price_node,,HUB
10001861846,HB_K,lmpbus_node,,
10001856794,HB_KC,lmpbus_node,,
10001855542,HB_KG,lmpbus_node,,
10001856795,HB_KV,lmpbus_node,,
10001859265,HB_KX,lmpbus_node,,
10000697078,HB_NORTH,price_node,NORTH,HUB
10015999590,HB_PAN,price_node,WEST,HUB
10000697079,HB_SOUTH,price_node,SOUTH,HUB
10001859266,HB_T4HS,lmpbus_node,,
10000697080,HB_WEST,price_node,WEST,HUB
